match_id,side,minute,player_in,player_out,reason
4635311,adv,38,Ismaëlo Ganiou,Kyllian Antonio,Blessure
4635311,adv,45,Ruben Aguilar,Saud Abdulhamid,Tactique
4635311,adv,45,Matthieu Udol,Malang Sarr,Tactique
4635311,ol,45,Hans Hateboer,Ainsley Maitland-Niles,Tactique
4635311,ol,45,Roman Yaremchuk,Ruben Kluivert,Tactique
4635311,adv,60,Abdallah Sima,Florian Thauvin,Tactique
4635311,adv,60,Adrien Thomasson,Amadou Haidara,Tactique
4635311,ol,70,Ernest Nuamah,Orel Mangala,Tactique
4635311,ol,70,Malick Fofana,Endrick,Tactique
4635296,adv,59,Warren Kamanzi,Dayann Méthalie,Blessure
4635296,adv,60,Emersonn,Jacen Russell-Rowe,Tactique
4635296,adv,60,Pape Demba Diop,Alexis Vossah,Tactique
4635296,ol,66,Pavel Sulc,Khalis Merah,Tactique
4635296,adv,81,Djibril Sidibé,Santiago Hidalgo,Tactique
4635296,ol,82,Noah Nartey,Tyler Morton,Tactique
4635296,ol,82,Ernest Nuamah,Roman Yaremchuk,Tactique
4635296,ol,88,Malick Fofana,Ainsley Maitland-Niles,Tactique
4635296,adv,1,Seny Koumbassa,Yann Gboho,Tactique
4635290,adv,69,Ludovic Blas,Sebastian Szymanski,Tactique
4635290,ol,69,Pavel Sulc,Roman Yaremchuk,Tactique
4635290,adv,70,Mahamadou Nagida,Alidu Seidu,Tactique
4635290,ol,83,Ruben Kluivert,Tyler Morton,Blessure
4635290,ol,83,Ernest Nuamah,Endrick,Tactique
4635290,ol,83,Mathys de Carvalho,Khalis Merah,Tactique
4635290,adv,86,Djaoui Cissé,Mahdi Camara,Tactique
4635290,adv,86,Nordan Mukiele,Mousa Al-Tamari,Tactique
4635290,adv,86,Yassir Zabiri,Estéban Lepaul,Tactique
4635290,ol,3,Noah Nartey,Abner,Tactique
4635281,ol,33,Tanner Tessmann,Orel Mangala,Blessure
4635281,ol,57,Corentin Tolisso,Khalis Merah,Tactique
4635281,ol,57,Pavel Sulc,Tyler Morton,Tactique
4635281,adv,58,Lamine Sy,Marvin Senaya,Tactique
4635281,adv,58,Clément Akpa,Fredrik Oppegård,Blessure
4635281,adv,74,Naouirou Ahamada,Romain Faivre,Tactique
4635281,adv,74,Sékou Mara,Danny Namaso,Tactique
4635281,adv,74,Josué Casimir,Lassine Sinayoko,Tactique
4635281,ol,76,Nicolás Tagliafico,Roman Yaremchuk,Tactique
4635281,ol,76,Ruben Kluivert,Endrick,Tactique
4635275,adv,38,Warren Zaïre-Emery,Vitinha,Blessure
4635275,adv,58,Ousmane Dembélé,Gonçalo Ramos,Tactique
4635275,adv,58,Khvicha Kvaratskhelia,Désiré Doué,Tactique
4635275,adv,58,Kang-in Lee,Senny Mayulu,Tactique
4635275,ol,59,Hans Hateboer,Ruben Kluivert,Tactique
4635275,adv,71,Fabián Ruiz,Bradley Barcola,Tactique
4635275,ol,78,Adam Karabec,Endrick,Tactique
4635275,ol,78,Tanner Tessmann,Orel Mangala,Tactique
4635275,ol,84,Noham Kamara,Khalis Merah,Blessure
4635259,adv,22,Panos Katseris,Théo Le Bris,Blessure
4635259,ol,45,Corentin Tolisso,Rachid Ghezzal,Tactique
4635259,ol,45,Orel Mangala,Noah Nartey,Tactique
4635259,ol,45,Endrick,Steeve Kango,Tactique
4635259,adv,72,Aiyegun Tosin,Jean-Victor Makengo,Tactique
4635259,adv,72,Darlin Yongwa,Arsène Kouassi,Tactique
4635259,adv,79,Sambou Soumano,Bamba Dieng,Tactique
4635259,ol,81,Tanner Tessmann,Tyler Morton,Tactique
4635259,ol,85,Ruben Kluivert,Roman Yaremchuk,Tactique
4635251,ol,54,Roman Yaremchuk,Pavel Sulc,Blessure
4635251,ol,63,Rachid Ghezzal,Corentin Tolisso,Tactique
4635251,adv,67,Prosper Peter,Lanroy Machine,Tactique
4635251,ol,72,Adam Karabec,Endrick,Tactique
4635251,ol,72,Steeve Kango,Tanner Tessmann,Tactique
4635251,ol,72,Khalis Merah,Ainsley Maitland-Niles,Tactique
4635251,adv,85,Florent Hanin,Lilian Raolisoa,Tactique
4635251,adv,88,Pierrick Capelle,Yassin Belkhdim,Tactique
4635251,adv,88,Louis Mouton,Amine Sbaï,Tactique
4635240,adv,45,Mamadou Coulibaly,Aladji Bamba,Blessure
4635240,adv,62,Ansu Fati,Aleksandr Golovin,Tactique
4635240,ol,67,Noah Nartey,Khalis Merah,Tactique
4635240,adv,73,Christian Mawissa,Simon Adingra,Tactique
4635240,adv,84,Krépin Diatta,Maghnes Akliouche,Tactique
4635240,adv,84,Mika Biereth,Folarin Balogun,Tactique
4635240,ol,84,Tanner Tessmann,Orel Mangala,Tactique
4635240,ol,84,Malick Fofana,Afonso Moreira,Tactique
4635240,ol,84,Steeve Kango,Hans Hateboer,Tactique
4805915,ol,45,Tanner Tessmann,Roman Yaremchuk,Tactique
4805915,adv,45,Joseph Aidoo,Carl Starfelt,Tactique
4805915,adv,45,Hugo Álvarez,Williot Swedberg,Tactique
4805915,adv,56,Ferran Jutglà,Fer López,Tactique
4805915,adv,56,Iago Aspas,Pablo Durán,Tactique
4805915,ol,66,Orel Mangala,Noah Nartey,Tactique
4805915,ol,66,Afonso Moreira,Abner,Tactique
4805915,ol,66,Pavel Sulc,Endrick,Tactique
4805915,adv,80,Hugo Sotelo,Matías Vecino,Blessure
4805915,ol,81,Malick Fofana,Tyler Morton,Tactique
4635233,ol,57,Roman Yaremchuk,Adam Karabec,Tactique
4635233,adv,62,Yassine Kechta,Mbwana Samatta,Tactique
4635233,adv,67,Yanis Zouaoui,Enzo Koffi,Tactique
4635233,ol,71,Noah Nartey,Orel Mangala,Tactique
4635233,ol,79,Rachid Ghezzal,Endrick,Tactique
4635233,ol,79,Steeve Kango,Nicolás Tagliafico,Tactique
4635233,ol,79,Adil Hamdani,Hans Hateboer,Tactique
4635233,adv,84,Kenny Quetant,Sofiane Boufal,Tactique
4805907,adv,45,Ferran Jutglà,Iago Aspas,Tactique
4805907,adv,45,Sergio Carreira,Javi Rueda,Tactique
4805907,adv,62,Mihailo Ristic,Óscar Mingueza,Tactique
4805907,adv,65,Pablo Durán,Williot Swedberg,Tactique
4805907,ol,66,Rémi Himbert,Nicolás Tagliafico,Tactique
4805907,ol,69,Adam Karabec,Rémi Himbert,Blessure
4805907,ol,84,Orel Mangala,Tyler Morton,Tactique
4805907,ol,84,Tanner Tessmann,Steeve Kango,Tactique
4805907,ol,84,Adil Hamdani,Noah Nartey,Tactique
4805907,adv,1,Hugo Sotelo,Ilaix Moriba,Tactique
4635225,ol,57,Corentin Tolisso,Khalis Merah,Tactique
4635225,ol,57,Roman Yaremchuk,Nicolás Tagliafico,Tactique
4635225,ol,64,Noah Nartey,Tanner Tessmann,Tactique
4635225,ol,64,Endrick,Adam Karabec,Tactique
4635225,adv,72,Ciro Immobile,Jonathan Ikoné,Tactique
4635225,adv,72,Alimami Gory,Moses Simon,Tactique
4635225,adv,72,Luca Koleosho,Jean-Philippe Krasso,Tactique
4635225,ol,81,Adil Hamdani,Rémi Himbert,Tactique
4635225,adv,86,Vincent Marchetti,Rudy Matondo,Blessure
4635225,adv,1,Tuomas Ollila,Marshall Munetsi,Blessure
4818818,ol,58,Rémi Himbert,Nicolás Tagliafico,Tactique
4818818,ol,68,Hans Hateboer,Ainsley Maitland-Niles,Blessure
4818818,adv,77,Amadou Haidara,Odsonne Édouard,Tactique
4818818,ol,86,Adam Karabec,Noah Nartey,Tactique
4818818,adv,6,Rayan Fofana,Abdallah Sima,Tactique
4635221,adv,45,Igor Paixão,Quinten Timber,Tactique
4635221,ol,59,Rémi Himbert,Roman Yaremchuk,Tactique
4635221,adv,62,Ethan Nwaneri,Hamed Traoré,Tactique
4635221,adv,83,Benjamin Pavard,Timothy Weah,Tactique
4635221,adv,84,Himad Abdelli,Geoffrey Kondogbia,Tactique
4635221,ol,87,Abner,Nicolás Tagliafico,Blessure
4635221,adv,4,Tochukwu Nnadi,Mason Greenwood,Tactique
4635204,ol,27,Noah Nartey,Pavel Sulc,Blessure
4635204,ol,57,Roman Yaremchuk,Tanner Tessmann,Tactique
4635204,ol,82,Rémi Himbert,Corentin Tolisso,Tactique
4635204,adv,84,Abdoul Ouattara,Julio Enciso,Tactique
4635204,ol,84,Nicolás Tagliafico,Ruben Kluivert,Tactique
4635204,adv,89,Samuel Amo-Ameyaw,Diego Moreira,Tactique
4635204,adv,89,Aarón Anselmino,Andrew Omobamidele,Tactique
4635204,adv,9,Gessime Yassine,Samuel Amo-Ameyaw,Blessure
4635195,adv,5,Kaïl Boudache,Elye Wahi,Blessure
4635195,ol,65,Khalis Merah,Corentin Tolisso,Tactique
4635195,adv,73,Kevin Carlos,Mohamed-Ali Cho,Tactique
4635195,adv,74,Hicham Boudaoui,Tom Louchet,Tactique
4635195,adv,74,Juma Bah,Dante,Tactique
4635195,ol,80,Roman Yaremchuk,Pavel Sulc,Tactique
4635195,adv,82,Isak Jansson,Morgan Sanson,Tactique
4635195,ol,1,Noham Kamara,Ainsley Maitland-Niles,Tactique
4635191,adv,45,Youssef El Arabi,Mostafa Mohamed,Tactique
4635191,adv,62,Deiver Machado,Dehmaine Tabibou,Tactique
4635191,adv,70,Francis Coquelin,Kelvin Amian,Tactique
4635191,adv,70,Abakar Sylla,Nicolas Cozza,Tactique
4635191,ol,85,Hans Hateboer,Afonso Moreira,Blessure
4635191,adv,87,Herba Guirassy,Mohamed Kaba,Tactique
4635191,ol,4,Khalis Merah,Pavel Sulc,Tactique
4803951,ol,62,Afonso Moreira,Adam Karabec,Tactique
4803951,ol,62,Rémi Himbert,Noah Nartey,Tactique
4803951,adv,63,Eros Maddy,Dylan Mbayo,Tactique
4803951,adv,63,Malik Sellouki,Christ-Owen Kouassi,Tactique
4803951,adv,74,Malik Tchokounté,Mamadou Camara,Tactique
4803951,ol,78,Ainsley Maitland-Niles,Khalis Merah,Tactique
4803951,ol,78,Tanner Tessmann,Tyler Morton,Tactique
4803951,ol,78,Adil Hamdani,Hans Hateboer,Tactique
4803951,adv,83,William Benard,Cyril Mandouki,Tactique
4803951,adv,83,Mathys Houdayer,Sam Sanna,Tactique
4635178,adv,67,Olivier Giroud,Félix Correia,Tactique
4635178,adv,67,Marius Broholm,Ngal'ayel Mukau,Tactique
4635178,adv,77,Calvin Verdonk,Romain Perraud,Tactique
4635178,ol,81,Rémi Himbert,Pavel Sulc,Tactique
4635178,adv,84,Soriba Diaoune,Tiago Santos,Tactique
4635178,ol,1,Hans Hateboer,Abner,Tactique
4635178,ol,1,Adam Karabec,Endrick,Tactique
4715964,ol,45,Tanner Tessmann,Tyler Morton,
4715964,ol,68,Abner,Ruben Kluivert,
4715964,ol,68,Tiago Gonçalves,Khalis Merah,
4715964,adv,83,Kiril Despodov,Taison,
4715964,ol,86,Alejandro Gomes Rodríguez,Afonso Moreira,
4715964,ol,86,Adil Hamdani,Mathys de Carvalho,
4715964,adv,86,Anestis Mythou,Georgios Giakoumakis,
4715964,adv,1,Mady Camara,Magomed Ozdoev,
4635173,ol,45,Moussa Niakhaté,Corentin Tolisso,Tactique
4635173,adv,61,Benjamin Stambouli,Alpha Touré,Tactique
4635173,adv,61,Michel Mboula,Terry Yegbe,Tactique
4635173,adv,61,Believe Munongo,Jessy Deminguet,Tactique
4635173,ol,73,Mathys de Carvalho,Khalis Merah,Tactique
4635173,adv,77,Giorgi Abuashvili,Maxime Colin,Tactique
4635173,adv,87,Ibou Sané,Gauthier Hein,Tactique
4635173,ol,2,Rémi Himbert,Afonso Moreira,Tactique
4635173,ol,2,Adil Hamdani,Endrick,Tactique
4715988,ol,45,Orel Mangala,Nicolás Tagliafico,Tactique
4715988,adv,70,Christian Fassnacht,Darian Males,Tactique
4715988,adv,70,Joël Monteiro,Alvyn Sanches,Tactique
4715988,ol,75,Corentin Tolisso,Afonso Moreira,Tactique
4715988,ol,76,Rémi Himbert,Khalis Merah,Tactique
4715988,adv,79,Armin Gigovic,Edimilson Fernandes,Tactique
4715988,adv,79,Chris Bedia,Alan Virginius,Tactique
4715988,adv,79,Ryan Andrews,Saidy Janko,Tactique
4715988,ol,1,Tiago Gonçalves,Pavel Sulc,Tactique
4715988,ol,1,Mathys de Carvalho,Tyler Morton,Tactique
4635161,adv,56,Pathé Mboup,Rémy Labeau Lascary,Tactique
4635161,adv,68,Daouda Guindo,Ludovic Ajorque,Tactique
4635161,adv,68,Kamory Doumbia,Lucas Tousart,Tactique
4635161,ol,73,Orel Mangala,Tanner Tessmann,Tactique
4635161,ol,73,Khalis Merah,Ainsley Maitland-Niles,Tactique
4635161,adv,80,Junior Dina Ebimbe,Bradley Locko,Tactique
4635161,adv,80,Luck Zogbé,Kenny Lala,Tactique
4635161,ol,88,Adam Karabec,Endrick,Tactique
4635161,ol,89,Hans Hateboer,Abner,Blessure
4635161,ol,89,Rémi Himbert,Afonso Moreira,Tactique
4788533,adv,58,Ethan Mbappé,Félix Correia,Tactique
4788533,adv,59,Ngal'ayel Mukau,Benjamin André,Blessure
4788533,adv,67,Tiago Santos,Thomas Meunier,Tactique
4788533,ol,71,Adam Karabec,Endrick,Tactique
4788533,adv,80,Soriba Diaoune,Olivier Giroud,Tactique
4788533,ol,81,Orel Mangala,Tyler Morton,Tactique
4788533,ol,81,Martín Satriano,Pavel Sulc,Tactique
4788533,adv,81,Osame Sahraoui,Ayyoub Bouaddi,Tactique
4635152,adv,11,Philipp Köhn,Lukas Hradecky,Blessure
4635152,adv,35,Kassoum Ouattara,Christian Mawissa,Blessure
4635152,ol,65,Tanner Tessmann,Khalis Merah,Tactique
4635152,adv,76,Stanis Idumbo,Aleksandr Golovin,Tactique
4635152,adv,76,George Ilenikhena,Mika Biereth,Tactique
4635152,ol,80,Orel Mangala,Abner,Tactique
4635152,ol,80,Adam Karabec,Pavel Sulc,Tactique
4635152,ol,2,Martín Satriano,Corentin Tolisso,Tactique
4778381,ol,45,Pavel Sulc,Mathys de Carvalho,Tactique
4778381,adv,60,Sébastien Ndisani,Lyvann Obissa,Tactique
4778381,ol,65,Rachid Ghezzal,Adam Karabec,Tactique
4778381,ol,65,Alejandro Gomes Rodríguez,Martín Satriano,Tactique
4778381,adv,68,Haikel Touitou,Junior Mombouly,Tactique
4778381,ol,77,Orel Mangala,Khalis Merah,Tactique
4778381,ol,77,Tanner Tessmann,Tyler Morton,Tactique
4778381,adv,85,Josué Alexis,Foudil Bakhtia,Tactique
4778381,adv,85,Abdessami Neffati,Arnaud Braillon,Tactique
4635145,adv,62,Godson Kyeremeh,Yassine Kechta,Tactique
4635145,adv,62,Fodé Doucouré,Loïc Nego,Tactique
4635145,ol,72,Adam Karabec,Martín Satriano,Tactique
4635145,ol,72,Mathys de Carvalho,Khalis Merah,Tactique
4635145,adv,77,Kenny Quetant,Younes Namli,Tactique
4635145,adv,77,Noam Obougou,Mbwana Samatta,Tactique
4635145,ol,84,Ruben Kluivert,Hans Hateboer,Tactique
4635145,ol,88,Rachid Ghezzal,Pavel Sulc,Tactique
4715966,adv,59,Victor Edvardsen,Kenzo Goudmijn,Tactique
4715966,adv,59,Jakob Breum,Aske Adelgaard,Tactique
4715966,adv,68,Calvin Twigt,Evert Linthorst,Tactique
4715966,ol,75,Mathys de Carvalho,Khalis Merah,Tactique
4715966,adv,79,Finn Stokkers,Giovanni van Zwam,Tactique
4715966,ol,85,Abner,Martín Satriano,Tactique
4715966,ol,3,Alejandro Gomes Rodríguez,Corentin Tolisso,Tactique
4715966,ol,4,Adam Karabec,Afonso Moreira,Tactique
4635138,ol,45,Hans Hateboer,Mathys de Carvalho,Tactique
4635138,ol,69,Afonso Moreira,Nicolás Tagliafico,Tactique
4635138,adv,70,Bamba Dieng,Sambou Soumano,Tactique
4635138,adv,70,Dermane Karim,Pablo Pagis,Tactique
4635138,adv,77,Noah Cadiou,Jean-Victor Makengo,Tactique
4635138,adv,1,Joel Mvuka,Théo Le Bris,Tactique
4635138,adv,1,Aiyegun Tosin,Laurent Abergel,Tactique
4635123,adv,57,Herba Guirassy,Mayckel Lahdo,Tactique
4635123,adv,58,Bahmed Deuff,Youssef El Arabi,Tactique
4635123,ol,71,Afonso Moreira,Mathys de Carvalho,Tactique
4635123,ol,71,Ainsley Maitland-Niles,Hans Hateboer,Tactique
4635123,adv,77,Uros Radakovic,Hyeok-kyu Kwon,Tactique
4635123,ol,84,Adam Karabec,Martín Satriano,Tactique
4635123,ol,84,Orel Mangala,Tyler Morton,Tactique
4635123,adv,88,Mostafa Mohamed,Tylel Tati,Tactique
4635123,adv,88,Fabien Centonze,Johann Lepenant,Tactique
4635123,ol,89,Khalis Merah,Tanner Tessmann,Blessure
4715984,adv,29,Sagiv Jehezkel,Hélio Varela,Blessure
4715984,adv,45,Itamar Noy,Ben Lederman,Tactique
4715984,adv,56,Ion Nicolaescu,Osher Davida,Tactique
4715984,adv,56,Noam Ben Harush,Roy Revivo,Tactique
4715984,ol,57,Adam Karabec,Pavel Sulc,Tactique
4715984,ol,57,Khalis Merah,Corentin Tolisso,Tactique
4715984,ol,68,Tiago Gonçalves,Ainsley Maitland-Niles,Tactique
4715984,ol,68,Téo Barišić,Abner,Tactique
4715984,adv,73,Kervin Andrade,Dor Peretz,Tactique
4715984,ol,76,Alejandro Gomes Rodríguez,Martín Satriano,Tactique
4635120,ol,45,Pavel Sulc,Khalis Merah,Tactique
4635120,ol,62,Mathys de Carvalho,Clinton Mata,Blessure
4635120,adv,71,Josué Casimir,Sékou Mara,Tactique
4635120,adv,83,Fredrik Oppegård,Gideon Mensah,Tactique
4635120,ol,84,Adil Hamdani,Adam Karabec,Tactique
4635120,adv,88,Assane Dioussé,Oussama El Azzouzi,Tactique
4635120,adv,88,Ibrahim Osman,Lassine Sinayoko,Tactique
4635106,ol,63,Adam Karabec,Rachid Ghezzal,Tactique
4635106,adv,66,Quentin Ndjantou,Senny Mayulu,Tactique
4635106,adv,73,Gonçalo Ramos,Khvicha Kvaratskhelia,Tactique
4635106,adv,73,Ibrahim Mbaye,Fabián Ruiz,Tactique
4635106,adv,73,Marquinhos,Lucas Hernández,Tactique
4635106,ol,77,Corentin Tolisso,Khalis Merah,Tactique
4715940,ol,45,Afonso Moreira,Enzo Molebe,Tactique
4715940,ol,45,Nicolás Tagliafico,Abner,Tactique
4715940,ol,64,Pavel Sulc,Khalis Merah,Tactique
4715940,ol,64,Tyler Morton,Tanner Tessmann,Tactique
4715940,adv,64,Sergi Altimira,Giovani Lo Celso,Tactique
4715940,adv,77,Nelson Deossa,Pablo Fornals,Blessure
4715940,adv,77,Chimy Ávila,Cédric Bakambu,Tactique
4715940,ol,83,Clinton Mata,Ainsley Maitland-Niles,Tactique
4715940,adv,86,Rodrigo Riquelme,Abde Ezzalzouli,Tactique
4715940,adv,86,Pablo García,Antony,Tactique
4635101,ol,14,Ainsley Maitland-Niles,Tanner Tessmann,Tactique
4635101,adv,70,Hugo Magnetti,Lucas Tousart,Tactique
4635101,adv,71,Rémy Labeau Lascary,Mama Baldé,Tactique
4635101,ol,75,Rachid Ghezzal,Martín Satriano,Tactique
4635101,adv,81,Junior Dina Ebimbe,Pathé Mboup,Tactique
4635101,ol,83,Mathys de Carvalho,Corentin Tolisso,Tactique
4635091,adv,22,Moses Simon,Jonathan Ikoné,Blessure
4635091,ol,67,Nicolás Tagliafico,Adam Karabec,Tactique
4635091,ol,67,Tanner Tessmann,Corentin Tolisso,Tactique
4635091,adv,70,Jean-Philippe Krasso,Willem Geubbels,Tactique
4635091,adv,70,Tuomas Ollila,Adama Camara,Tactique
4635091,ol,73,Hans Hateboer,Afonso Moreira,Tactique
4635091,adv,81,Vincent Marchetti,Pierre Lees-Melou,Tactique
4635091,ol,84,Martín Satriano,Pavel Sulc,Tactique
4635078,ol,67,Afonso Moreira,Malick Fofana,Blessure
4635078,adv,76,Andrew Omobamidele,Samir El Mourabet,Tactique
4635078,adv,76,Félix Lemaréchal,Julio Enciso,Tactique
4635078,ol,76,Rachid Ghezzal,Adam Karabec,Tactique
4635078,ol,76,Martín Satriano,Pavel Sulc,Tactique
4635078,adv,1,Martial Godo,Diego Moreira,Tactique
4635078,adv,3,Kendry Páez,Lucas Høgsberg,Tactique
4635078,ol,7,Mathys de Carvalho,Tanner Tessmann,Tactique
4715965,ol,45,Tyler Morton,Tanner Tessmann,Tactique
4715965,adv,45,Koba Koindredi,Metinho,Tactique
4715965,adv,45,Kevin Rüegg,Nicolas Vouilloz,Tactique
4715965,adv,60,Ibrahim Salah,Philip Otele,Tactique
4715965,ol,71,Ruben Kluivert,Ainsley Maitland-Niles,Tactique
4715965,ol,71,Adam Karabec,Malick Fofana,Tactique
4715965,adv,71,Bénie Traoré,Marin Soticek,Tactique
4715965,ol,78,Pavel Sulc,Corentin Tolisso,Tactique
4715965,ol,78,Afonso Moreira,Khalis Merah,Tactique
4715965,adv,83,Moritz Broschinski,Xherdan Shaqiri,Tactique
4635070,adv,65,Juma Bah,Dante,Tactique
4635070,ol,67,Rachid Ghezzal,Adam Karabec,Tactique
4635070,ol,67,Nicolás Tagliafico,Abner,Tactique
4635070,adv,72,Morgan Sanson,Sofiane Diop,Blessure
4635070,adv,72,Tiago Gouveia,Jérémie Boga,Tactique
4635070,adv,72,Tom Louchet,Mohamed-Ali Cho,Tactique
4635070,ol,76,Moussa Niakhaté,Clinton Mata,Tactique
4635070,ol,76,Tanner Tessmann,Tyler Morton,Tactique
4635070,ol,76,Afonso Moreira,Malick Fofana,Tactique
4635062,adv,45,Abu Francis,Mario Sauer,Tactique
4635062,adv,45,Dayann Méthalie,Warren Kamanzi,Tactique
4635062,adv,70,Emersonn,Frank Magri,Tactique
4635062,adv,77,Santiago Hidalgo,Djibril Sidibé,Tactique
4635062,adv,77,Alexis Vossah,Cristian Cásseres Jr.,Tactique
4635062,ol,77,Afonso Moreira,Adam Karabec,Tactique
4635062,ol,2,Pavel Sulc,Tanner Tessmann,Tactique
4715963,adv,57,Kerim Alajbegovic,Moussa Yeo,Tactique
4715963,adv,57,Sota Kitano,Mamady Diambou,Tactique
4715963,adv,57,Edmund Baidoo,Yorbe Vertessen,Tactique
4715963,ol,67,Malick Fofana,Adam Karabec,Tactique
4715963,ol,67,Ainsley Maitland-Niles,Nicolás Tagliafico,Tactique
4715963,adv,67,Karim Onisiwo,Petar Ratkov,Tactique
4715963,ol,68,Tyler Morton,Tanner Tessmann,Tactique
4715963,ol,76,Enzo Molebe,Martín Satriano,Tactique
4715963,adv,81,Frans Krätzig,Aleksa Terzić,Tactique
4715963,ol,86,Khalis Merah,Corentin Tolisso,Tactique
4635058,adv,73,Nabil Bentaleb,Ngal'ayel Mukau,Tactique
4635058,adv,73,Osame Sahraoui,Félix Correia,Tactique
4635058,ol,74,Pavel Sulc,Khalis Merah,Tactique
4635058,ol,74,Afonso Moreira,Adam Karabec,Tactique
4635058,adv,78,Hamza Igamane,Ayyoub Bouaddi,Tactique
4635058,ol,2,Mathys de Carvalho,Malick Fofana,Tactique
4635058,adv,2,Ethan Mbappé,Tiago Santos,Blessure
4716044,ol,64,Ainsley Maitland-Niles,Nicolás Tagliafico,Tactique
4716044,ol,64,Afonso Moreira,Malick Fofana,Tactique
4716044,ol,64,Rachid Ghezzal,Adam Karabec,Tactique
4716044,ol,64,Tanner Tessmann,Tyler Morton,Tactique
4716044,adv,79,Adrian Blake,Derry Murkin,Tactique
4716044,adv,79,David Min,Niklas Vesterlund,Tactique
4716044,adv,88,Mike Eerdhuijzen,Nick Viergever,Tactique
4716044,ol,3,Khalis Merah,Pavel Sulc,Tactique
4635049,adv,60,Himad Abdelli,Louis Mouton,Tactique
4635049,adv,61,Sidiki Chérif,Justin Kalumba,Tactique
4635049,ol,63,Pavel Sulc,Khalis Merah,Tactique
4635049,ol,80,Mathys de Carvalho,Corentin Tolisso,Tactique
4635049,ol,80,Enzo Molebe,Martín Satriano,Tactique
4635049,adv,81,Pierrick Capelle,Yassin Belkhdim,Tactique
4635049,adv,89,Lanroy Machine,Lilian Raolisoa,Tactique
4635049,ol,2,Rachid Ghezzal,Adam Karabec,Tactique
4635049,ol,2,Afonso Moreira,Malick Fofana,Tactique
4635041,adv,45,Mousa Al-Tamari,Przemyslaw Frankowski,Tactique
4635041,adv,45,Alidu Seidu,Abdelhamid Ait Boudlal,Tactique
4635041,ol,66,Rachid Ghezzal,Adam Karabec,Blessure
4635041,adv,68,Seko Fofana,Djaoui Cissé,Tactique
4635041,adv,68,Kader Meïté,Breel Embolo,Tactique
4635041,ol,74,Pavel Sulc,Khalis Merah,Tactique
4635041,ol,84,Ruben Kluivert,Malick Fofana,Tactique
4635041,adv,9,Mahamadou Nagida,Ludovic Blas,Tactique
4635032,adv,33,Derek Cornelius,Bilal Nadir,Tactique
4635032,adv,45,Ulisses Garcia,Mason Greenwood,Tactique
4635032,ol,52,Nicolás Tagliafico,Malick Fofana,Blessure
4635032,ol,70,Pavel Sulc,Khalis Merah,Tactique
4635032,ol,70,Afonso Moreira,Abner,Tactique
4635032,adv,71,Pol Lirola,Timothy Weah,Tactique
4635032,adv,84,Robinio Vaz,Pierre-Emerick Aubameyang,Tactique
4635032,adv,85,Darryl Bakola,Hamed Traoré,Blessure
4635032,ol,2,Ruben Kluivert,Adam Karabec,Tactique
4635021,adv,40,Alpha Touré,Michel Mboula,Blessure
4635021,adv,61,Ibou Sané,Giorgi Tsitaishvili,Tactique
4635021,adv,61,Morgan Bokele,Giorgi Abuashvili,Tactique
4635021,ol,73,Nicolás Tagliafico,Abner,Tactique
4635021,ol,73,Adam Karabec,Pavel Sulc,Tactique
4635021,ol,74,Khalis Merah,Corentin Tolisso,Tactique
4635021,adv,79,Idrissa Gueye,Brian Madjo,Tactique
4635021,ol,85,Ruben Kluivert,Clinton Mata,Tactique
4635021,ol,85,Afonso Moreira,Malick Fofana,Tactique
4635007,adv,56,Florian Thauvin,Rayan Fofana,Tactique
4635007,ol,65,Khalis Merah,Saël Kumbedi,Tactique
4635007,adv,75,Anthony Bermont,Deiver Machado,Tactique
4635007,adv,85,Florian Sotoca,Wesley Saïd,Tactique
4635007,adv,85,Saud Abdulhamid,Ruben Aguilar,Tactique
4635007,ol,2,Pavel Sulc,Malick Fofana,Tactique
4635007,ol,2,Adam Karabec,Georges Mikautadze,Tactique
4364041,adv,61,Farid El Melali,Jacques Ekomié,Tactique
4364041,adv,61,Enzo Caumont,Zinédine Ould Khaled,Tactique
4364041,ol,68,Nemanja Matić,Tanner Tessmann,Tactique
4364041,adv,72,Emmanuel Biumla,Ousmane Camara,Tactique
4364041,ol,77,Corentin Tolisso,Thiago Almada,Tactique
4364041,ol,78,Georges Mikautadze,Alexandre Lacazette,Tactique
4364041,adv,83,Lanroy Machine,Lilian Raolisoa,Tactique
4364041,adv,83,Prosper Peter,Estéban Lepaul,Tactique
4364041,ol,88,Téo Barišić,Duje Caleta-Car,Tactique
4364041,ol,89,Abner,Rayan Cherki,Tactique
4364039,ol,21,Duje Caleta-Car,Clinton Mata,Blessure
4364039,ol,64,Rayan Cherki,Nemanja Matić,Tactique
4364039,adv,75,Vanderson,Jordan Teze,Tactique
4364039,adv,75,Eliesse Ben Seghir,Mika Biereth,Tactique
4364039,ol,75,Georges Mikautadze,Jordan Veretout,Tactique
4364039,adv,77,Soungoutou Magassa,Lamine Camara,Tactique
4364039,adv,85,Krépin Diatta,Takumi Minamino,Tactique
4364039,adv,85,Christian Mawissa,Denis Zakaria,Blessure
4364022,adv,69,Martín Satriano,Goduine Koyalipou,Tactique
4364022,adv,69,Hamzat Ojediran,Tom Pouilly,Tactique
4364022,adv,70,Anass Zaroury,Andy Diouf,Tactique
4364022,ol,70,Alejandro Gomes Rodríguez,Nemanja Matić,Tactique
4364022,ol,87,Tanner Tessmann,Corentin Tolisso,Tactique
4364022,adv,4,Malang Sarr,Nampalys Mendy,Tactique
4364021,adv,45,Ludovic Blas,Mousa Al-Tamari,Tactique
4364021,adv,45,Kader Meïté,Arnaud Kalimuendo,Tactique
4364021,ol,65,Tanner Tessmann,Corentin Tolisso,Tactique
4364021,adv,74,Kazeem Olaigbe,Seko Fofana,Tactique
4364021,adv,74,Andrés Gómez,Lorenz Assignon,Tactique
4364021,ol,75,Jordan Veretout,Nemanja Matić,Tactique
4364021,ol,75,Georges Mikautadze,Alexandre Lacazette,Tactique
4364021,adv,84,Ismaël Koné,Djaoui Cissé,Tactique
4364021,ol,85,Abner,Malick Fofana,Tactique
4364021,ol,85,Saël Kumbedi,Rayan Cherki,Tactique
4364004,ol,27,Paul Akouokou,Corentin Tolisso,Blessure
4364004,ol,45,Ainsley Maitland-Niles,Paul Akouokou,Tactique
4364004,ol,45,Thiago Almada,Jordan Veretout,Tactique
4364004,ol,62,Malick Fofana,Saël Kumbedi,Tactique
4364004,adv,73,Ben Old,Irvin Cardona,Tactique
4364004,adv,73,Louis Mouton,Aïmen Moueffek,Tactique
4364004,adv,88,Ibrahim Sissoko,Lucas Stassin,Tactique
4364004,ol,88,Clinton Mata,Rayan Cherki,Tactique
4364004,adv,89,Yunis Abdelhamid,Zuriko Davitashvili,Tactique
4547802,adv,45,Luke Shaw,Noussair Mazraoui,Tactique
4547802,ol,54,Alexandre Lacazette,Jordan Veretout,Tactique
4547802,ol,54,Tanner Tessmann,Paul Akouokou,Tactique
4547802,ol,63,Malick Fofana,Georges Mikautadze,Tactique
4547802,adv,85,Kobbie Mainoo,Rasmus Højlund,Tactique
4547802,adv,85,Mason Mount,Manuel Ugarte,Tactique
4547802,adv,99,Harry Amass,Patrick Dorgu,Tactique
4547802,adv,99,Christian Eriksen,Alejandro Garnacho,Tactique
4547802,ol,105,Abner,Rayan Cherki,Tactique
4547802,ol,114,Duje Caleta-Car,Nicolás Tagliafico,Tactique
4363997,adv,65,Florian Ayé,Ado Onaiwu,Tactique
4363997,adv,65,Theo Bair,Clément Akpa,Tactique
4363997,adv,70,Fredrik Oppegård,Gideon Mensah,Tactique
4363997,adv,70,Paul Joly,Ki-Jana Hoever,Tactique
4363997,adv,81,Rudy Matondo,Kévin Danois,Blessure
4363997,ol,84,Tanner Tessmann,Thiago Almada,Tactique
4363997,ol,85,Jordan Veretout,Rayan Cherki,Tactique
4363997,ol,85,Ainsley Maitland-Niles,Nemanja Matić,Tactique
4363997,ol,8,Nicolás Tagliafico,Georges Mikautadze,Tactique
4547798,ol,50,Alexandre Lacazette,Paul Akouokou,Blessure
4547798,adv,62,Joshua Zirkzee,Rasmus Højlund,Tactique
4547798,adv,71,Mason Mount,Manuel Ugarte,Tactique
4547798,adv,82,Kobbie Mainoo,Alejandro Garnacho,Tactique
4547798,adv,82,Victor Lindelöf,Harry Maguire,Tactique
4363990,ol,6,Rayan Cherki,Ernest Nuamah,Blessure
4363990,adv,60,Matias Fernandez-Pardo,Ngal'ayel Mukau,Blessure
4363990,ol,67,Jordan Veretout,Nemanja Matić,Tactique
4363990,ol,68,Georges Mikautadze,Alexandre Lacazette,Tactique
4363990,adv,70,Chuba Akpom,Jonathan David,Tactique
4363990,adv,70,Osame Sahraoui,Mitchel Bakker,Tactique
4363990,adv,82,Ismaily,Gabriel Gudmundsson,Tactique
4363990,adv,83,Nabil Bentaleb,André Gomes,Tactique
4363990,ol,1,Paul Akouokou,Thiago Almada,Tactique
4363980,adv,69,Samuel Amo-Ameyaw,Sebastian Nanasi,Tactique
4363980,ol,69,Thiago Almada,Jordan Veretout,Tactique
4363980,ol,77,Alexandre Lacazette,Ernest Nuamah,Tactique
4363980,ol,84,Nemanja Matić,Tanner Tessmann,Tactique
4363980,ol,84,Nicolás Tagliafico,Abner,Tactique
4363980,adv,89,Thomas Delaine,Dilane Bakwa,Tactique
4363980,adv,4,Sékou Mara,Emmanuel Emegha,Tactique
4363980,adv,4,Abakar Sylla,Valentín Barco,Tactique
4363972,ol,45,Tanner Tessmann,Nemanja Matić,Tactique
4363972,adv,70,Ahmed Hassan,Issa Soumaré,Tactique
4363972,adv,70,Rassoul Ndiaye,Yassine Kechta,Tactique
4363972,adv,70,Antoine Joujou,André Ayew,Tactique
4363972,ol,70,Malick Fofana,Ernest Nuamah,Tactique
4363972,ol,76,Georges Mikautadze,Rayan Cherki,Tactique
4363972,ol,85,Jordan Veretout,Alexandre Lacazette,Tactique
4363972,adv,2,Ilyes Housni,Abdoulaye Touré,Tactique
4547696,ol,45,Duje Caleta-Car,Moussa Niakhaté,Tactique
4547696,adv,45,Mihai Popescu,Valentin Crețu,Tactique
4547696,adv,45,Juri Cisotti,Malcom Edjouma,Tactique
4547696,adv,45,David Miculescu,Risto Radunovic,Tactique
4547696,adv,45,Alexandru Musi,Adrian Șut,Tactique
4547696,ol,52,Nemanja Matić,Corentin Tolisso,Tactique
4547696,ol,52,Thiago Almada,Tanner Tessmann,Tactique
4547696,ol,64,Malick Fofana,Rayan Cherki,Tactique
4547696,ol,74,Saël Kumbedi,Abner,Tactique
4547696,adv,78,Andrei Gheorghiță,Mihai Toma,Tactique
4363963,ol,45,Ainsley Maitland-Niles,Saël Kumbedi,Tactique
4363963,adv,65,Sofiane Diop,Mohamed-Ali Cho,Tactique
4363963,ol,65,Ernest Nuamah,Malick Fofana,Tactique
4363963,adv,76,Jérémie Boga,Gaëtan Laborde,Tactique
4363963,adv,76,Pablo Rosario,Hicham Boudaoui,Tactique
4363963,ol,76,Rayan Cherki,Nemanja Matić,Tactique
4363963,ol,76,Georges Mikautadze,Alexandre Lacazette,Tactique
4363963,adv,83,Ali Abdi,Melvin Bard,Tactique
4363963,adv,83,Badredine Bouanani,Moïse Bombito,Tactique
4363963,ol,88,Jordan Veretout,Thiago Almada,Tactique
4547688,adv,45,Vlad Chiricheș,Baba Alhassan,Tactique
4547688,adv,45,Andrei Gheorghiță,Juri Cisotti,Tactique
4547688,adv,45,Alexandru Băluță,Malcom Edjouma,Tactique
4547688,ol,67,Malick Fofana,Ernest Nuamah,Tactique
4547688,ol,67,Alexandre Lacazette,Georges Mikautadze,Tactique
4547688,ol,75,Jordan Veretout,Tanner Tessmann,Tactique
4547688,ol,75,Thiago Almada,Nemanja Matić,Tactique
4547688,adv,76,Alexandru Musi,Florin Tănase,Tactique
4547688,adv,89,Marius Ștefănescu,David Miculescu,Tactique
4547688,ol,2,Paul Akouokou,Corentin Tolisso,Tactique
4363952,ol,69,Nemanja Matić,Tanner Tessmann,Tactique
4363952,ol,82,Malick Fofana,Alexandre Lacazette,Tactique
4363952,ol,89,Ernest Nuamah,Rayan Cherki,Tactique
4363952,adv,89,Jonas Martin,Mathias Pereira Lage,Tactique
4363952,adv,89,Kamory Doumbia,Hugo Magnetti,Tactique
4363949,adv,60,Fabián Ruiz,Désiré Doué,Tactique
4363949,ol,63,Alexandre Lacazette,Nemanja Matić,Tactique
4363949,ol,63,Thiago Almada,Ernest Nuamah,Tactique
4363949,adv,67,Lucas Hernández,Khvicha Kvaratskhelia,Tactique
4363949,adv,73,Gonçalo Ramos,Ousmane Dembélé,Tactique
4363949,adv,73,Kang-in Lee,Bradley Barcola,Tactique
4363949,ol,79,Ainsley Maitland-Niles,Saël Kumbedi,Tactique
4363949,ol,79,Georges Mikautadze,Malick Fofana,Tactique
4363934,adv,61,Kiki Kouyaté,Bamo Meïté,Tactique
4363934,adv,61,Khalil Fayad,Rabby Nzingoula,Tactique
4363934,adv,68,Wahbi Khazri,Andy Delort,Tactique
4363934,adv,68,Junior Ndiaye,Jordan Ferri,Tactique
4363934,adv,68,Nicolas Pays,Tanguy Coulibaly,Tactique
4363934,ol,69,Alexandre Lacazette,Georges Mikautadze,Tactique
4363934,ol,69,Thiago Almada,Rayan Cherki,Tactique
4363934,ol,69,Abner,Nicolás Tagliafico,Tactique
4363934,ol,77,Jordan Veretout,Nemanja Matić,Tactique
4363934,ol,77,Malick Fofana,Corentin Tolisso,Tactique
4363929,adv,65,Amadou Koné,John Patrick,Tactique
4363929,ol,73,Ainsley Maitland-Niles,Saël Kumbedi,Blessure
4363929,ol,73,Thiago Almada,Nemanja Matić,Tactique
4363929,ol,73,Malick Fofana,Ernest Nuamah,Tactique
4363929,adv,74,Pape Sissoko,Oumar Diakité,Tactique
4363929,adv,74,Patrick Zabi,Sergio Akieme,Tactique
4363929,ol,80,Jordan Veretout,Tanner Tessmann,Tactique
4363929,ol,80,Abner,Nicolás Tagliafico,Tactique
4363929,adv,87,Hiroki Sekine,Junya Ito,Tactique
4363929,adv,88,Ike Orazi,Mamadou Diakhon,Tactique
4363914,adv,57,Amine Gouiri,Bilal Nadir,Tactique
4363914,adv,79,Pol Lirola,Quentin Merlin,Tactique
4363914,ol,79,Georges Mikautadze,Alexandre Lacazette,Blessure
4363914,ol,85,Thiago Almada,Nemanja Matić,Tactique
4363914,ol,85,Tanner Tessmann,Jordan Veretout,Tactique
4363914,adv,89,Ulisses Garcia,Mason Greenwood,Tactique
4445400,ol,63,Alexandre Lacazette,Tanner Tessmann,Tactique
4445400,ol,63,Nemanja Matić,Jordan Veretout,Tactique
4445400,adv,73,Denny Gropper,Anton Nedyalkov,Tactique
4445400,adv,73,Ivaylo Chochev,Caio Vidal,Tactique
4445400,ol,77,Nicolás Tagliafico,Abner,Tactique
4445400,adv,78,Edvin Kurtulus,Son,Tactique
4445400,adv,78,Georgi Rusev,Erick Marcus,Tactique
4445400,ol,83,Saël Kumbedi,Ernest Nuamah,Tactique
4445400,adv,89,Deroy Duarte,Rwan Cruz,Tactique
4363906,ol,63,Georges Mikautadze,Alexandre Lacazette,Tactique
4363906,ol,63,Thiago Almada,Rayan Cherki,Tactique
4363906,adv,68,Marcus Coco,Florent Mollet,Tactique
4363906,adv,68,Mostafa Mohamed,Herba Guirassy,Tactique
4363906,ol,72,Ainsley Maitland-Niles,Saël Kumbedi,Tactique
4363906,adv,77,Louis Leroux,Nicolas Cozza,Tactique
4363906,adv,77,Dehmaine Tabibou,Kelvin Amian,Tactique
4363906,adv,3,Jean-Philippe Gbamin,Matthis Abline,Tactique
4445405,ol,42,Alexandre Lacazette,Malick Fofana,Blessure
4445405,adv,58,Allan Saint-Maximin,İrfan Can Kahveci,Tactique
4445405,ol,66,Duje Caleta-Car,Saël Kumbedi,Tactique
4445405,adv,71,Edin Dzeko,Youssef En-Nesyri,Tactique
4445405,ol,78,Jordan Veretout,Corentin Tolisso,Tactique
4445405,ol,78,Ernest Nuamah,Georges Mikautadze,Tactique
4445405,adv,81,Cengiz Ünder,Dusan Tadic,Tactique
4363899,ol,69,Malick Fofana,Saïd Benrahma,Tactique
4363899,adv,76,Frank Magri,Joshua King,Tactique
4363899,adv,76,Shavy Babicka,Zakaria Aboukhlal,Tactique
4363899,ol,78,Ainsley Maitland-Niles,Saël Kumbedi,Blessure
4363899,ol,78,Ernest Nuamah,Rayan Cherki,Tactique
4363899,adv,84,Miha Zajc,Denis Genreau,Tactique
4515308,adv,60,Sofiane Atik,Pierre Kohser,Tactique
4515308,ol,64,Clinton Mata,Ainsley Maitland-Niles,Tactique
4515308,ol,64,Alexandre Lacazette,Georges Mikautadze,Tactique
4515308,adv,72,Kelian Mersel,Billel Moumen,Tactique
4515308,adv,73,Matthieu Mainge,Ayoub Ezzaytouni,Tactique
4515308,ol,75,Ernest Nuamah,Saïd Benrahma,Tactique
4515308,ol,75,Jordan Veretout,Nemanja Matić,Tactique
4515308,adv,82,Erwan Nordé,Joris Mendy,Tactique
4515308,adv,82,Yanis Mecheri,Safwan Mbaé,Blessure
4363893,adv,45,Jordan Amavi,Massadio Haïdara,Blessure
4363893,ol,45,Abner,Nicolás Tagliafico,Blessure
4363893,ol,45,Ernest Nuamah,Jordan Veretout,Tactique
4363893,ol,66,Ainsley Maitland-Niles,Tanner Tessmann,Tactique
4363893,adv,75,Romain Del Castillo,Kamory Doumbia,Tactique
4363893,adv,75,Mathias Pereira Lage,Mama Baldé,Tactique
4363893,ol,75,Georges Mikautadze,Alexandre Lacazette,Tactique
4363893,ol,79,Saïd Benrahma,Malick Fofana,Tactique
4363893,adv,84,Abdallah Sima,Ludovic Ajorque,Tactique
4363893,adv,4,Luck Zogbé,Jordan Amavi,Blessure
4363879,adv,63,Wahbi Khazri,Akor Adams,Tactique
4363879,ol,64,Rayan Cherki,Saïd Benrahma,Tactique
4363879,ol,64,Corentin Tolisso,Ernest Nuamah,Tactique
4363879,ol,64,Moussa Niakhaté,Ainsley Maitland-Niles,Tactique
4363879,adv,64,Khalil Fayad,Nikola Maksimović,Blessure
4363879,ol,74,Tanner Tessmann,Nemanja Matić,Tactique
4363879,adv,74,Stefan Dzodic,Téji Savanier,Tactique
4363879,ol,75,Georges Mikautadze,Jordan Veretout,Tactique
4363879,adv,86,Théo Sainte-Luce,Issiaga Sylla,Tactique
4363879,adv,86,Yanis Issoufou,Rabby Nzingoula,Tactique
4502430,ol,28,Jordan Veretout,Corentin Tolisso,Blessure
4502430,ol,45,Rayan Cherki,Maxence Caqueret,Tactique
4502430,ol,66,Georges Mikautadze,Alexandre Lacazette,Tactique
4502430,adv,72,Mathis Colin,Adam Abeddou,Tactique
4502430,adv,72,Kevin Koubemba,Malick Sambou,Tactique
4502430,adv,82,Babou Seye,Yassine Chah,Tactique
4502430,adv,82,Giovanni Hospital,Thomas De Parmentier,Tactique
4502430,adv,1,Yann Kouadio,Allassane Ouattara,Tactique
4502430,ol,1,Nemanja Matić,Tanner Tessmann,Tactique
4502430,ol,1,Enzo Molebe,Malick Fofana,Tactique
4363877,adv,62,Bradley Barcola,Kang-in Lee,Tactique
4363877,adv,62,Marquinhos,Lucas Beraldo,Tactique
4363877,adv,63,Lucas Hernández,Nuno Mendes,Tactique
4363877,ol,65,Alexandre Lacazette,Georges Mikautadze,Tactique
4363877,ol,65,Malick Fofana,Ernest Nuamah,Tactique
4363877,ol,65,Saïd Benrahma,Rayan Cherki,Tactique
4363877,adv,82,Gonçalo Ramos,Désiré Doué,Tactique
4363877,ol,82,Duje Caleta-Car,Jordan Veretout,Tactique
4363877,adv,85,Fabián Ruiz,Ousmane Dembélé,Tactique
4445399,adv,45,Rasmus Nissen Kristensen,Niels Nkounkou,Tactique
4445399,adv,45,Ellyes Skhiri,Tuta,Tactique
4445399,adv,62,Omar Marmoush,Farès Chaïbi,Tactique
4445399,adv,62,Can Uzun,Mario Götze,Tactique
4445399,ol,71,Jordan Veretout,Ernest Nuamah,Tactique
4445399,ol,71,Saïd Benrahma,Rayan Cherki,Tactique
4445399,adv,78,Jean-Mattéo Bahoya,Ansgar Knauff,Tactique
4445399,ol,80,Tanner Tessmann,Corentin Tolisso,Tactique
4445399,ol,80,Georges Mikautadze,Alexandre Lacazette,Tactique
4445399,ol,80,Abner,Nicolás Tagliafico,Tactique
4363863,adv,55,Ibrahima Niane,Bamba Dieng,Tactique
4363863,adv,64,Estéban Lepaul,Jim Allevinah,Tactique
4363863,ol,67,Georges Mikautadze,Alexandre Lacazette,Tactique
4363863,ol,67,Ernest Nuamah,Rayan Cherki,Tactique
4363863,adv,75,Yassin Belkhdim,Jean-Eudes Aholou,Tactique
4363863,adv,75,Lilian Raolisoa,Farid El Melali,Tactique
4363863,adv,75,Jacques Ekomié,Florent Hanin,Tactique
4363863,ol,81,Abner,Nicolás Tagliafico,Tactique
4363863,ol,81,Tanner Tessmann,Nemanja Matić,Tactique
4363863,ol,88,Wilfried Zaha,Malick Fofana,Tactique
4363859,adv,4,Badredine Bouanani,Mohamed-Ali Cho,Blessure
4363859,ol,45,Rayan Cherki,Saïd Benrahma,Tactique
4363859,ol,70,Ainsley Maitland-Niles,Duje Caleta-Car,Tactique
4363859,ol,70,Georges Mikautadze,Alexandre Lacazette,Tactique
4363859,adv,72,Gaëtan Laborde,Tanguy Ndombélé,Tactique
4363859,adv,72,Amidou Doumbouya,Yaël Nandjou,Tactique
4363859,ol,76,Ernest Nuamah,Malick Fofana,Tactique
4363859,adv,82,Issiaga Camara,Hicham Boudaoui,Tactique
4363859,ol,82,Maxence Caqueret,Corentin Tolisso,Tactique
4363859,adv,83,Rareș Ilie,Sofiane Diop,Tactique
4445452,ol,45,Corentin Tolisso,Ernest Nuamah,Tactique
4445452,adv,59,Matheus Silva,Marko Vesovic,Tactique
4445452,adv,59,Leandro Andrade,Oleksiy Kashchuk,Tactique
4445452,adv,59,Júlio Romão,Patrick Andrade,Tactique
4445452,ol,61,Saïd Benrahma,Rayan Cherki,Tactique
4445452,adv,64,Elvin Cafarquliyev,Toral Bayramov,Tactique
4445452,adv,73,Emmanuel Addai,Yassine Benzia,Tactique
4445452,ol,75,Nemanja Matić,Tanner Tessmann,Tactique
4445452,ol,75,Maxence Caqueret,Jordan Veretout,Tactique
4445452,ol,81,Enzo Molebe,Malick Fofana,Tactique
4363850,ol,67,Malick Fofana,Ernest Nuamah,Tactique
4363850,adv,69,Teddy Teuma,Amadou Koné,Blessure
4363850,adv,76,Aurélio Buta,Nhoa Sangui,Tactique
4363850,ol,78,Tanner Tessmann,Nemanja Matić,Tactique
4363850,ol,78,Georges Mikautadze,Saïd Benrahma,Tactique
4363850,adv,2,Amine Salama,Oumar Diakité,Tactique
4363850,adv,2,Gabriel Moscardo,Valentin Atangana,Tactique
4363834,adv,61,Ibrahim Sissoko,Lucas Stassin,Tactique
4363834,ol,64,Tanner Tessmann,Nemanja Matić,Tactique
4363834,ol,64,Ernest Nuamah,Jordan Veretout,Tactique
4363834,adv,76,Ibrahima Wadji,Augustine Boakye,Tactique
4363834,adv,77,Dennis Appiah,Yvann Maçon,Tactique
4363834,adv,77,Aïmen Moueffek,Louis Mouton,Tactique
4363834,ol,78,Clinton Mata,Rayan Cherki,Tactique
4363834,ol,79,Georges Mikautadze,Alexandre Lacazette,Tactique
4363834,ol,85,Wilfried Zaha,Malick Fofana,Tactique
4363834,adv,86,Mathis Amougou,Benjamin Bouchouari,Tactique
4445417,ol,60,Rayan Cherki,Georges Mikautadze,Tactique
4445417,ol,60,Alexandre Lacazette,Gift Orban,Tactique
4445417,ol,60,Malick Fofana,Saïd Benrahma,Tactique
4445417,ol,60,Ainsley Maitland-Niles,Saël Kumbedi,Tactique
4445417,adv,67,Pavel Kaderabek,Alexander Prass,Tactique
4445417,adv,67,Marius Bülter,Andrej Kramaric,Tactique
4445417,adv,74,Haris Tabakovic,Max Moerstedt,Tactique
4445417,adv,75,Adam Hlozek,Tom Bischof,Tactique
4445417,ol,81,Corentin Tolisso,Maxence Caqueret,Tactique
4363829,adv,69,Matias Fernandez-Pardo,Osame Sahraoui,Tactique
4363829,adv,69,Ayyoub Bouaddi,Angel Gomes,Tactique
4363829,ol,76,Saïd Benrahma,Jordan Veretout,Tactique
4363829,adv,80,Mitchel Bakker,Edon Zhegrova,Tactique
4363829,adv,80,Mohamed Bayo,Ngal'ayel Mukau,Tactique
4363829,ol,84,Georges Mikautadze,Alexandre Lacazette,Tactique
4363829,adv,84,Ousmane Touré,Thomas Meunier,Blessure
4363818,adv,45,Rayan Raveloson,Kévin Danois,Tactique
4363818,adv,66,Theo Bair,Gaëtan Perrin,Tactique
4363818,adv,66,Lassine Sinayoko,Florian Ayé,Tactique
4363818,ol,68,Alexandre Lacazette,Saïd Benrahma,Tactique
4363818,ol,76,Wilfried Zaha,Nemanja Matić,Tactique
4363818,ol,77,Rayan Cherki,Georges Mikautadze,Tactique
4363818,adv,83,Ado Onaiwu,Hamed Traoré,Blessure
4363818,ol,84,Ainsley Maitland-Niles,Saël Kumbedi,Tactique
4363818,adv,1,Assane Dioussé,Elisha Owusu,Tactique
4445402,ol,64,Malick Fofana,Saïd Benrahma,Tactique
4445402,ol,64,Maxence Caqueret,Tanner Tessmann,Tactique
4445402,adv,65,Semih Kılıçsoy,Ernest Muci,Tactique
4445402,ol,71,Wilfried Zaha,Ernest Nuamah,Tactique
4445402,ol,78,Georges Mikautadze,Rayan Cherki,Tactique
4445402,ol,78,Gift Orban,Alexandre Lacazette,Tactique
4445402,adv,85,Onur Bulut,Ciro Immobile,Tactique
4445402,adv,85,Moatasem Al-Musrati,João Mário,Tactique
4445402,adv,6,Salih Uçan,Gedson Fernandes,Tactique
4363808,adv,64,Emmanuel Sabbi,Issa Soumaré,Tactique
4363808,adv,65,André Ayew,Timothée Pembélé,Tactique
4363808,adv,65,Daler Kuzyaev,Rassoul Ndiaye,Tactique
4363808,ol,71,Saïd Benrahma,Alexandre Lacazette,Tactique
4363808,ol,71,Georges Mikautadze,Rayan Cherki,Tactique
4363808,ol,72,Ernest Nuamah,Malick Fofana,Tactique
4363808,adv,79,Steve Ngoura,Josué Casimir,Tactique
4363808,adv,80,Yassine Kechta,Abdoulaye Touré,Tactique
4363808,ol,82,Warmed Omari,Corentin Tolisso,Tactique
4363808,ol,85,Saël Kumbedi,Clinton Mata,Tactique
4363797,adv,64,Mostafa Mohamed,Jean-Philippe Gbamin,Tactique
4363797,ol,64,Ernest Nuamah,Rayan Cherki,Tactique
4363797,adv,65,Florent Mollet,Sorba Thomas,Tactique
4363797,adv,72,Ignatius Ganago,Moses Simon,Tactique
4363797,ol,73,Maxence Caqueret,Corentin Tolisso,Tactique
4363797,ol,73,Tanner Tessmann,Malick Fofana,Tactique
4363797,adv,80,Dehmaine Tabibou,Pedro Chirivella,Tactique
4363797,adv,80,Louis Leroux,Matthis Abline,Tactique
4363797,ol,82,Abner,Saïd Benrahma,Tactique
4363797,ol,82,Georges Mikautadze,Alexandre Lacazette,Tactique
4445356,ol,27,Maxence Caqueret,Nemanja Matić,Blessure
4445356,ol,42,Moussa Niakhaté,Clinton Mata,Blessure
4445356,adv,45,Kieran Dowell,Tom Lawrence,Tactique
4445356,adv,60,Neraysho Kasanwirjo,James Tavernier,Tactique
4445356,adv,68,Nicolas Raskin,Connor Barron,Tactique
4445356,adv,68,Dujon Sterling,Vaclav Cerny,Tactique
4445356,ol,74,Mahamadou Diawara,Jordan Veretout,Tactique
4445356,ol,74,Saïd Benrahma,Malick Fofana,Tactique
4445356,ol,74,Ernest Nuamah,Rayan Cherki,Tactique
4445356,adv,80,Ross McCausland,Nedim Bajrami,Tactique
4363794,ol,52,Rayan Cherki,Jordan Veretout,Tactique
4363794,ol,52,Malick Fofana,Wilfried Zaha,Tactique
4363794,adv,63,Zakaria Aboukhlal,Frank Magri,Tactique
4363794,adv,64,Joshua King,Shavy Babicka,Tactique
4363794,adv,66,Gabriel Suazo,Aron Dønnum,Blessure
4363794,ol,66,Corentin Tolisso,Tanner Tessmann,Tactique
4363794,ol,67,Alexandre Lacazette,Georges Mikautadze,Tactique
4363794,ol,88,Ainsley Maitland-Niles,Saël Kumbedi,Tactique
4363794,adv,3,Miha Zajc,Yann Gboho,Tactique
4363794,adv,3,Denis Genreau,Vincent Sierro,Tactique
4445401,adv,59,Charalampos Kostoulas,Roman Yaremchuk,
4445401,ol,66,Wilfried Zaha,Malick Fofana,Tactique
4445401,ol,66,Tanner Tessmann,Nemanja Matić,Tactique
4445401,ol,66,Saïd Benrahma,Rayan Cherki,Tactique
4445401,adv,67,Willian,Dani García,
4445401,adv,67,Marko Stamenić,Lorenzo Pirola,Blessure
4445401,ol,74,Georges Mikautadze,Alexandre Lacazette,Tactique
4445401,ol,80,Mahamadou Diawara,Ernest Nuamah,Tactique
4445401,adv,82,Andreas Ntoi,Panagiotis Retsos,
4445401,adv,82,Kristoffer Velde,Chiquinho,
4363779,adv,10,Valentin Rongier,Amine Harit,Tactique
4363779,adv,45,Pol Lirola,Elye Wahi,Tactique
4363779,adv,66,Ulisses Garcia,Ismaël Koné,Tactique
4363779,ol,66,Maxence Caqueret,Jordan Veretout,Tactique
4363779,ol,66,Georges Mikautadze,Alexandre Lacazette,Tactique
4363779,ol,74,Malick Fofana,Corentin Tolisso,Tactique
4363779,ol,74,Ernest Nuamah,Abner,Tactique
4363779,adv,78,Neal Maupay,Luis Henrique,Tactique
4363779,adv,78,Jonathan Rowe,Mason Greenwood,Tactique
4363779,ol,82,Rayan Cherki,Nemanja Matić,Tactique
4363772,adv,57,Hamzat Ojediran,David Da Costa,Tactique
4363772,ol,64,Jordan Veretout,Corentin Tolisso,Blessure
4363772,ol,64,Georges Mikautadze,Gift Orban,Tactique
4363772,adv,69,Rémy Labeau Lascary,Wesley Saïd,Tactique
4363772,ol,79,Malick Fofana,Abner,Tactique
4363772,adv,83,Anass Zaroury,Adrien Thomasson,Tactique
4363772,adv,83,Martín Satriano,Florian Sotoca,Tactique
4363772,adv,84,Neil El Aynaoui,Andy Diouf,Tactique
4363772,ol,87,Tanner Tessmann,Nemanja Matić,Blessure
4363762,adv,45,Caleb Wiley,Félix Lemaréchal,Tactique
4363762,ol,58,Malick Fofana,Georges Mikautadze,Tactique
4363762,ol,58,Gift Orban,Abner,Tactique
4363762,adv,67,Sékou Mara,Sebastian Nanasi,Tactique
4363762,adv,68,Marvin Senaya,Habib Diarra,Tactique
4363762,adv,73,Diego Moreira,Saïdou Sow,Blessure
4363762,adv,81,Jérémy Sebas,Emmanuel Emegha,Tactique
4363762,ol,86,Tanner Tessmann,Nemanja Matić,Tactique
4363762,ol,1,Adryelson,Duje Caleta-Car,Blessure
4363759,ol,16,Georges Mikautadze,Ernest Nuamah,Blessure
4363759,adv,63,Jordan Teze,Vanderson,Tactique
4363759,adv,63,George Ilenikhena,Breel Embolo,Tactique
4363759,ol,72,Nemanja Matić,Abner,Tactique
4363759,ol,72,Mama Baldé,Malick Fofana,Tactique
4363759,adv,76,Kassoum Ouattara,Eliesse Ben Seghir,Tactique
4363759,ol,80,Corentin Tolisso,Maxence Caqueret,Tactique
4363759,ol,80,Mahamadou Diawara,Saïd Benrahma,Tactique
4363759,adv,85,Wilfried Singo,Takumi Minamino,Tactique
4363759,adv,85,Soungoutou Magassa,Denis Zakaria,Tactique
4363751,ol,67,Malick Fofana,Orel Mangala,Tactique
4363751,adv,72,Hans Hateboer,Lorenz Assignon,Tactique
4363751,ol,75,Mama Baldé,Ernest Nuamah,Tactique
4363751,adv,80,Baptiste Santamaria,Benjamin Bourigeaud,Tactique
4363751,ol,84,Ainsley Maitland-Niles,Abner,Tactique
4363751,ol,84,Mahamadou Diawara,Maxence Caqueret,Tactique
4363751,ol,85,Corentin Tolisso,Nemanja Matić,Tactique
4363751,adv,86,Adrien Truffert,Alidu Seidu,Tactique
4363751,adv,86,Henrik Meister,Albert Grønbaek,Tactique
4323552,ol,66,Ernest Nuamah,Rayan Cherki,Tactique
4323552,ol,72,Ainsley Maitland-Niles,Clinton Mata,Tactique
4323552,ol,73,Orel Mangala,Corentin Tolisso,Tactique
4323552,ol,73,Malick Fofana,Saïd Benrahma,Tactique
4323552,adv,84,Kang-in Lee,Bradley Barcola,Blessure
4323552,ol,85,Mama Baldé,Nemanja Matić,Tactique
4323552,adv,2,Marco Asensio,Ousmane Dembélé,Tactique
4094879,adv,66,Lucas Perrin,Thomas Delaine,Tactique
4094879,ol,67,Orel Mangala,Corentin Tolisso,Tactique
4094879,adv,68,Aboubacar Ali,Habib Diarra,Blessure
4094879,ol,68,Malick Fofana,Saïd Benrahma,Tactique
4094879,ol,68,Ernest Nuamah,Rayan Cherki,Tactique
4094879,adv,82,Patrick Ouotro,Rabby Nzingoula,Tactique
4094879,ol,88,Ainsley Maitland-Niles,Nicolás Tagliafico,Tactique
4094871,ol,66,Ernest Nuamah,Gift Orban,Tactique
4094871,adv,72,Jim Allevinah,Elbasan Rashani,Tactique
4094871,adv,72,Habib Keïta,Johan Gastien,Tactique
4094871,ol,74,Alexandre Lacazette,Rayan Cherki,Tactique
4094871,ol,75,Ainsley Maitland-Niles,Henrique Silva,Tactique
4094871,ol,79,Mahamadou Diawara,Nemanja Matić,Blessure
4094871,adv,83,Bilal Boutobba,Muhammed Cham,Tactique
4094871,adv,83,İlhan Fakılı,Alan Virginius,Tactique
4094859,adv,25,Edon Zhegrova,Yusuf Yazıcı,Blessure
4094859,ol,45,Ainsley Maitland-Niles,Nicolás Tagliafico,Tactique
4094859,adv,57,Rémy Cabella,Gabriel Gudmundsson,Blessure
4094859,ol,66,Orel Mangala,Corentin Tolisso,Tactique
4094859,ol,66,Malick Fofana,Saïd Benrahma,Tactique
4094859,ol,67,Rayan Cherki,Nemanja Matić,Tactique
4094859,adv,74,Alexsandro,Edon Zhegrova,Tactique
4094859,ol,78,Mama Baldé,Ernest Nuamah,Tactique
4094853,adv,45,Breel Embolo,Folarin Balogun,Tactique
4094853,adv,45,Mohammed Salisu,Guillermo Maripán,Tactique
4094853,adv,45,Kassoum Ouattara,Vanderson,Tactique
4094853,ol,64,Rayan Cherki,Saïd Benrahma,Tactique
4094853,ol,65,Malick Fofana,Ernest Nuamah,Tactique
4094853,ol,78,Orel Mangala,Corentin Tolisso,Tactique
4094853,ol,2,Mama Baldé,Alexandre Lacazette,Tactique
4094839,ol,45,Clinton Mata,Saïd Benrahma,Tactique
4094839,adv,67,Milan Škriniar,Marquinhos,Tactique
4094839,adv,67,Senny Mayulu,Bradley Barcola,Tactique
4094839,ol,67,Corentin Tolisso,Nemanja Matić,Tactique
4094839,ol,67,Gift Orban,Alexandre Lacazette,Tactique
4094839,adv,76,Nordi Mukiele,Achraf Hakimi,Tactique
4094839,adv,76,Carlos Soler,Warren Zaïre-Emery,Tactique
4094839,ol,76,Mama Baldé,Rayan Cherki,Tactique
4094839,ol,77,Malick Fofana,Ernest Nuamah,Tactique
4094839,adv,80,Kang-in Lee,Gonçalo Ramos,Tactique
4094835,ol,67,Rayan Cherki,Corentin Tolisso,Tactique
4094835,ol,67,Ernest Nuamah,Malick Fofana,Tactique
4094835,adv,71,Mahdi Camara,Kamory Doumbia,Tactique
4094835,adv,79,Jérémy Le Douaron,Martín Satriano,Tactique
4094835,adv,79,Luck Zogbé,Julien Le Cardinal,Tactique
4094835,ol,88,Henrique Silva,Saïd Benrahma,Tactique
4094835,adv,88,Mathias Pereira Lage,Romain Del Castillo,Tactique
4094835,ol,14,Gift Orban,Alexandre Lacazette,Blessure
4094827,adv,40,Nathan Zézé,Eray Cömert,Blessure
4094827,ol,59,Rayan Cherki,Corentin Tolisso,Tactique
4094827,ol,74,Malick Fofana,Ernest Nuamah,Tactique
4094827,adv,75,Marcus Coco,Florent Mollet,Tactique
4094827,adv,75,Abdoul Kader Bamba,Mostafa Mohamed,Tactique
4094827,adv,85,Samuel Moutoussamy,Douglas Augusto,Tactique
4094827,adv,85,Bénie Traoré,Moussa Sissoko,Tactique
4094827,ol,85,Mama Baldé,Saïd Benrahma,Tactique
4094827,ol,85,Gift Orban,Alexandre Lacazette,Tactique
4306321,ol,55,Corentin Tolisso,Orel Mangala,Blessure
4306321,ol,71,Rayan Cherki,Nemanja Matić,Tactique
4306321,ol,71,Gift Orban,Alexandre Lacazette,Tactique
4306321,adv,71,Sacha Bansé,Jean-Éric Moursou,Tactique
4306321,adv,71,Yacine El Amri,Allan Linguet,Tactique
4306321,ol,79,Ainsley Maitland-Niles,Clinton Mata,Tactique
4306321,ol,79,Mama Baldé,Ernest Nuamah,Tactique
4306321,adv,79,Flamarion,Julien Masson,Tactique
4306321,adv,79,Aymen Boutoutaou,Siriné Doucouré,Tactique
4306321,adv,86,Foe Ondoa,Anthony Knockaert,Tactique
4094816,ol,45,Ernest Nuamah,Rayan Cherki,Tactique
4094816,ol,61,Saïd Benrahma,Nemanja Matić,Tactique
4094816,ol,61,Malick Fofana,Alexandre Lacazette,Tactique
4094816,ol,71,Mama Baldé,Gift Orban,Tactique
4094816,adv,71,Amadou Koné,Valentin Atangana,Tactique
4094816,adv,72,Amir Richardson,Keito Nakamura,Tactique
4094816,adv,80,Thomas Foket,Reda Khadra,Tactique
4094816,adv,80,Maxime Busi,Sergio Akieme,Tactique
4094816,ol,88,Saël Kumbedi,Henrique Silva,Tactique
4094816,adv,88,Christ Letono,Oumar Diakité,Tactique
4094804,ol,45,Gift Orban,Alexandre Lacazette,Tactique
4094804,ol,65,Rayan Cherki,Ainsley Maitland-Niles,Tactique
4094804,adv,68,Cristian Cásseres Jr.,Stijn Spierings,Tactique
4094804,adv,68,Frank Magri,Aron Dønnum,Tactique
4094804,ol,72,Mama Baldé,Corentin Tolisso,Tactique
4094804,ol,72,Malick Fofana,Ernest Nuamah,Tactique
4094804,adv,77,Mikkel Desler,Warren Kamanzi,Tactique
4094804,adv,88,Zakaria Aboukhlal,Yann Gboho,Tactique
4094804,adv,88,Shavy Babicka,Vincent Sierro,Tactique
4094797,ol,65,Rayan Cherki,Malick Fofana,Tactique
4094797,ol,65,Gift Orban,Mama Baldé,Tactique
4094797,adv,72,Aiyegun Tosin,Julien Ponceau,Tactique
4094797,adv,72,Imrân Louza,Tiemoué Bakayoko,Tactique
4094797,adv,72,Badredine Bouanani,Ayman Kari,Tactique
4094797,ol,75,Henrique Silva,Saïd Benrahma,Blessure
4094797,adv,80,Bamba Dieng,Mohamed Bamba,Tactique
4094797,adv,80,Junior Kroupi,Julien Laporte,Tactique
4094797,ol,2,Mahamadou Diawara,Nemanja Matić,Tactique
4094788,ol,60,Rayan Cherki,Gift Orban,Tactique
4094788,ol,60,Malick Fofana,Orel Mangala,Tactique
4094788,adv,72,Salis Abdul Samed,Nampalys Mendy,Tactique
4094788,adv,73,Adrien Thomasson,David Da Costa,Tactique
4094788,ol,76,Mama Baldé,Saïd Benrahma,Tactique
4094788,adv,78,Wesley Saïd,Elye Wahi,Blessure
4094788,ol,85,Clinton Mata,Ernest Nuamah,Tactique
4094788,adv,86,Abdukodir Khusanov,Jonathan Gradit,Tactique
4284622,adv,45,Habib Diarra,Ângelo,Tactique
4284622,adv,63,Emmanuel Emegha,Kévin Gameiro,Tactique
4284622,ol,65,Gift Orban,Alexandre Lacazette,Blessure
4284622,ol,76,Rayan Cherki,Orel Mangala,Tactique
4284622,ol,76,Malick Fofana,Ernest Nuamah,Tactique
4284622,adv,86,Marvin Senaya,Junior Mwanga,Tactique
4284622,adv,86,Rabby Nzingoula,Frédéric Guilbert,Tactique
4284622,ol,4,Clinton Mata,Nicolás Tagliafico,Blessure
4094784,ol,45,Saïd Benrahma,Gift Orban,Tactique
4094784,adv,54,Kevin Van Den Kerkhof,Cheikh Sabaly,Tactique
4094784,ol,69,Rayan Cherki,Orel Mangala,Tactique
4094784,ol,69,Malick Fofana,Ernest Nuamah,Tactique
4094784,adv,74,Arthur Atta,Didier Lamkel Zé,Tactique
4094784,adv,74,Ibou Sané,Joel Asoro,Tactique
4094784,adv,81,Joseph Nduquidi,Lamine Camara,Blessure
4094784,ol,88,Mama Baldé,Alexandre Lacazette,Blessure
4094784,ol,5,Paul Akouokou,Maxence Caqueret,Blessure
4094771,adv,58,Jérémie Boga,Gaëtan Laborde,Tactique
4094771,adv,58,Alexis Claude-Maurice,Youssouf Ndayishimiye,Tactique
4094771,adv,58,Terem Moffi,Evann Guessand,Tactique
4094771,adv,70,Tom Louchet,Morgan Sanson,Tactique
4094771,ol,73,Malick Fofana,Orel Mangala,Tactique
4094771,ol,73,Gift Orban,Saïd Benrahma,Tactique
4094771,ol,78,Rayan Cherki,Ernest Nuamah,Tactique
4094771,adv,80,Aliou Baldé,Mohamed-Ali Cho,Tactique
4094766,ol,43,Orel Mangala,Corentin Tolisso,Blessure
4094766,ol,56,Clinton Mata,Ainsley Maitland-Niles,Tactique
4094766,ol,56,Rayan Cherki,Saïd Benrahma,Tactique
4094766,ol,56,Malick Fofana,Ernest Nuamah,Tactique
4094766,adv,63,Yann Karamoh,Arnaud Nordin,Tactique
4094766,adv,66,Enzo Tchato,Silvan Hefti,Blessure
4094766,adv,88,Wahbi Khazri,Téji Savanier,Tactique
4094766,adv,88,Léo Leroy,Modibo Sagnan,Tactique
4094766,ol,88,Gift Orban,Alexandre Lacazette,Blessure
4271194,ol,63,Nemanja Matić,Orel Mangala,Tactique
4271194,ol,63,Ernest Nuamah,Rayan Cherki,Tactique
4271194,ol,68,Alexandre Lacazette,Gift Orban,Tactique
4271194,ol,68,Clinton Mata,Nicolás Tagliafico,Tactique
4271194,adv,70,Tiago Morais,Edon Zhegrova,Tactique
4271194,adv,76,Yusuf Yazıcı,Nabil Bentaleb,Tactique
4271194,adv,76,Andrej Ilic,Jonathan David,Tactique
4271194,adv,83,Gabriel Gudmundsson,Ismaily,Tactique
4271194,adv,83,Ayyoub Bouaddi,Andrej Ilic,Blessure
4271194,ol,1,Mama Baldé,Malick Fofana,Tactique
4094753,ol,45,Corentin Tolisso,Nicolás Tagliafico,Tactique
4094753,adv,58,Jonathan Clauss,Bamo Meïté,Tactique
4094753,adv,58,Faris Moumbagna,Iliman Ndiaye,Tactique
4094753,ol,69,Malick Fofana,Gift Orban,Tactique
4094753,adv,80,Ulisses Garcia,Quentin Merlin,Tactique
4094753,ol,81,Paul Akouokou,Nemanja Matić,Tactique
4094753,ol,85,Adryelson,Alexandre Lacazette,Tactique
4094744,ol,45,Henrique Silva,Malick Fofana,Tactique
4094744,ol,45,Ernest Nuamah,Rayan Cherki,Tactique
4094744,ol,45,Gift Orban,Mahamadou Diawara,Tactique
4094744,adv,62,Azor Matusiwa,Arnaud Kalimuendo,Tactique
4094744,adv,66,Bertuğ Yıldırım,Martin Terrier,Tactique
4094744,adv,78,Ludovic Blas,Désiré Doué,Tactique
4094744,adv,78,Ibrahim Salah,Benjamin Bourigeaud,Tactique
4094744,ol,78,Chaïm El Djebali,Maxence Caqueret,Tactique
4094744,ol,88,Mama Baldé,Ainsley Maitland-Niles,Tactique
4259227,ol,45,Ainsley Maitland-Niles,Adryelson,Tactique
4259227,adv,66,Lucas Dumai,Hicham M'Laab,Tactique
4259227,ol,69,Diego Moreira,Henrique Silva,Tactique
4259227,adv,74,Patrick Tchoutang,Romain Escarpit,Tactique
4259227,adv,75,Valdir Fonseca,Axel Tressens,Tactique
4259227,adv,82,César Neto,Victor Elissalt,Tactique
4259227,adv,82,Daniel Glao,Moussa Faty,Tactique
4259227,ol,84,Saël Kumbedi,Alexandre Lacazette,Tactique
4094737,ol,31,Saël Kumbedi,Diego Moreira,Tactique
4094737,adv,69,Nabil Alioui,Daler Kuzyaev,Tactique
4094737,adv,69,Antoine Joujou,Emmanuel Sabbi,Tactique
4094737,ol,69,Malick Fofana,Ainsley Maitland-Niles,Tactique
4094737,adv,84,Nolan Mbemba,Oussama Targhalline,Tactique
4094737,adv,84,Oualid El Hajjam,Josué Casimir,Tactique
4094737,adv,84,Steve Ngoura,Loïc Nego,Tactique
4094737,ol,2,Adryelson,Rayan Cherki,Tactique
4240667,adv,64,Alan Mougenel,Sabri Hattab,Blessure
4240667,adv,70,Mathieu Duféal,Jérémie Courtet,Tactique
4240667,adv,70,Thomas Rota,Maxime Bonnet,Tactique
4240667,ol,74,Mamadou Sarr,Nicolás Tagliafico,Tactique
4240667,ol,74,Mahamadou Diawara,Maxence Caqueret,Tactique
4240667,adv,77,Abdallah Imamo,Maxence Villemain,Tactique
4240667,adv,78,Alexis Chaillet,Jordan Renaudin,Tactique
4240667,ol,79,Henrique Silva,Alexandre Lacazette,Tactique
4240667,ol,79,Paul Akouokou,Corentin Tolisso,Tactique
4240667,ol,86,Rémy Riou,Anthony Lopes,Tactique
4094725,adv,45,Marcus Coco,Fabien Centonze,Tactique
4094725,adv,45,Mostafa Mohamed,Matthis Abline,Tactique
4094725,adv,69,Moussa Sissoko,Pedro Chirivella,Blessure
4094725,adv,73,Abdoul Kader Bamba,Jean-Kévin Duverne,Tactique
4094725,ol,81,Tino Kadewere,Ernest Nuamah,Tactique
4094725,ol,87,Ainsley Maitland-Niles,Alexandre Lacazette,Tactique
4094725,ol,87,Saël Kumbedi,Rayan Cherki,Tactique
4094725,adv,4,Nicolas Pallois,Douglas Augusto,Tactique
4094716,adv,69,Edan Diop,Mohamed Camara,Blessure
4094716,ol,70,Mahamadou Diawara,Rayan Cherki,Tactique
4094716,ol,71,Ainsley Maitland-Niles,Corentin Tolisso,Tactique
4094716,ol,73,Henrique Silva,Nicolás Tagliafico,Blessure
4094716,adv,77,Wissam Ben Yedder,Maghnes Akliouche,Tactique
4094716,ol,82,Tino Kadewere,Alexandre Lacazette,Blessure
4094716,ol,82,Jeffinho,Ernest Nuamah,Tactique
4094716,adv,87,Kassoum Ouattara,Ismail Jakobs,Tactique
4094708,ol,58,Diego Moreira,Rayan Cherki,Tactique
4094708,ol,58,Saël Kumbedi,Clinton Mata,Tactique
4094708,ol,66,Tino Kadewere,Ernest Nuamah,Tactique
4094708,ol,66,Mahamadou Diawara,Corentin Tolisso,Tactique
4094708,adv,69,Ibrahim Cissoko,Vincent Sierro,Tactique
4094708,adv,69,Moussa Diarra,Gabriel Suazo,Tactique
4094708,adv,82,Cristian Cásseres Jr.,Stijn Spierings,Tactique
4094708,adv,82,César Gelabert,Aron Dønnum,Tactique
4094708,adv,82,Yanis Begraoui,Frank Magri,Tactique
4094708,ol,82,Mamadou Sarr,Dejan Lovren,Tactique
4094660,ol,53,Mahamadou Diawara,Paul Akouokou,Tactique
4094660,ol,68,Jeffinho,Ernest Nuamah,Tactique
4094660,ol,69,Saël Kumbedi,Diego Moreira,Tactique
4094660,adv,71,Ismaïla Sarr,Pierre-Emerick Aubameyang,Tactique
4094660,adv,79,Jonathan Clauss,Renan Lodi,Blessure
4094660,ol,81,Duje Caleta-Car,Dejan Lovren,Tactique
4094660,ol,81,Tino Kadewere,Rayan Cherki,Tactique
4094660,adv,83,Pape Gueye,Azzedine Ounahi,Tactique
4094660,adv,83,Bilal Nadir,Vitinha,Tactique
4094700,adv,45,Przemyslaw Frankowski,Deiver Machado,Tactique
4094700,adv,62,Adrien Thomasson,David Da Costa,Tactique
4094700,ol,62,Tino Kadewere,Diego Moreira,Tactique
4094700,ol,62,Paul Akouokou,Skelly Alvero,Tactique
4094700,adv,63,Morgan Guilavogui,Wesley Saïd,Tactique
4094700,adv,77,Massadio Haïdara,Ruben Aguilar,Tactique
4094700,ol,85,Duje Caleta-Car,Dejan Lovren,Tactique
4094700,ol,85,Mama Baldé,Ernest Nuamah,Tactique
4094700,adv,86,Nampalys Mendy,Neil El Aynaoui,Tactique
4094700,ol,88,Saël Kumbedi,Clinton Mata,Tactique
4094690,ol,45,Mama Baldé,Alexandre Lacazette,Tactique
4094690,ol,45,Paul Akouokou,Skelly Alvero,Tactique
4094690,ol,45,Rayan Cherki,Mahamadou Diawara,Tactique
4094690,adv,45,Hákon Arnar Haraldsson,Ivan Cavaleiro,Tactique
4094690,ol,64,Dejan Lovren,Tino Kadewere,Tactique
4094690,ol,79,Diego Moreira,Sinaly Diomandé,Tactique
4094690,adv,82,Rémy Cabella,Jonathan David,Tactique
4094690,adv,82,Adam Ounas,Edon Zhegrova,Tactique
4094690,adv,1,Samuel Umtiti,Yusuf Yazıcı,Tactique
4094677,adv,45,Baptiste Santamaria,Martin Terrier,Tactique
4094677,adv,45,Arnaud Kalimuendo,Ibrahim Salah,Tactique
4094677,adv,45,Jeanuël Belocian,Adrien Truffert,Tactique
4094677,ol,45,Alexandre Lacazette,Skelly Alvero,Tactique
4094677,ol,63,Tino Kadewere,Mama Baldé,Tactique
4094677,ol,63,Jeffinho,Rayan Cherki,Tactique
4094677,adv,72,Désiré Doué,Ludovic Blas,Tactique
4094677,ol,76,Mahamadou Diawara,Ernest Nuamah,Tactique
4094677,adv,84,Amine Gouiri,Christopher Wooh,Tactique
4094677,ol,4,Dejan Lovren,Corentin Tolisso,Tactique
4094674,adv,17,Guillaume Dietsch,Alexandre Oukidja,Blessure
4094674,ol,57,Rayan Cherki,Mama Baldé,Tactique
4094674,ol,57,Ernest Nuamah,Mahamadou Diawara,Tactique
4094674,adv,69,Joseph Nduquidi,Joel Asoro,Tactique
4094674,adv,69,Ibou Sané,Simon Elisor,Tactique
4094674,ol,80,Jeffinho,Clinton Mata,Tactique
4094674,adv,87,Kévin N'Doram,Ablie Jallow,Tactique
4094674,adv,88,Fali Candé,Danley Jean Jacques,Tactique
4094655,ol,45,Corentin Tolisso,Rayan Cherki,Tactique
4094655,ol,45,Ernest Nuamah,Paul Akouokou,Tactique
4094655,ol,45,Mahamadou Diawara,Ainsley Maitland-Niles,Tactique
4094655,ol,67,Mama Baldé,Jeffinho,Tactique
4094655,adv,67,Habib Keïta,Yohann Magnin,Tactique
4094655,adv,68,Elbasan Rashani,Maxime Gonalons,Tactique
4094655,adv,80,Bilal Boutobba,Muhammed Cham,Tactique
4094655,ol,82,Saël Kumbedi,Henrique Silva,Tactique
4094655,adv,82,Mehdi Zeffane,Jim Allevinah,Tactique
4094655,adv,83,Alidu Seidu,Maximiliano Caufriez,Tactique
4094644,adv,45,Tiemoué Bakayoko,Julien Ponceau,Tactique
4094644,adv,45,Formose Mendy,Julien Laporte,Tactique
4094644,ol,58,Mama Baldé,Jeffinho,Tactique
4094644,ol,59,Corentin Tolisso,Mahamadou Diawara,Tactique
4094644,ol,59,Johann Lepenant,Skelly Alvero,Tactique
4094644,ol,70,Saël Kumbedi,Ernest Nuamah,Tactique
4094644,adv,76,Bassirou N'Diaye,Junior Kroupi,Tactique
4094644,adv,86,Gédéon Kalulu,Théo Le Bris,Tactique
4094644,ol,87,Rayan Cherki,Maxence Caqueret,Tactique
4094644,adv,3,Joel Mvuka,Aiyegun Tosin,Tactique
4094639,ol,52,Ernest Nuamah,Rayan Cherki,Tactique
4094639,ol,53,Johann Lepenant,Corentin Tolisso,Tactique
4094639,ol,67,Tino Kadewere,Mama Baldé,Blessure
4094639,adv,76,Amir Richardson,Teddy Teuma,Tactique
4094639,ol,77,Henrique Silva,Nicolás Tagliafico,Tactique
4094639,ol,77,Jeffinho,Saël Kumbedi,Tactique
4094639,adv,79,Oumar Diakité,Mohamed Daramy,Tactique
4094639,adv,88,Emmanuel Agbadou,Keito Nakamura,Tactique
4094631,ol,50,Ainsley Maitland-Niles,Paul Akouokou,Tactique
4094631,ol,51,Mama Baldé,Ernest Nuamah,Tactique
4094631,ol,51,Tino Kadewere,Diego Moreira,Tactique
4094631,adv,69,Steve Mounié,Martín Satriano,Tactique
4094631,adv,75,Jonas Martin,Hugo Magnetti,Tactique
4094631,adv,75,Kamory Doumbia,Mahdi Camara,Tactique
4094631,ol,78,Rayan Cherki,Alexandre Lacazette,Tactique
4094631,adv,83,Billal Brahimi,Jérémy Le Douaron,Tactique
4094619,adv,57,Samuel Grandsir,Mohamed Bayo,Tactique
4094619,adv,57,Rassoul Ndiaye,Yassine Kechta,Tactique
4094619,ol,67,Mama Baldé,Corentin Tolisso,Tactique
4094619,adv,73,Emmanuel Sabbi,Nabil Alioui,Tactique
4094619,adv,73,Elysée Logbo,Josué Casimir,Tactique
4094619,ol,76,Johann Lepenant,Paul Akouokou,Tactique
4094619,ol,76,Diego Moreira,Ernest Nuamah,Tactique
4094619,adv,88,Issa Soumaré,Daler Kuzyaev,Tactique
4094608,ol,45,Mama Baldé,Tino Kadewere,Tactique
4094608,adv,74,Bradley Barcola,Ousmane Dembélé,Tactique
4094608,adv,74,Fabián Ruiz,Manuel Ugarte,Tactique
4094608,adv,74,Gonçalo Ramos,Marco Asensio,Tactique
4094608,ol,75,Jeffinho,Ernest Nuamah,Tactique
4094608,ol,75,Skelly Alvero,Rayan Cherki,Tactique
4094608,ol,79,Johann Lepenant,Corentin Tolisso,Tactique
4094608,adv,85,Cher Ndour,Warren Zaïre-Emery,Tactique
4094601,adv,68,Badredine Bouanani,Gaëtan Laborde,Tactique
4094601,ol,70,Tino Kadewere,Amin Sarr,Tactique
4094601,ol,70,Skelly Alvero,Ainsley Maitland-Niles,Tactique
4094601,adv,82,Billal Brahimi,Sofiane Diop,Tactique
4094601,adv,82,Hicham Boudaoui,Khéphren Thuram,Tactique
4094601,adv,88,Jordan Lotomba,Youcef Atal,Tactique
4094601,adv,88,Evann Guessand,Terem Moffi,Tactique
4094601,ol,88,Mohamed El Arouch,Rayan Cherki,Tactique
4094591,adv,62,Wahbi Khazri,Arnaud Nordin,Tactique
4094591,ol,68,Ainsley Maitland-Niles,Maxence Caqueret,Tactique
4094591,ol,68,Amin Sarr,Jeffinho,Tactique
4094591,adv,88,Léo Leroy,Téji Savanier,Tactique
4094591,adv,5,Becir Omeragic,Jordan Ferri,Tactique
4094591,adv,5,Sacha Delaye,Mousa Al-Tamari,Tactique
4094579,ol,20,Saël Kumbedi,Clinton Mata,Blessure
4094579,adv,67,Kévin Gameiro,Emmanuel Emegha,Tactique
4094579,adv,67,Marvin Senaya,Frédéric Guilbert,Tactique
4094579,ol,70,Jeffinho,Johann Lepenant,Tactique
4094579,adv,80,Dilane Bakwa,Lebo Mothiba,Tactique
4094579,adv,80,Ângelo,Sanjin Prcic,Tactique
4094579,ol,84,Amin Sarr,Alexandre Lacazette,Blessure
4094579,adv,3,Ibrahima Sissoko,Jean-Ricner Bellegarde,Tactique
3840450,adv,45,Badredine Bouanani,Antoine Mendy,Tactique
3840450,ol,45,Thiago Mendes,Jérôme Boateng,Tactique
3840450,adv,58,Reda Belahyane,Hicham Boudaoui,Blessure
3840450,ol,69,Johann Lepenant,Corentin Tolisso,Tactique
3840450,ol,75,Amin Sarr,Rayan Cherki,Tactique
3840450,adv,81,Ayoub Amraoui,Melvin Bard,Blessure
3840450,adv,4,Théo Trinker,Alexis Beka Beka,Tactique
3840450,adv,4,Andréa Dacourt,Sofiane Diop,Tactique
3840439,adv,58,Dion Lopy,Valentin Atangana,Tactique
3840439,adv,58,Fallou Fall,Alexis Flips,Tactique
3840439,ol,65,Houssem Aouar,Jeffinho,Tactique
3840439,ol,68,Johann Lepenant,Jérôme Boateng,Tactique
3840439,ol,82,Malo Gusto,Saël Kumbedi,Tactique
3840439,ol,82,Mamadou Sarr,Maxence Caqueret,Tactique
3840439,ol,83,Amin Sarr,Bradley Barcola,Tactique
3840439,adv,87,Thibault De Smet,Jens Cajuste,Tactique
3840439,adv,87,Samuel Koeberlé,Maxime Busi,Tactique
3840439,adv,3,Mamadou Diakhon,Junya Ito,Tactique
3840431,adv,63,Mohamed Camara,Eliot Matazo,Tactique
3840431,adv,63,Eliesse Ben Seghir,Maghnes Akliouche,Tactique
3840431,adv,70,Breel Embolo,Wissam Ben Yedder,Tactique
3840431,adv,70,Krépin Diatta,Aleksandr Golovin,Tactique
3840431,ol,75,Thiago Mendes,Jeffinho,Tactique
3840416,ol,43,Thiago Mendes,Dejan Lovren,Blessure
3840416,ol,64,Jeffinho,Amin Sarr,Tactique
3840416,ol,64,Saël Kumbedi,Malo Gusto,Tactique
3840416,adv,69,Muhammed Cham,Saîf-Eddine Khaoui,Blessure
3840416,ol,76,Moussa Dembélé,Rayan Cherki,Tactique
3840416,ol,76,Houssem Aouar,Maxence Caqueret,Tactique
3840416,adv,76,Maxime Gonalons,Yohann Magnin,Tactique
3840416,adv,76,Jim Allevinah,Mehdi Zeffane,Tactique
3840416,adv,77,Komnen Andric,Grejohn Kyei,Blessure
3840411,adv,45,Stephy Mavididi,Issiaga Sylla,Tactique
3840411,ol,45,Henrique Silva,Nicolás Tagliafico,Tactique
3840411,ol,58,Jeffinho,Johann Lepenant,Tactique
3840411,adv,64,Théo Sainte-Luce,Faitout Maouassa,Tactique
3840411,adv,64,Léo Leroy,Khalil Fayad,Tactique
3840411,ol,70,Saël Kumbedi,Malo Gusto,Tactique
3840411,adv,76,Maxime Estève,Mamadou Sakho,Blessure
3840411,adv,79,Valère Germain,Elye Wahi,Tactique
3840291,adv,45,Ismaël Doukouré,Jean-Eudes Aholou,Tactique
3840291,adv,69,Kévin Gameiro,Habib Diarra,Tactique
3840291,adv,69,Dimitri Liénard,Eduard Sobol,Tactique
3840291,ol,73,Johann Lepenant,Thiago Mendes,Tactique
3840291,ol,73,Amin Sarr,Bradley Barcola,Tactique
3840291,ol,80,Houssem Aouar,Maxence Caqueret,Tactique
3840291,adv,82,Yuito Suzuki,Morgan Sanson,Tactique
3840283,ol,79,Malo Gusto,Bradley Barcola,Tactique
3840283,ol,79,Jeffinho,Rayan Cherki,Tactique
3840283,ol,80,Johann Lepenant,Thiago Mendes,Tactique
3840283,adv,82,Vitinha,Ruslan Malinovskyi,Tactique
3840275,ol,62,Sinaly Diomandé,Saël Kumbedi,Tactique
3840275,adv,67,Ado Onaiwu,Zakaria Aboukhlal,Tactique
3840275,adv,75,Vincent Sierro,Denis Genreau,Tactique
3840275,ol,80,Thiago Mendes,Johann Lepenant,Tactique
3840275,ol,80,Houssem Aouar,Maxence Caqueret,Tactique
3840275,adv,81,Veljko Birmancevic,Farès Chaïbi,Blessure
3840262,adv,68,Désiré Doué,Lovro Majer,Tactique
3840262,adv,69,Flavien Tait,Lesley Ugochukwu,Tactique
3840262,adv,69,Jérémy Doku,Arnaud Kalimuendo,Tactique
3840262,adv,79,Ibrahim Salah,Baptiste Santamaria,Tactique
3840262,adv,86,Guéla Doué,Désiré Doué,Tactique
4035012,adv,32,Alban Lafont,Rémy Descamps,Blessure
4035012,ol,54,Houssem Aouar,Sinaly Diomandé,Tactique
4035012,ol,69,Maxence Caqueret,Thiago Mendes,Tactique
4035012,adv,76,Andy Delort,Mostafa Mohamed,Tactique
4035012,adv,76,Florent Mollet,Moussa Sissoko,Tactique
4035012,ol,79,Moussa Dembélé,Corentin Tolisso,Tactique
4035012,ol,79,Jeffinho,Rayan Cherki,Tactique
4035012,adv,87,Evann Guessand,Ludovic Blas,Tactique
3840253,ol,22,Bradley Barcola,Amin Sarr,Blessure
3840253,adv,59,Fabián Ruiz,El Chadaille Bitshiabu,Tactique
3840253,adv,59,Hugo Ekitiké,Marco Verratti,Blessure
3840253,ol,61,Maxence Caqueret,Saël Kumbedi,Tactique
3840253,ol,62,Corentin Tolisso,Johann Lepenant,Tactique
3840253,ol,68,Moussa Dembélé,Alexandre Lacazette,Tactique
3840253,ol,68,Houssem Aouar,Rayan Cherki,Tactique
3840253,adv,73,Warren Zaïre-Emery,Renato Sanches,Tactique
3840253,adv,82,Ismaël Gharbi,Vitinha,Tactique
3840232,adv,35,Jaouen Hadjam,Fabien Centonze,Blessure
3840232,ol,57,Rayan Cherki,Maxence Caqueret,Tactique
3840232,ol,57,Jeffinho,Amin Sarr,Tactique
3840232,ol,64,Moussa Dembélé,Alexandre Lacazette,Blessure
3840232,adv,66,Samuel Moutoussamy,Moussa Sissoko,Tactique
3840232,adv,67,Andy Delort,Mostafa Mohamed,Tactique
3840232,adv,67,Ludovic Blas,Moses Simon,Tactique
3840232,ol,73,Thiago Mendes,Corentin Tolisso,Tactique
3840232,ol,73,Houssem Aouar,Johann Lepenant,Tactique
3840232,adv,83,Sébastien Corchia,Evann Guessand,Blessure
3840226,ol,70,Saël Kumbedi,Sinaly Diomandé,Tactique
3840226,ol,71,Alexandre Lacazette,Rayan Cherki,Tactique
3840226,adv,73,Adam Ounas,Angel Gomes,Tactique
3840226,adv,83,Alan Virginius,Jonathan David,Tactique
3840226,ol,85,Moussa Dembélé,Johann Lepenant,Tactique
3840211,ol,64,Houssem Aouar,Corentin Tolisso,Tactique
3840211,adv,67,Igor Silva,Stéphane Diarra,Tactique
3840211,adv,68,Julien Ponceau,Jean-Victor Makengo,Tactique
3840211,adv,68,Théo Le Bris,Yoann Cathline,Tactique
3840211,ol,72,Moussa Dembélé,Amin Sarr,Tactique
3840211,adv,74,Ibrahima Koné,Bamba Dieng,Tactique
4022487,ol,45,Henrique Silva,Nicolás Tagliafico,Tactique
4022487,ol,45,Moussa Dembélé,Jeffinho,Tactique
4022487,adv,45,Abdoulie Sanyang,Allan Tchaptchet,Tactique
4022487,ol,53,Mohamed El Arouch,Bradley Barcola,Blessure
4022487,adv,62,Brice Maubleu,Esteban Salles,Blessure
4022487,adv,63,Jordan Tell,Pape Meïssa Ba,Tactique
4022487,adv,63,Amine Sbaï,Saikou Touray,Tactique
4022487,ol,76,Corentin Tolisso,Maxence Caqueret,Tactique
4022487,adv,86,Joris Correa,Franck Bambock,Tactique
3840201,adv,65,Adrien Hunou,Ibrahima Niane,Tactique
3840201,ol,66,Amin Sarr,Moussa Dembélé,Tactique
3840201,ol,66,Jeffinho,Rayan Cherki,Tactique
3840201,adv,69,Halid Sabanovic,Faouzi Ghoulam,Blessure
3840201,adv,84,Farid El Melali,Nabil Bentaleb,Tactique
3840201,adv,84,Jean-Mattéo Bahoya,Amine Salama,Tactique
3840201,ol,88,Mohamed El Arouch,Thiago Mendes,Blessure
3840201,ol,2,Henrique Silva,Nicolás Tagliafico,Tactique
3840189,adv,64,Gauthier Hein,Nuno da Costa,Tactique
3840189,ol,65,Thiago Mendes,Corentin Tolisso,Tactique
3840189,ol,67,Johann Lepenant,Sinaly Diomandé,Tactique
3840189,adv,68,Siriki Dembélé,Gaëtan Perrin,Blessure
3840189,ol,74,Bradley Barcola,Amin Sarr,Tactique
3840189,adv,87,M'Baye Niang,Matthis Abline,Tactique
3840186,ol,45,Amin Sarr,Alexandre Lacazette,Blessure
3840186,adv,62,Przemyslaw Frankowski,Julien Le Cardinal,Tactique
3840186,adv,62,Loïs Openda,Angelo Fulgini,Tactique
3840186,ol,65,Moussa Dembélé,Bradley Barcola,Tactique
3840186,adv,68,David Da Costa,Jonathan Gradit,Tactique
3840186,adv,76,Massadio Haïdara,Deiver Machado,Tactique
3840186,adv,76,Rémy Labeau Lascary,Florian Sotoca,Tactique
3840186,ol,79,Johann Lepenant,Rayan Cherki,Tactique
4007543,ol,32,Castello Lukeba,Malo Gusto,Blessure
4007543,adv,45,José Fonte,Leny Yoro,Tactique
4007543,ol,64,Moussa Dembélé,Alexandre Lacazette,Tactique
4007543,ol,64,Amin Sarr,Bradley Barcola,Tactique
4007543,adv,68,Alan Virginius,Jonathan David,Tactique
4007543,adv,75,Mohamed Bayo,Edon Zhegrova,Blessure
4007543,adv,82,Angel Gomes,Jonathan Bamba,Tactique
3840178,ol,60,Houssem Aouar,Bradley Barcola,Tactique
3840178,ol,60,Amin Sarr,Rayan Cherki,Tactique
3840178,ol,60,Saël Kumbedi,Malo Gusto,Tactique
3840178,ol,73,Castello Lukeba,Maxence Caqueret,Tactique
3840178,adv,73,Renaud Ripart,Rony Lopes,Tactique
3840178,adv,79,Wilson Odobert,Rominigue Kouamé,Tactique
3840178,ol,82,Jérôme Boateng,Dejan Lovren,Tactique
3840178,adv,83,Thierno Baldé,Andreas Bruus,Blessure
3840164,adv,64,Alberth Elis,Steve Mounié,Tactique
3840164,ol,69,Thiago Mendes,Corentin Tolisso,Tactique
3840164,ol,70,Amin Sarr,Rayan Cherki,Tactique
3840164,ol,83,Moussa Dembélé,Bradley Barcola,Tactique
3840164,adv,84,Taïryk Arconte,Jérémy Le Douaron,Tactique
3840149,adv,53,Riad Nouri,Cyrille Bayala,Tactique
3840149,adv,69,Jean Botué,Bevic Moussiti-Oko,Tactique
3840149,ol,74,Jérôme Boateng,Dejan Lovren,Tactique
3840149,ol,74,Thiago Mendes,Corentin Tolisso,Tactique
3840149,ol,78,Houssem Aouar,Bradley Barcola,Blessure
3840149,adv,80,Florian Chabrolle,Vincent Marchetti,Tactique
3840149,adv,80,Moussa Soumano,Mounaïm El Idrissy,Tactique
3998069,ol,60,Johann Lepenant,Thiago Mendes,Tactique
3998069,adv,62,Nassim Akrour,Nikola Volic,Tactique
3998069,adv,62,Nicolas Bury,Maxence Fortier,Tactique
3998069,ol,70,Moussa Dembélé,Bradley Barcola,Tactique
3998069,adv,71,Naofel Hdoubane,Jordan Scarantino,Tactique
3998069,adv,71,Djo Kebani,Alexis Matias,Tactique
3998069,ol,74,Henrique Silva,Nicolás Tagliafico,Blessure
3998069,ol,74,Houssem Aouar,Corentin Tolisso,Tactique
3998069,adv,78,Rémy Jacquet,Gökan Cetin,Tactique
3840143,adv,17,Franci Bouebari,Dimitri Liénard,Blessure
3840143,adv,30,Ibrahima Sissoko,Jean-Ricner Bellegarde,Blessure
3840143,adv,45,Maxime Le Marchand,Gerzino Nyamsi,Tactique
3840143,ol,57,Bradley Barcola,Karl Toko Ekambi,Tactique
3840143,adv,67,Lebo Mothiba,Kévin Gameiro,Tactique
3840143,adv,67,Habib Diarra,Jean-Eudes Aholou,Tactique
3840143,ol,77,Jeff Reine-Adélaïde,Corentin Tolisso,Tactique
3840143,ol,77,Tetê,Sinaly Diomandé,Tactique
3840143,ol,78,Saël Kumbedi,Malo Gusto,Blessure
3840133,adv,49,Charles Traoré,Quentin Merlin,Blessure
3840133,adv,67,Marcus Coco,Evann Guessand,Tactique
3840133,adv,67,Ignatius Ganago,Mostafa Mohamed,Tactique
3840133,ol,68,Corentin Tolisso,Johann Lepenant,Tactique
3840133,ol,68,Rayan Cherki,Tetê,Tactique
3840133,adv,82,Sébastien Corchia,Moses Simon,Tactique
3840133,adv,82,Lohann Doucet,Pedro Chirivella,Tactique
3840133,ol,84,Jeff Reine-Adélaïde,Maxence Caqueret,Tactique
3969296,adv,60,Koffi Kouao,Sofiane Alakouch,Blessure
3969296,adv,60,Lenny Joseph,Georges Mikautadze,Tactique
3969296,ol,71,Alexandre Lacazette,Bradley Barcola,Tactique
3969296,ol,71,Nicolás Tagliafico,Damien Da Silva,Tactique
3969296,adv,73,Youssef Maziz,Habib Maïga,Tactique
3969296,adv,73,Cheikh Sabaly,Lamine Gueye,Tactique
3969296,adv,79,Kiki Kouyaté,Matthieu Udol,Tactique
3840124,adv,71,Jérémie Bela,Elbasan Rashani,Tactique
3840124,adv,71,Muhammed Cham,Jim Allevinah,Tactique
3840124,ol,72,Moussa Dembélé,Rayan Cherki,Tactique
3840124,ol,73,Houssem Aouar,Maxence Caqueret,Tactique
3840124,ol,73,Romain Faivre,Tetê,Tactique
3840124,adv,80,Grejohn Kyei,Komnen Andric,Tactique
3840124,ol,86,Jeff Reine-Adélaïde,Alexandre Lacazette,Blessure
3840124,adv,89,Brandon Baiye,Saîf-Eddine Khaoui,Tactique
3840124,ol,3,Bradley Barcola,Thiago Mendes,Tactique
3840116,ol,57,Johann Lepenant,Corentin Tolisso,Tactique
3840116,adv,66,Islam Slimani,Mathias Pereira Lage,Tactique
3840116,adv,66,Hugo Magnetti,Mahdi Camara,Tactique
3840116,ol,69,Romain Faivre,Rayan Cherki,Tactique
3840116,adv,74,Christophe Hérelle,Noah Fadiga,Tactique
3840116,adv,75,Karamoko Dembélé,Franck Honorat,Tactique
3840116,ol,80,Thiago Mendes,Maxence Caqueret,Tactique
3840116,ol,80,Moussa Dembélé,Tetê,Tactique
3840116,adv,83,Axel Camblan,Romain Del Castillo,Tactique
3840103,adv,21,Khéphren Thuram,Mario Lemina,Blessure
3840103,adv,61,Ross Barkley,Sofiane Diop,Blessure
3840103,ol,66,Moussa Dembélé,Houssem Aouar,Tactique
3840103,ol,66,Johann Lepenant,Maxence Caqueret,Tactique
3840103,ol,76,Romain Faivre,Tetê,Tactique
3840103,ol,76,Rayan Cherki,Karl Toko Ekambi,Tactique
3840103,adv,89,Billal Brahimi,Nicolas Pépé,Tactique
3840095,ol,45,Karl Toko Ekambi,Moussa Dembélé,Tactique
3840095,ol,45,Jeff Reine-Adélaïde,Houssem Aouar,Tactique
3840095,adv,60,Sead Kolasinac,Samuel Gigot,Blessure
3840095,adv,60,Mattéo Guendouzi,Cengiz Ünder,Tactique
3840095,ol,68,Sinaly Diomandé,Jérôme Boateng,Blessure
3840095,ol,75,Tetê,Maxence Caqueret,Tactique
3840095,ol,75,Rayan Cherki,Johann Lepenant,Tactique
3840095,adv,84,Dimitri Payet,Jordan Veretout,Blessure
3840095,adv,89,Gerson,Alexis Sánchez,Tactique
3840095,adv,89,Isaak Touré,Nuno Tavares,Tactique
3840083,ol,45,Johann Lepenant,Damien Da Silva,Tactique
3840083,adv,45,Alexsandro,Ismaily,Tactique
3840083,ol,65,Karl Toko Ekambi,Moussa Dembélé,Tactique
3840083,ol,65,Jeff Reine-Adélaïde,Houssem Aouar,Tactique
3840083,adv,69,Jonathan Bamba,Angel Gomes,Tactique
3840083,adv,69,Adam Ounas,Timothy Weah,Tactique
3840083,ol,71,Romain Faivre,Maxence Caqueret,Tactique
3840083,adv,85,Akim Zedadka,Tiago Djaló,Tactique
3840083,adv,85,Mohamed Bayo,André Gomes,Tactique
3840083,ol,86,Rayan Cherki,Alexandre Lacazette,Tactique
3840073,adv,42,Bingourou Kamara,Jonas Omlin,Blessure
3840073,adv,54,Arnaud Souquet,Enzo Tchato,Tactique
3840073,adv,54,Arnaud Nordin,Faitout Maouassa,Tactique
3840073,ol,58,Damien Da Silva,Jérôme Boateng,Tactique
3840073,ol,63,Karl Toko Ekambi,Moussa Dembélé,Tactique
3840073,ol,63,Jeff Reine-Adélaïde,Houssem Aouar,Tactique
3840073,adv,81,Valère Germain,Elye Wahi,Tactique
3840073,adv,81,Joris Chotard,Jordan Ferri,Tactique
3840066,ol,3,Jeff Reine-Adélaïde,Corentin Tolisso,Blessure
3840066,adv,55,Lovro Majer,Arnaud Kalimuendo,Tactique
3840066,adv,68,Birger Meling,Amine Gouiri,Tactique
3840066,adv,68,Désiré Doué,Benjamin Bourigeaud,Tactique
3840066,ol,75,Damien Da Silva,Jérôme Boateng,Tactique
3840066,ol,75,Romain Faivre,Houssem Aouar,Tactique
3840066,adv,81,Matthis Abline,Martin Terrier,Tactique
3840066,ol,84,Karl Toko Ekambi,Nicolás Tagliafico,Tactique
3840066,ol,84,Tetê,Malo Gusto,Tactique
3840054,adv,57,Rafael Ratão,Thijs Dallinga,Tactique
3840054,ol,67,Jeff Reine-Adélaïde,Moussa Dembélé,Tactique
3840054,ol,67,Maxence Caqueret,Corentin Tolisso,Tactique
3840054,adv,76,Denis Genreau,Brecht Dejaegere,Tactique
3840054,ol,78,Rayan Cherki,Tetê,Tactique
3840054,adv,83,Moussa Diarra,Branco van den Boomen,Tactique
3840045,adv,71,Wesley Saïd,Loïs Openda,Tactique
3840045,adv,71,Alexis Claude-Maurice,David Da Costa,Tactique
3840045,ol,73,Jeff Reine-Adélaïde,Rayan Cherki,Tactique
3840045,ol,73,Bradley Barcola,Alexandre Lacazette,Tactique
3840045,ol,73,Saël Kumbedi,Nicolás Tagliafico,Tactique
3840045,adv,77,Przemyslaw Frankowski,Deiver Machado,Tactique
3840045,adv,86,Adam Buksa,Florian Sotoca,Tactique
3840045,adv,86,Jean Onana,Seko Fofana,Tactique
3840033,ol,45,Johann Lepenant,Corentin Tolisso,Tactique
3840033,adv,56,Vitinha,Fabián Ruiz,Tactique
3840033,adv,63,Nordi Mukiele,Marco Verratti,Blessure
3840033,ol,74,Jeff Reine-Adélaïde,Maxence Caqueret,Tactique
3840033,ol,74,Rayan Cherki,Tetê,Tactique
3840033,adv,85,Carlos Soler,Neymar,Tactique
3840033,ol,86,Bradley Barcola,Karl Toko Ekambi,Tactique
3840018,ol,61,Moussa Dembélé,Maxence Caqueret,Tactique
3840018,adv,67,Malang Sarr,Guillermo Maripán,Blessure
3840018,adv,71,Ruben Aguilar,Vanderson,Blessure
3840018,ol,74,Jeff Reine-Adélaïde,Johann Lepenant,Tactique
3840018,ol,74,Rayan Cherki,Thiago Mendes,Tactique
3840018,ol,82,Romain Faivre,Corentin Tolisso,Tactique
3840018,adv,85,Wissam Ben Yedder,Breel Embolo,Tactique
3840018,adv,85,Ismail Jakobs,Aleksandr Golovin,Tactique
3840018,adv,86,Gelson Martins,Krépin Diatta,Tactique
3839777,ol,45,Damien Da Silva,Thiago Mendes,Tactique
3839777,ol,45,Corentin Tolisso,Johann Lepenant,Tactique
3839777,ol,45,Moussa Dembélé,Romain Faivre,Tactique
3839777,adv,65,Théo Le Bris,Stéphane Diarra,Tactique
3839777,ol,74,Rayan Cherki,Karl Toko Ekambi,Tactique
3839777,ol,74,Bradley Barcola,Tetê,Tactique
3839777,adv,3,Ibrahima Koné,Terem Moffi,Tactique
3840013,ol,64,Moussa Dembélé,Alexandre Lacazette,Tactique
3840013,ol,65,Jeff Reine-Adélaïde,Tetê,Tactique
3840013,adv,68,Abdallah Sima,Sofiane Boufal,Tactique
3840013,adv,68,Amine Salama,Loïs Diony,Tactique
3840013,ol,69,Damien Da Silva,Thiago Mendes,Tactique
3840013,ol,69,Henrique Silva,Malo Gusto,Tactique
3840013,adv,76,Sada Thioub,Yan Valery,Blessure
3840013,adv,77,Pierrick Capelle,Azzedine Ounahi,Tactique
3840013,ol,79,Bradley Barcola,Karl Toko Ekambi,Tactique
3840013,adv,83,Himad Abdelli,Adrien Hunou,Tactique
3839867,adv,62,Hamza Sakhi,Youssouf M'Changama,Tactique
3839867,adv,62,Gauthier Hein,Lassine Sinayoko,Tactique
3839867,adv,62,Gaëtan Perrin,Kays Ruiz-Atil,Tactique
3839867,ol,67,Corentin Tolisso,Romain Faivre,Tactique
3839867,ol,67,Rayan Cherki,Tetê,Tactique
3839867,adv,77,Mathias Autret,Rayan Raveloson,Tactique
3839867,adv,77,Rémy Dugimont,Nuno da Costa,Tactique
3839867,ol,84,Moussa Dembélé,Alexandre Lacazette,Tactique
3839867,ol,84,Bradley Barcola,Karl Toko Ekambi,Tactique
3839848,ol,45,Maxence Caqueret,Jeff Reine-Adélaïde,Tactique
3839848,adv,45,Jens Cajuste,Kamory Doumbia,Tactique
3839848,adv,59,Mitchell van Bergen,Folarin Balogun,Tactique
3839848,ol,64,Moussa Dembélé,Tetê,Tactique
3839848,ol,64,Rayan Cherki,Corentin Tolisso,Tactique
3839848,adv,66,Emmanuel Agbadou,Junya Ito,Tactique
3839848,ol,79,Bradley Barcola,Thiago Mendes,Tactique
3839821,adv,58,Xavier Chavalerin,Mama Baldé,Tactique
3839821,adv,58,Tristan Dingomé,Yasser Larouci,Tactique
3839821,ol,62,Jeff Reine-Adélaïde,Corentin Tolisso,Tactique
3839821,ol,71,Henrique Silva,Malo Gusto,Tactique
3839821,adv,71,Renaud Ripart,Thierno Baldé,Tactique
3839821,adv,71,Kyliane Dong,Iké Ugbo,Tactique
3839821,ol,72,Maxence Caqueret,Johann Lepenant,Tactique
3839821,ol,85,Rayan Cherki,Lucas Paquetá,Tactique
3839821,ol,86,Romain Faivre,Tetê,Tactique
3839732,ol,29,Rémy Riou,Houssem Aouar,Tactique
3839732,adv,70,Bevic Moussiti-Oko,Mounaïm El Idrissy,Tactique
3839732,adv,70,Kevin Spadanuda,Cyrille Bayala,Tactique
3839732,adv,70,Yanis Cimignani,Riad Nouri,Tactique
3839732,ol,74,Corentin Tolisso,Lucas Paquetá,Tactique
3839732,ol,74,Bradley Barcola,Karl Toko Ekambi,Tactique
3839732,ol,88,Rayan Cherki,Tetê,Tactique
3839732,adv,88,Mathieu Coutadeur,Vincent Marchetti,Tactique
3839732,adv,88,Qazim Laci,Thomas Mangani,Tactique
3589600,adv,61,Uri Busquets,Saîf-Eddine Khaoui,Tactique
3589600,adv,61,Jim Allevinah,Jodel Dossou,Tactique
3589600,ol,70,Tanguy Ndombélé,Jeff Reine-Adélaïde,Tactique
3589600,ol,71,Karl Toko Ekambi,Bradley Barcola,Tactique
3589600,adv,76,Elbasan Rashani,Lucas Da Cunha,Tactique
3589600,adv,76,Arial Mendy,Vital Nsimba,Tactique
3589600,ol,79,Emerson,Henrique Silva,Tactique
3589600,ol,80,Romain Faivre,Houssem Aouar,Tactique
3589600,adv,86,Pierre-Yves Hamel,Mohamed Bayo,Tactique
3589582,ol,62,Maxence Caqueret,Tanguy Ndombélé,Tactique
3589582,ol,63,Houssem Aouar,Romain Faivre,Tactique
3589582,ol,63,Bradley Barcola,Moussa Dembélé,Tactique
3589582,adv,71,Sébastien Corchia,Marcus Coco,Tactique
3589582,adv,71,Kalifa Coulibaly,Randal Kolo Muani,Tactique
3589582,adv,71,Osman Bukari,Moses Simon,Tactique
3589582,ol,72,Jérôme Boateng,Damien Da Silva,Tactique
3589582,adv,80,Willem Geubbels,Ludovic Blas,Tactique
3589576,adv,45,Papa Ndiaga Yade,Thomas Delaine,Tactique
3589576,ol,45,Léo Dubois,Malo Gusto,Tactique
3589576,ol,45,Jeff Reine-Adélaïde,Lucas Paquetá,Tactique
3589576,ol,45,Tanguy Ndombélé,Jérôme Boateng,Tactique
3589576,ol,45,Romain Faivre,Houssem Aouar,Tactique
3589576,adv,50,Kévin N'Doram,Pape Matar Sarr,Blessure
3589576,adv,65,Jean-Armel Kana-Biyik,William Mikelbrencis,Tactique
3589576,adv,65,Dylan Bronn,Lenny Lacroix,Tactique
3589576,adv,80,Farid Boulaya,Vincent Pajot,Tactique
3589565,adv,61,Mattéo Guendouzi,Sead Kolasinac,Tactique
3589565,adv,61,Bamba Dieng,Cengiz Ünder,Tactique
3589565,ol,68,Tetê,Bradley Barcola,Tactique
3589565,ol,68,Tanguy Ndombélé,Jérôme Boateng,Tactique
3589565,adv,73,Amine Harit,Pape Gueye,Tactique
3589565,ol,82,Romain Faivre,Houssem Aouar,Tactique
3589565,adv,85,Cédric Bakambu,Arkadiusz Milik,Tactique
3589565,adv,85,Valentin Rongier,Gerson,Tactique
3589565,ol,89,Henrique Silva,Lucas Paquetá,Tactique
3589565,ol,89,Jeff Reine-Adélaïde,Karl Toko Ekambi,Tactique
3589553,ol,35,Jérôme Boateng,Damien Da Silva,Blessure
3589553,ol,63,Bradley Barcola,Tetê,Tactique
3589553,adv,65,Stephy Mavididi,Valère Germain,Tactique
3589553,adv,74,Florent Mollet,Rémy Cabella,Tactique
3589553,adv,74,Léo Leroy,Joris Chotard,Tactique
3589553,adv,74,Maxime Estève,Ambroise Oyongo,Tactique
3589553,adv,84,Nicholas Gioacchini,Arnaud Souquet,Tactique
3589553,ol,84,Jeff Reine-Adélaïde,Lucas Paquetá,Tactique
3589536,adv,55,Irvin Cardona,Franck Honorat,Tactique
3589536,ol,69,Bradley Barcola,Houssem Aouar,Tactique
3589536,adv,75,Hugo Magnetti,Martín Satriano,Tactique
3589536,ol,82,Jeff Reine-Adélaïde,Emerson,Tactique
3589536,ol,82,Tino Kadewere,Tetê,Tactique
3589525,adv,63,Javairô Dilrosun,Yacine Adli,Tactique
3589525,adv,63,Rémi Oudin,M'Baye Niang,Tactique
3589525,ol,64,Emerson,Malo Gusto,Tactique
3589525,ol,64,Jeff Reine-Adélaïde,Romain Faivre,Tactique
3589525,ol,64,Houssem Aouar,Lucas Paquetá,Tactique
3589525,adv,72,Enock Kwateng,Tom Lacoux,Tactique
3589525,adv,72,Sékou Mara,Ui-jo Hwang,Tactique
3589525,ol,72,Bradley Barcola,Tetê,Tactique
3589525,ol,83,Jérôme Boateng,Thiago Mendes,Tactique
3589525,adv,85,Fransérgio,Abdeldjalil Medioub,Tactique
3773625,ol,45,Lucas Paquetá,Tanguy Ndombélé,Tactique
3773625,ol,45,Tetê,Romain Faivre,Tactique
3773625,ol,70,Bradley Barcola,Houssem Aouar,Tactique
3773625,adv,76,Mark Noble,Manuel Lanzini,Tactique
3773625,adv,83,Andriy Yarmolenko,Michail Antonio,Tactique
3773625,ol,88,Jeff Reine-Adélaïde,Jason Denayer,Tactique
3773625,adv,89,Saïd Benrahma,Declan Rice,Tactique
3589506,ol,29,Julian Pollersbeck,Anthony Lopes,Blessure
3589506,ol,61,Tino Kadewere,Tetê,Tactique
3589506,ol,61,Romain Faivre,Houssem Aouar,Blessure
3589506,adv,69,Habib Diarra,Jean-Eudes Aholou,Tactique
3589506,adv,73,Frédéric Guilbert,Anthony Caci,Blessure
3589506,ol,83,Jeff Reine-Adélaïde,Tanguy Ndombélé,Blessure
3589506,ol,83,Bradley Barcola,Moussa Dembélé,Tactique
3773621,adv,45,Ben Johnson,Saïd Benrahma,Tactique
3773621,ol,63,Tetê,Romain Faivre,Tactique
3773621,ol,63,Karl Toko Ekambi,Jérôme Boateng,Tactique
3773621,ol,89,Jason Denayer,Thiago Mendes,Tactique
3589473,ol,68,Tino Kadewere,Jérôme Boateng,Tactique
3589473,ol,69,Henrique Silva,Emerson,Tactique
3589473,adv,73,Mohamed-Ali Cho,Angelo Fulgini,Tactique
3589473,adv,74,Azzedine Ounahi,Pierrick Capelle,Tactique
3589473,ol,77,Tetê,Tanguy Ndombélé,Tactique
3589473,adv,82,Marin Jakolis,Stéphane Bahoken,Tactique
3589473,adv,83,Casimir Ninga,Sofiane Boufal,Tactique
3589473,adv,2,Abdoulaye Bamba,Mathias Pereira Lage,Tactique
3589463,adv,45,Dion Lopy,Marshall Munetsi,Tactique
3589463,adv,59,Kamory Doumbia,Valon Berisha,Tactique
3589463,adv,59,Bradley Locko,Ilan Kebbal,Tactique
3589463,adv,75,Moussa Doumbia,Fraser Hornby,Tactique
3589463,ol,76,Jeff Reine-Adélaïde,Moussa Dembélé,Tactique
3589463,ol,81,Bradley Barcola,Tino Kadewere,Tactique
3589463,adv,1,Alexis Flips,Thomas Foket,Tactique
3757967,adv,56,Matheus Uribe,Stephen Eustaquio,Tactique
3757967,adv,56,João Mário,Bruno Costa,Blessure
3757967,ol,64,Houssem Aouar,Romain Faivre,Tactique
3757967,ol,65,Tino Kadewere,Moussa Dembélé,Tactique
3757967,adv,74,Mehdi Taremi,Toni Martínez,Tactique
3757967,adv,74,Evanilson,Galeno,Tactique
3757967,adv,78,Vitinha,Marko Grujić,Tactique
3589443,ol,45,Tino Kadewere,Thiago Mendes,Tactique
3589443,ol,45,Malo Gusto,Léo Dubois,Tactique
3589443,adv,64,Jérémy Doku,Martin Terrier,Tactique
3589443,adv,65,Flavien Tait,Lovro Majer,Tactique
3589443,adv,76,Birger Meling,Adrien Truffert,Tactique
3589443,ol,77,Jeff Reine-Adélaïde,Karl Toko Ekambi,Tactique
3589443,ol,78,Damien Da Silva,Tanguy Ndombélé,Tactique
3589443,ol,78,Houssem Aouar,Lucas Paquetá,Tactique
3589443,adv,89,Serhou Guirassy,Gaëtan Laborde,Tactique
3757959,adv,45,Rúben Semedo,Pepe,Blessure
3757959,adv,71,Toni Martínez,Evanilson,Tactique
3757959,adv,79,Fábio Vieira,Mehdi Taremi,Tactique
3757959,adv,79,Galeno,João Mário,Tactique
3757959,ol,79,Houssem Aouar,Romain Faivre,Tactique
3757959,ol,82,Malo Gusto,Léo Dubois,Tactique
3757959,adv,87,Francisco Conceição,Otávio,Tactique
3589431,adv,56,Enzo Le Fée,Thomas Monconduit,Tactique
3589431,adv,56,Ibrahima Koné,Dango Ouattara,Tactique
3589431,ol,70,Jérôme Boateng,Castello Lukeba,Tactique
3589431,ol,70,Henrique Silva,Emerson,Tactique
3589431,ol,70,Tino Kadewere,Moussa Dembélé,Tactique
3589431,adv,78,Jérémy Morel,Léo Pétrot,Tactique
3589431,adv,78,Quentin Boisgard,Armand Laurienté,Tactique
3589431,adv,78,Sambou Soumano,Terem Moffi,Tactique
3589431,ol,82,Jeff Reine-Adélaïde,Lucas Paquetá,Tactique
3589421,adv,61,Amadou Onana,Hatem Ben Arfa,Tactique
3589421,ol,62,Tino Kadewere,Moussa Dembélé,Tactique
3589421,ol,62,Malo Gusto,Léo Dubois,Tactique
3589421,ol,63,Houssem Aouar,Maxence Caqueret,Tactique
3589421,adv,73,Timothy Weah,Gabriel Gudmundsson,Tactique
3589421,ol,85,Bradley Barcola,Romain Faivre,Tactique
3589421,adv,2,Domagoj Bradarić,Jonathan David,Tactique
3589399,adv,71,David Da Costa,Gaël Kakuta,Tactique
3589399,ol,75,Houssem Aouar,Tino Kadewere,Tactique
3589399,adv,84,Ignatius Ganago,Arnaud Kalimuendo,Tactique
3589399,ol,86,Malo Gusto,Léo Dubois,Tactique
3589399,adv,1,Przemyslaw Frankowski,Jonathan Clauss,Tactique
3589383,adv,58,Pablo Rosario,Mario Lemina,Tactique
3589383,adv,58,Billal Brahimi,Amine Gouiri,Tactique
3589383,adv,63,Jordan Lotomba,Flavius Daniliuc,Tactique
3589383,adv,64,Evann Guessand,Khéphren Thuram,Tactique
3589383,ol,72,Houssem Aouar,Moussa Dembélé,Tactique
3589383,adv,73,Alexis Claude-Maurice,Justin Kluivert,Tactique
3589383,ol,73,Tino Kadewere,Karl Toko Ekambi,Tactique
3589383,ol,89,Henrique Silva,Emerson,Tactique
3589383,ol,89,Sinaly Diomandé,Tanguy Ndombélé,Tactique
3589363,ol,45,Tanguy Ndombélé,Thiago Mendes,Tactique
3589363,ol,45,Romain Faivre,Malo Gusto,Tactique
3589363,ol,45,Rayan Cherki,Henrique Silva,Tactique
3589363,adv,60,Vanderson,Gelson Martins,Tactique
3589363,adv,61,Youssouf Fofana,Kevin Volland,Tactique
3589363,adv,78,Eliot Matazo,Jean Lucas,Tactique
3589363,adv,87,Maghnes Akliouche,Sofiane Diop,Tactique
3589363,ol,87,Bradley Barcola,Lucas Paquetá,Tactique
3589363,ol,4,Habib Keïta,Rayan Cherki,Blessure
3589203,ol,63,Moussa Dembélé,Emerson,Tactique
3589203,adv,69,Amine Harit,Luis Henrique,Tactique
3589203,ol,83,Bradley Barcola,Malo Gusto,Tactique
3589203,adv,85,Arkadiusz Milik,Cengiz Ünder,Tactique
3589355,ol,1,Malo Gusto,Léo Dubois,Blessure
3589355,adv,45,Bakary Sako,Adil Aouchiche,Tactique
3589355,ol,61,Tino Kadewere,Moussa Dembélé,Tactique
3589355,adv,63,Sada Thioub,Lucas Gourna-Douath,Tactique
3589355,adv,63,Jean-Philippe Krasso,Yvann Maçon,Tactique
3589355,adv,75,Aïmen Moueffek,Zaydou Youssouf,Tactique
3589355,adv,75,El Hadji Dièye,Arnaud Nordin,Tactique
3589355,ol,79,Xherdan Shaqiri,Houssem Aouar,Tactique
3589355,ol,79,Rayan Cherki,Lucas Paquetá,Tactique
3589340,adv,63,Jimmy Giraudon,Dylan Chambost,Tactique
3589340,ol,65,Xherdan Shaqiri,Houssem Aouar,Tactique
3589340,ol,80,Malo Gusto,Moussa Dembélé,Tactique
3589327,adv,68,Thilo Kehrer,Colin Dagba,Tactique
3589327,adv,68,Xavi Simons,Leandro Paredes,Tactique
3589327,adv,68,Edouard Michut,Ander Herrera,Tactique
3589327,ol,70,Rayan Cherki,Lucas Paquetá,Tactique
3589327,adv,82,Junior Dina Ebimbe,Georginio Wijnaldum,Tactique
3589327,ol,2,Malo Gusto,Bruno Guimarães,Tactique
3589305,ol,45,Karl Toko Ekambi,Damien Da Silva,Tactique
3589305,ol,45,Bruno Guimarães,Maxence Caqueret,Tactique
3589305,ol,45,Rayan Cherki,Lucas Paquetá,Tactique
3589305,adv,69,Ibrahima Niane,Opa Nguette,Tactique
3589305,adv,73,Amadou Mbengue,Thomas Delaine,Tactique
3589305,ol,76,Islam Slimani,Jérôme Boateng,Tactique
3589305,adv,2,Warren Tchimbembé,Nicolas de Préville,Tactique
3589289,ol,34,Emerson,Henrique Silva,Blessure
3589289,adv,68,Angel Gomes,Jonathan Ikoné,Tactique
3589289,ol,72,Tino Kadewere,Islam Slimani,Tactique
3589289,ol,72,Maxence Caqueret,Thiago Mendes,Tactique
3589289,adv,80,Gabriel Gudmundsson,Jonathan Bamba,Tactique
3589289,ol,84,Léo Dubois,Malo Gusto,Tactique
3589289,ol,84,Rayan Cherki,Houssem Aouar,Tactique
3589289,adv,89,Amadou Onana,Benjamin André,Tactique
3683251,ol,43,Tino Kadewere,Karl Toko Ekambi,Blessure
3683251,adv,45,Steven Davis,Glen Kamara,Tactique
3683251,adv,60,Scott Arfield,Scott Wright,Tactique
3683251,adv,60,Juninho Bacuna,Ianis Hagi,Tactique
3683251,ol,61,Léo Dubois,Hugo Vogel,Tactique
3683251,ol,61,Houssem Aouar,Xherdan Shaqiri,Tactique
3683251,adv,72,Joe Aribo,Kemar Roofe,Tactique
3683251,ol,75,Bruno Guimarães,Maxence Caqueret,Tactique
3683251,ol,75,Islam Slimani,Moussa Dembélé,Tactique
3589272,ol,43,Damien Da Silva,Jason Denayer,Blessure
3589272,ol,65,Moussa Dembélé,Xherdan Shaqiri,Tactique
3589272,adv,69,Fransérgio,Tom Lacoux,Tactique
3589272,adv,69,Timothée Pembélé,Yacine Adli,Tactique
3589272,adv,75,Javairô Dilrosun,Rémi Oudin,Tactique
3589272,ol,75,Karl Toko Ekambi,Emerson,Tactique
3589272,ol,75,Maxence Caqueret,Jérôme Boateng,Tactique
3589272,adv,76,M'Baye Niang,Ui-jo Hwang,Tactique
3589272,adv,86,Jimmy Briand,Alberth Elis,Tactique
3589259,adv,45,Marshall Munetsi,Moreto Cassamá,Tactique
3589259,ol,66,Thiago Mendes,Maxence Caqueret,Tactique
3589259,ol,66,Moussa Dembélé,Islam Slimani,Tactique
3589259,ol,66,Rayan Cherki,Karl Toko Ekambi,Tactique
3589259,adv,70,Hugo Ekitiké,El Bilal Touré,Tactique
3589259,adv,70,Bradley Locko,Ghislain Konan,Tactique
3589259,adv,83,Alexis Flips,Valon Berisha,Tactique
3589259,adv,89,Sambou Sissoko,Thomas Foket,Tactique
3589228,adv,55,Elye Wahi,Nicholas Gioacchini,Tactique
3589228,ol,72,Damien Da Silva,Jérôme Boateng,Tactique
3589228,adv,73,Béni Makouana,Valère Germain,Tactique
3589228,ol,73,Thiago Mendes,Bruno Guimarães,Tactique
3589228,ol,73,Moussa Dembélé,Islam Slimani,Tactique
3589228,adv,82,Junior Sambia,Arnaud Souquet,Tactique
3589228,adv,82,Léo Leroy,Joris Chotard,Tactique
3589228,ol,82,Rayan Cherki,Lucas Paquetá,Tactique
3683196,adv,62,Anis Ben Slimane,Mathias Greve,Tactique
3683196,adv,62,Kevin Mensah,Blas Riveros,Tactique
3683196,ol,73,Lucas Paquetá,Moussa Dembélé,Tactique
3683196,ol,73,Bruno Guimarães,Thiago Mendes,Tactique
3683196,adv,74,Marko Divković,Mikael Uhre,Tactique
3683196,adv,74,Christian Cappis,Josip Radosevic,Tactique
3683196,ol,74,Maxence Caqueret,Habib Keïta,Tactique
3683196,ol,74,Karl Toko Ekambi,Tino Kadewere,Tactique
3683196,adv,80,Sigurd Rosted,Henrik Heggheim,Tactique
3683196,ol,86,Hugo Vogel,Malo Gusto,Tactique
3589174,ol,45,Islam Slimani,Bruno Guimarães,Tactique
3589174,adv,72,Adrien Truffert,Martin Terrier,Tactique
3589174,adv,72,Kamaldeen Sulemana,Benjamin Bourigeaud,Tactique
3589174,ol,81,Rayan Cherki,Karl Toko Ekambi,Tactique
3589174,adv,86,Lorenz Assignon,Hamari Traoré,Tactique
3589174,adv,89,Serhou Guirassy,Gaëtan Laborde,Tactique
3589174,adv,89,Lesley Ugochukwu,Lovro Majer,Tactique
3660448,adv,6,Andreas Vindheim,Ondrej Celustka,Blessure
3660448,ol,67,Bruno Guimarães,Maxence Caqueret,Tactique
3660448,adv,67,Borek Dockal,Michal Sacek,Tactique
3660448,adv,67,Matej Pulkrab,Jakub Pesek,Tactique
3660448,ol,68,Lucas Paquetá,Islam Slimani,Tactique
3660448,ol,68,Karl Toko Ekambi,Houssem Aouar,Tactique
3660448,ol,81,Bradley Barcola,Rayan Cherki,Tactique
3660448,adv,81,Adam Karabec,Lukas Haraslin,Tactique
3589141,adv,45,Gaël Kakuta,Florian Sotoca,Tactique
3589141,ol,63,Thiago Mendes,Xherdan Shaqiri,Tactique
3589141,adv,75,David Da Costa,Wesley Saïd,Tactique
3589141,adv,76,Corentin Jean,Arnaud Kalimuendo,Tactique
3589141,ol,76,Sinaly Diomandé,Jérôme Boateng,Tactique
3589141,ol,77,Rayan Cherki,Karl Toko Ekambi,Tactique
3589141,ol,77,Malo Gusto,Léo Dubois,Blessure
3589141,adv,84,Deiver Machado,Jonathan Clauss,Tactique
3589141,adv,84,Charles Boli,Jonathan Gradit,Tactique
3589141,ol,1,Islam Slimani,Bruno Guimarães,Blessure
3589133,adv,66,Youcef Atal,Flavius Daniliuc,Tactique
3589133,adv,66,Pablo Rosario,Mario Lemina,Tactique
3589133,adv,66,Lucas Da Cunha,Hicham Boudaoui,Tactique
3589133,adv,76,Alexis Claude-Maurice,Amine Gouiri,Tactique
3589133,adv,82,Evann Guessand,Kasper Dolberg,Tactique
3589133,ol,87,Thiago Mendes,Karl Toko Ekambi,Tactique
3589133,ol,1,Sinaly Diomandé,Houssem Aouar,Tactique
3651935,ol,45,Lucas Paquetá,Tino Kadewere,Tactique
3651935,ol,45,Emerson,Henrique Silva,Tactique
3651935,adv,62,Borek Dockal,Martin Minchev,Tactique
3651935,ol,68,Sinaly Diomandé,Jérôme Boateng,Tactique
3651935,adv,72,Ladislav Krejci,Michal Sacek,Tactique
3651935,ol,74,Léo Dubois,Xherdan Shaqiri,Tactique
3651935,adv,83,Adam Karabec,David Pavelka,Tactique
3651935,adv,83,Matej Polidar,Jakub Pesek,Tactique
3651935,ol,5,Maxence Caqueret,Houssem Aouar,Tactique
3589120,ol,66,Tino Kadewere,Xherdan Shaqiri,Tactique
3589120,ol,66,Lucas Paquetá,Rayan Cherki,Tactique
3589120,adv,70,Myron Boadu,Kevin Volland,Tactique
3589120,adv,81,Ismail Jakobs,Jean Lucas,Tactique
3589120,adv,81,Félix Lemaréchal,Eliot Matazo,Tactique
3589120,adv,1,Maghnes Akliouche,Gelson Martins,Tactique
3589116,adv,64,Romain Hamouma,Yvan Neyou,Tactique
3589116,adv,64,Lucas Gourna-Douath,Arnaud Nordin,Tactique
3589116,ol,67,Jason Denayer,Jérôme Boateng,Tactique
3589116,ol,75,Julian Pollersbeck,Xherdan Shaqiri,Tactique
3589116,adv,77,Adil Aouchiche,Ryad Boudebouz,Tactique
3589116,ol,87,Thiago Mendes,Bruno Guimarães,Tactique
3589116,ol,87,Malo Gusto,Houssem Aouar,Tactique
3589116,adv,88,Jean-Philippe Krasso,Denis Bouanga,Tactique
3651682,adv,61,Kevin Mensah,Jens Martin Gammelby,Tactique
3651682,adv,62,Anis Ben Slimane,Mathias Greve,Tactique
3651682,adv,62,Kevin Tshiembe,Henrik Heggheim,Tactique
3651682,ol,64,Rayan Cherki,Xherdan Shaqiri,Tactique
3651682,adv,72,Christian Cappis,Simon Hedlund,Tactique
3651682,ol,82,Malo Gusto,Léo Dubois,Tactique
3651682,ol,82,Tino Kadewere,Maxence Caqueret,Tactique
3651682,ol,82,Habib Keïta,Lucas Paquetá,Tactique
3651682,adv,83,Tobias Børkeeiet,Josip Radosevic,Tactique
3589100,ol,18,Henrique Silva,Houssem Aouar,Tactique
3589100,ol,18,Sinaly Diomandé,Jason Denayer,Blessure
3589100,ol,45,Islam Slimani,Xherdan Shaqiri,Tactique
3589100,ol,71,Damien Da Silva,Jérôme Boateng,Blessure
3589100,ol,76,Rayan Cherki,Islam Slimani,Blessure
3589100,adv,77,Thomas Monconduit,Enzo Le Fée,Tactique
3589100,adv,77,Stéphane Diarra,Fabien Lemoine,Tactique
3589100,adv,84,Dango Ouattara,Armand Laurienté,Tactique
3588932,adv,30,Oualid El Hajjam,Karim Azamoum,Blessure
3588932,ol,45,Léo Dubois,Malo Gusto,Tactique
3588932,adv,57,Yoann Touzghar,Philippe Sandler,Blessure
3588932,ol,65,Moussa Dembélé,Islam Slimani,Tactique
3588932,ol,65,Karl Toko Ekambi,Houssem Aouar,Tactique
3588932,adv,76,Tristan Dingomé,Issa Kaboré,Tactique
3588932,adv,76,Patrick Roberts,Renaud Ripart,Tactique
3588932,ol,87,Rayan Cherki,Xherdan Shaqiri,Tactique
3588917,ol,64,Houssem Aouar,Karl Toko Ekambi,Blessure
3588917,ol,64,Sinaly Diomandé,Jérôme Boateng,Tactique
3588917,adv,75,Achraf Hakimi,Lionel Messi,Tactique
3588917,ol,78,Rayan Cherki,Xherdan Shaqiri,Tactique
3588917,adv,81,Mauro Icardi,Ángel Di María,Tactique
3588917,adv,85,Georginio Wijnaldum,Ander Herrera,Tactique
3588917,ol,85,Habib Keïta,Lucas Paquetá,Blessure
3651676,adv,59,Scott Wright,Steven Davis,Tactique
3651676,ol,64,Sinaly Diomandé,Jérôme Boateng,Tactique
3651676,adv,69,Kemar Roofe,Ryan Kent,Blessure
3651676,ol,70,Xherdan Shaqiri,Karl Toko Ekambi,Tactique
3651676,adv,75,Fashion Sakala,Joe Aribo,Tactique
3588843,adv,1,Dimitri Liénard,Anthony Caci,Blessure
3588843,ol,60,Jérôme Boateng,Sinaly Diomandé,Tactique
3588843,ol,60,Maxence Caqueret,Thiago Mendes,Tactique
3588843,adv,64,Jean-Eudes Aholou,Sanjin Prcic,Tactique
3588843,adv,64,Habib Diallo,Frédéric Guilbert,Tactique
3588843,ol,74,Lucas Paquetá,Xherdan Shaqiri,Tactique
3588843,ol,74,Rayan Cherki,Karl Toko Ekambi,Tactique
3588843,adv,76,Majeed Waris,Kévin Gameiro,Tactique
3588843,adv,76,Gerzino Nyamsi,Lucas Perrin,Tactique
3588843,ol,89,Habib Keïta,Bruno Guimarães,Tactique
3588835,adv,39,Sébastien Corchia,Dennis Appiah,Blessure
3588835,ol,45,Thiago Mendes,Maxence Caqueret,Tactique
3588835,adv,68,Samuel Moutoussamy,Andrei Girotto,Tactique
3588835,adv,69,Roli Pereira de Sa,Osman Bukari,Blessure
3588835,ol,73,Islam Slimani,Karl Toko Ekambi,Tactique
3588835,adv,80,Charles Traoré,Fábio,Tactique
3588835,adv,81,Randal Kolo Muani,Marcus Coco,Tactique
3588835,ol,81,Jason Denayer,Moussa Dembélé,Tactique
3588816,adv,59,Salis Abdul Samed,Jonathan Iglesias,Tactique
3588816,adv,68,Elbasan Rashani,Jim Allevinah,Tactique
3588816,adv,68,Saîf-Eddine Khaoui,Jason Berthomier,Tactique
3588816,ol,72,Malo Gusto,Léo Dubois,Tactique
3588816,ol,73,Tino Kadewere,Lucas Paquetá,Tactique
3588816,adv,77,Jordan Tell,Jodel Dossou,Tactique
3588816,adv,78,Vital Nsimba,Arial Mendy,Tactique
3588816,ol,81,Jason Denayer,Damien Da Silva,Blessure
3588816,ol,82,Thiago Mendes,Bruno Guimarães,Tactique
3588781,ol,45,Thiago Mendes,Bruno Guimarães,Tactique
3588781,ol,45,Maxence Caqueret,Lucas Paquetá,Tactique
3588781,ol,45,Sinaly Diomandé,Castello Lukeba,Tactique
3588781,ol,68,Henrique Silva,Islam Slimani,Tactique
3588781,adv,73,Stéphane Bahoken,Mohamed-Ali Cho,Tactique
3588781,adv,74,Azzedine Ounahi,Sofiane Boufal,Tactique
3588781,adv,79,Casimir Ninga,Angelo Fulgini,Tactique
3588781,adv,80,Pierrick Capelle,Thomas Mangani,Tactique
3588781,ol,81,Tino Kadewere,Karl Toko Ekambi,Tactique
3588781,adv,85,Mathias Pereira Lage,Souleyman Doumbia,Tactique
3588765,adv,17,Hugo Magnetti,Haris Belkebla,Blessure
3588765,ol,59,Islam Slimani,Thiago Mendes,Tactique
3588765,ol,59,Lucas Paquetá,Rayan Cherki,Tactique
3588765,adv,64,Jérémy Le Douaron,Irvin Cardona,Tactique
3588765,adv,76,Julien Faussurier,Ronaël Pierre-Gabriel,Tactique
3588765,adv,77,Jean-Kévin Duverne,Franck Honorat,Tactique
3394994,ol,60,Islam Slimani,Bruno Guimarães,Tactique
3394994,ol,66,Thiago Mendes,Maxence Caqueret,Tactique
3394994,ol,66,Rayan Cherki,Houssem Aouar,Tactique
3394994,ol,73,Mattia De Sciglio,Léo Dubois,Tactique
3394994,adv,77,Dan Ndoye,Rony Lopes,Tactique
3394994,adv,82,Morgan Schneiderlin,Khéphren Thuram,Tactique
3394994,adv,87,Jordan Lotomba,Hicham Boudaoui,Tactique
3394992,adv,45,Sofiane Alakouch,Patrick Burner,Tactique
3394992,ol,63,Thiago Mendes,Bruno Guimarães,Tactique
3394992,ol,63,Rayan Cherki,Houssem Aouar,Tactique
3394992,adv,74,Lucas Deaux,Lamine Fomba,Tactique
3394992,ol,75,Islam Slimani,Karl Toko Ekambi,Tactique
3394992,adv,75,Nassim Chadli,Niclas Eliasson,Tactique
3394992,adv,80,Mahamadou Doucouré,Moussa Koné,Tactique
3394992,adv,85,Mattéo Ahlinvi,Zinedine Ferhat,Blessure
3394992,ol,86,Sinaly Diomandé,Léo Dubois,Tactique
3394977,ol,45,Islam Slimani,Tino Kadewere,Tactique
3394977,ol,59,Thiago Mendes,Houssem Aouar,Tactique
3394977,adv,63,Armand Laurienté,Jérôme Hergault,Tactique
3394977,adv,71,Pierre-Yves Hamel,Terem Moffi,Tactique
3394977,adv,71,Adrian Grbic,Yoane Wissa,Tactique
3394977,adv,72,Thomas Monconduit,Fabien Lemoine,Tactique
3394977,adv,77,Stéphane Diarra,Enzo Le Fée,Tactique
3394977,ol,84,Habib Keïta,Lucas Paquetá,Tactique
3394977,ol,1,Yahya Soumaré,Karl Toko Ekambi,Tactique
3394977,ol,1,Malo Gusto,Léo Dubois,Tactique
3394963,ol,28,Sinaly Diomandé,Jason Denayer,Blessure
3394963,ol,45,Tino Kadewere,Léo Dubois,Tactique
3394963,adv,60,Benoît Badiashile,Axel Disasi,Tactique
3394963,adv,60,Eliot Matazo,Cesc Fàbregas,Tactique
3394963,adv,68,Fodé Ballo-Touré,Youssouf Fofana,Tactique
3394963,ol,74,Houssem Aouar,Lucas Paquetá,Tactique
3394963,adv,80,Pietro Pellegri,Caio Henrique,Tactique
3394963,adv,80,Willem Geubbels,Ruben Aguilar,Tactique
3394963,ol,87,Bruno Guimarães,Thiago Mendes,Tactique
3394963,ol,87,Rayan Cherki,Karl Toko Ekambi,Tactique
3394945,adv,45,Reinildo Mandava,Domagoj Bradarić,Tactique
3394945,adv,60,Jonathan Bamba,Benjamin André,Tactique
3394945,ol,63,Bruno Guimarães,Lucas Paquetá,Tactique
3394945,ol,72,Maxwel Cornet,Islam Slimani,Tactique
3394945,ol,72,Tino Kadewere,Karl Toko Ekambi,Tactique
3394945,adv,72,Xeka,Renato Sanches,Tactique
3394945,adv,72,Luiz Araújo,Jonathan Ikoné,Tactique
3394945,ol,78,Djamel Eddine Benlamri,Léo Dubois,Tactique
3394945,ol,78,Houssem Aouar,Maxence Caqueret,Tactique
3394945,adv,79,Yusuf Yazıcı,Jonathan David,Tactique
3549065,adv,14,Aleksandr Golovin,Sofiane Diop,Blessure
3549065,adv,63,Djibril Sidibé,Fodé Ballo-Touré,Tactique
3549065,ol,68,Islam Slimani,Maxwel Cornet,Tactique
3549065,ol,68,Houssem Aouar,Lucas Paquetá,Tactique
3549065,ol,69,Karl Toko Ekambi,Memphis Depay,Tactique
3549065,ol,75,Bruno Guimarães,Thiago Mendes,Tactique
3549065,ol,79,Cenk Özkacar,Léo Dubois,Tactique
3549065,adv,81,Gelson Martins,Kevin Volland,Tactique
3549065,adv,81,Willem Geubbels,Wissam Ben Yedder,Tactique
3394940,adv,36,Dennis Appiah,Charles Traoré,Blessure
3394940,ol,62,Mattia De Sciglio,Maxwel Cornet,Tactique
3394940,ol,62,Thiago Mendes,Bruno Guimarães,Tactique
3394940,adv,65,Abdoul Kader Bamba,Moses Simon,Tactique
3394940,ol,77,Houssem Aouar,Memphis Depay,Tactique
3394940,ol,77,Sinaly Diomandé,Léo Dubois,Tactique
3394940,adv,79,Sébastien Corchia,Fábio,Tactique
3394940,adv,79,Marcus Coco,Kalifa Coulibaly,Tactique
3394940,ol,3,Yahya Soumaré,Karl Toko Ekambi,Tactique
3394925,ol,58,Mattia De Sciglio,Léo Dubois,Tactique
3394925,adv,58,Thomas Mangani,Pierrick Capelle,Tactique
3394925,adv,59,Loïs Diony,Stéphane Bahoken,Tactique
3394925,adv,59,Mohamed-Ali Cho,Sada Thioub,Tactique
3394925,ol,72,Thiago Mendes,Bruno Guimarães,Tactique
3394925,ol,72,Melvin Bard,Maxwel Cornet,Tactique
3394925,adv,80,Zinédine Ould Khaled,Ibrahim Amadou,Tactique
3394925,adv,84,Antonin Bobichon,Angelo Fulgini,Tactique
3394925,ol,88,Rayan Cherki,Lucas Paquetá,Tactique
3532739,adv,45,Melvyn Doremus,Jérémy Labor,Tactique
3532739,adv,58,Alan Dzabana,Djiman Koukou,Tactique
3532739,ol,65,Karl Toko Ekambi,Memphis Depay,Tactique
3532739,adv,65,Damien Durand,Nathan Bizet,Tactique
3532739,ol,81,Yahya Soumaré,Maxence Caqueret,Tactique
3532739,ol,82,Jason Denayer,Melvin Bard,Tactique
3532739,adv,82,Diego Michel,Jimmy Roye,Tactique
3394915,ol,58,Mattia De Sciglio,Léo Dubois,Blessure
3394915,ol,58,Maxence Caqueret,Bruno Guimarães,Tactique
3394915,adv,65,Ismaël Boura,Steven Fortes,Tactique
3394915,ol,69,Islam Slimani,Thiago Mendes,Tactique
3394915,adv,75,Clément Michelin,Jonathan Clauss,Tactique
3394915,adv,75,Simon Banza,Florian Sotoca,Tactique
3394915,ol,75,Rayan Cherki,Tino Kadewere,Tactique
3394915,ol,76,Melvin Bard,Maxwel Cornet,Tactique
3394915,adv,6,Tony Mauricio,Cheick Doucouré,Blessure
3394911,ol,55,Islam Slimani,Memphis Depay,Tactique
3394911,ol,55,Léo Dubois,Tino Kadewere,Tactique
3394911,ol,55,Bruno Guimarães,Thiago Mendes,Tactique
3394911,adv,69,Neymar,Kylian Mbappé,Blessure
3394911,ol,73,Rayan Cherki,Karl Toko Ekambi,Tactique
3394911,ol,77,Sinaly Diomandé,Jason Denayer,Tactique
3394911,adv,85,Ander Herrera,Idrissa Gueye,Tactique
3394911,adv,85,Colin Dagba,Alessandro Florenzi,Tactique
3394911,adv,2,Julian Draxler,Moise Kean,Tactique
3394891,ol,45,Maxwel Cornet,Mattia De Sciglio,Tactique
3394891,ol,45,Tino Kadewere,Rayan Cherki,Tactique
3394891,ol,45,Maxence Caqueret,Houssem Aouar,Tactique
3394891,ol,66,Islam Slimani,Lucas Paquetá,Tactique
3394891,adv,66,El Bilal Touré,Valon Berisha,Tactique
3394891,adv,73,Arbër Zeneli,Boulaye Dia,Tactique
3394891,adv,74,Fodé Doucouré,Mathieu Cafaro,Blessure
3394891,ol,4,Melvin Bard,Maxwel Cornet,Blessure
3525122,adv,32,Chris Bedia,Steve Ambri,Tactique
3525122,adv,56,Alan Virginius,Fabien Ourega,Tactique
3525122,ol,67,Jason Denayer,Djamel Eddine Benlamri,Tactique
3525122,adv,69,Joseph Lopy,Johan Martial,Tactique
3525122,adv,69,Sofiane Daham,Ousseynou Thioune,Tactique
3525122,adv,69,Salem M'Bakata,Abdallah Ndour,Tactique
3525122,ol,73,Thiago Mendes,Bruno Guimarães,Tactique
3525122,ol,73,Karl Toko Ekambi,Melvin Bard,Tactique
3525122,ol,85,Léo Dubois,Mattia De Sciglio,Tactique
3525122,ol,85,Maxence Caqueret,Houssem Aouar,Tactique
3394858,ol,57,Tino Kadewere,Islam Slimani,Tactique
3394858,ol,57,Houssem Aouar,Bruno Guimarães,Tactique
3394858,adv,59,Eduardo Camavinga,Jonas Martin,Tactique
3394858,adv,68,Flavien Tait,Serhou Guirassy,Tactique
3394858,adv,68,Benjamin Bourigeaud,Clément Grenier,Tactique
3394858,ol,81,Maxwel Cornet,Memphis Depay,Tactique
3394858,adv,82,Adrien Hunou,Martin Terrier,Tactique
3394858,adv,82,Romain Del Castillo,Jérémy Doku,Tactique
3394839,ol,65,Rayan Cherki,Karl Toko Ekambi,Tactique
3394839,adv,71,Michaël Cuisance,Saîf-Eddine Khaoui,Tactique
3394839,ol,72,Mattia De Sciglio,Maxwel Cornet,Tactique
3394839,ol,72,Bruno Guimarães,Houssem Aouar,Tactique
3394839,ol,86,Islam Slimani,Tino Kadewere,Tactique
3394839,ol,86,Sinaly Diomandé,Léo Dubois,Tactique
3394823,adv,66,Julien Faussurier,Ronaël Pierre-Gabriel,Tactique
3394823,adv,66,Gaëtan Charbonnier,Romain Faivre,Tactique
3394823,ol,70,Tino Kadewere,Houssem Aouar,Tactique
3394823,ol,70,Maxence Caqueret,Bruno Guimarães,Tactique
3394823,ol,77,Maxwel Cornet,Karl Toko Ekambi,Tactique
3394823,adv,86,Bandiougou Fadiga,Paul Lasne,Tactique
3394823,ol,87,Islam Slimani,Memphis Depay,Tactique
3394823,adv,87,Jérémy Le Douaron,Franck Honorat,Tactique
3394807,ol,25,Djamel Eddine Benlamri,Marcelo,Blessure
3394807,adv,45,Elye Wahi,Andy Delort,Tactique
3394807,ol,61,Mattia De Sciglio,Maxwel Cornet,Tactique
3394807,ol,61,Bruno Guimarães,Tino Kadewere,Tactique
3394807,adv,67,Nicolas Cozza,Mihailo Ristic,Blessure
3394807,ol,71,Islam Slimani,Houssem Aouar,Tactique
3394807,ol,71,Rayan Cherki,Lucas Paquetá,Tactique
3394807,adv,74,Damien Le Tallec,Florent Mollet,Tactique
3394807,adv,79,Petar Skuletic,Gaëtan Laborde,Tactique
3394807,adv,80,Pedro Mendes,Stephy Mavididi,Tactique
3530095,ol,45,Houssem Aouar,Memphis Depay,Non rapporté
3530095,adv,45,Mohamed Youssouf,Joris Sainati,Non rapporté
3530095,adv,45,Michaël Barreto,Qazim Laci,Non rapporté
3530095,adv,45,Cyrille Bayala,Alassane N'Diaye,Non rapporté
3530095,adv,62,Riad Nouri,Quentin Lecoeuche,Non rapporté
3530095,ol,66,Marcelo,Sinaly Diomandé,Non rapporté
3530095,ol,66,Léo Dubois,Bruno Guimarães,Non rapporté
3530095,ol,74,Karl Toko Ekambi,Maxwel Cornet,Non rapporté
3530095,adv,77,Mounaïm El Idrissy,Gaëtan Courtet,Non rapporté
3530095,ol,78,Lucas Paquetá,Mattia De Sciglio,Non rapporté
3394797,adv,66,Dimitri Liénard,Jean-Eudes Aholou,Tactique
3394797,adv,66,Ibrahima Sissoko,Sanjin Prcic,Tactique
3394797,ol,70,Islam Slimani,Tino Kadewere,Tactique
3394797,ol,70,Djamel Eddine Benlamri,Marcelo,Tactique
3394797,ol,71,Rayan Cherki,Memphis Depay,Tactique
3394797,adv,77,Mehdi Chahiri,Kévin Zohi,Tactique
3394797,adv,77,Jean-Ricner Bellegarde,Majeed Waris,Tactique
3394797,ol,87,Florent Sanchez,Karl Toko Ekambi,Tactique
3394797,ol,88,Mattia De Sciglio,Sinaly Diomandé,Tactique
3394790,ol,45,Mattia De Sciglio,Maxwel Cornet,Tactique
3394790,adv,58,Bersant Celina,Pape Cheikh,Tactique
3394790,adv,58,Mama Baldé,Moussa Konaté,Tactique
3394790,adv,58,Mounir Chouiar,Frédéric Sammaritano,Tactique
3394790,ol,62,Thiago Mendes,Bruno Guimarães,Tactique
3394790,ol,74,Islam Slimani,Karl Toko Ekambi,Tactique
3394790,ol,75,Maxence Caqueret,Houssem Aouar,Tactique
3394790,adv,79,Jordan Marié,Wesley Lautoa,Tactique
3394790,adv,84,Sacha Boey,Junior Dina Ebimbe,Tactique
3394776,ol,22,Sinaly Diomandé,Jason Denayer,Blessure
3394776,ol,62,Maxwel Cornet,Karl Toko Ekambi,Tactique
3394776,ol,62,Lucas Paquetá,Maxence Caqueret,Tactique
3394776,ol,71,Islam Slimani,Tino Kadewere,Tactique
3394776,ol,71,Houssem Aouar,Bruno Guimarães,Tactique
3394776,adv,75,Nicolas de Préville,Samuel Kalu,Tactique
3394776,adv,81,Amadou Traoré,Ui-jo Hwang,Tactique
3394776,adv,82,Maxime Poundjé,Rémi Oudin,Tactique
3394776,adv,2,Tom Lacoux,Hatem Ben Arfa,Tactique
3394765,adv,45,Denis Bouanga,Baptiste Gabard,Tactique
3394765,adv,45,Arnaud Nordin,Alpha Sissoko,Tactique
3394765,adv,68,Adil Aouchiche,Charles Abi,Tactique
3394765,adv,68,Saïdou Sow,Miguel Trauco,Tactique
3394765,adv,75,Zaydou Youssouf,Yvan Neyou,Tactique
3394765,ol,84,Islam Slimani,Tino Kadewere,Tactique
3394765,ol,85,Rayan Cherki,Karl Toko Ekambi,Tactique
3394765,ol,85,Sinaly Diomandé,Thiago Mendes,Tactique
3394765,ol,88,Melvin Bard,Léo Dubois,Tactique
3394765,ol,89,Malo Gusto,Bruno Guimarães,Tactique
3394760,adv,53,Matthieu Udol,Thomas Delaine,Blessure
3394760,adv,60,Aaron Leya Iseka,Lamine Gueye,Tactique
3394760,adv,60,Papa Ndiaga Yade,Vágner Dias,Tactique
3394760,ol,67,Maxwel Cornet,Mattia De Sciglio,Tactique
3394760,ol,67,Houssem Aouar,Lucas Paquetá,Tactique
3394760,adv,75,Pape Matar Sarr,Victorien Angban,Tactique
3394760,ol,75,Rayan Cherki,Karl Toko Ekambi,Tactique
3394760,ol,76,Islam Slimani,Tino Kadewere,Tactique
3394760,ol,2,Bruno Guimarães,Maxence Caqueret,Tactique
3394748,ol,66,Maxence Caqueret,Lucas Paquetá,Tactique
3394748,ol,66,Rayan Cherki,Tino Kadewere,Tactique
3394748,adv,76,Flavien Tait,Clément Grenier,Tactique
3394748,adv,76,Georginio Rutter,Martin Terrier,Tactique
3394748,ol,88,Sinaly Diomandé,Mattia De Sciglio,Tactique
3394741,ol,65,Rayan Cherki,Léo Dubois,Blessure
3394741,ol,70,Maxence Caqueret,Houssem Aouar,Tactique
3394741,adv,71,Issiaga Sylla,Ismaël Boura,Tactique
3394741,adv,76,Simon Banza,Florian Sotoca,Tactique
3394741,adv,77,Arnaud Kalimuendo,Ignatius Ganago,Tactique
3394741,adv,82,Clément Michelin,Jonathan Clauss,Tactique
3394741,adv,82,David Da Costa,Seko Fofana,Tactique
3394741,ol,86,Melvin Bard,Maxwel Cornet,Tactique
3394741,ol,86,Jean Lucas,Lucas Paquetá,Tactique
3394741,ol,87,Djamel Eddine Benlamri,Memphis Depay,Tactique
3394725,adv,58,Moses Simon,Abdoul Kader Bamba,Tactique
3394725,adv,59,Kalifa Coulibaly,Marcus Coco,Tactique
3394725,adv,59,Imrân Louza,Pedro Chirivella,Tactique
3394725,ol,69,Mattia De Sciglio,Maxwel Cornet,Tactique
3394725,ol,69,Bruno Guimarães,Lucas Paquetá,Tactique
3394725,ol,70,Rayan Cherki,Karl Toko Ekambi,Tactique
3394725,adv,79,Abdoulaye Touré,Mehdi Abeid,Tactique
3394725,ol,88,Yahya Soumaré,Tino Kadewere,Tactique
3394725,ol,88,Sinaly Diomandé,Léo Dubois,Tactique
3394725,adv,89,Bridge Ndilu,Randal Kolo Muani,Tactique
3394723,adv,61,Dan Ndoye,Alexis Claude-Maurice,Tactique
3394723,adv,61,Youcef Atal,Hassane Kamara,Tactique
3394723,adv,73,Alexis Trouillet,Rony Lopes,Tactique
3394723,ol,78,Mattia De Sciglio,Maxwel Cornet,Tactique
3394723,ol,78,Moussa Dembélé,Tino Kadewere,Tactique
3394723,ol,80,Djamel Eddine Benlamri,Jason Denayer,Tactique
3394723,ol,86,Jean Lucas,Memphis Depay,Tactique
3394723,ol,86,Rayan Cherki,Houssem Aouar,Tactique
3394711,ol,54,Memphis Depay,Karl Toko Ekambi,Tactique
3394711,ol,54,Maxwel Cornet,Mattia De Sciglio,Tactique
3394711,ol,54,Lucas Paquetá,Maxence Caqueret,Tactique
3394711,adv,63,Irvin Cardona,Franck Honorat,Tactique
3394711,adv,64,Romain Faivre,Romain Philippoteaux,Tactique
3394711,ol,77,Rayan Cherki,Moussa Dembélé,Tactique
3394711,ol,83,Sinaly Diomandé,Bruno Guimarães,Tactique
3394711,adv,83,Steve Mounié,Gaëtan Charbonnier,Tactique
3394711,adv,83,Romain Perraud,Ludovic Baal,Tactique
3394711,adv,83,Hugo Magnetti,Cristian Battocchio,Tactique
3394699,adv,28,Thilo Kehrer,Abdou Diallo,Blessure
3394699,adv,63,Ander Herrera,Leandro Paredes,Tactique
3394699,adv,64,Idrissa Gueye,Marco Verratti,Tactique
3394699,adv,64,Kylian Mbappé,Ángel Di María,Tactique
3394699,ol,64,Mattia De Sciglio,Léo Dubois,Tactique
3394699,adv,72,Rafinha,Moise Kean,Tactique
3394699,ol,76,Sinaly Diomandé,Tino Kadewere,Tactique
3394699,ol,77,Moussa Dembélé,Memphis Depay,Tactique
3394699,ol,77,Bruno Guimarães,Houssem Aouar,Tactique
3394699,ol,87,Maxence Caqueret,Lucas Paquetá,Tactique
3394684,adv,45,Aaron Leya Iseka,Thierry Ambrose,Tactique
3394684,adv,45,Warren Tchimbembé,Pape Matar Sarr,Tactique
3394684,adv,62,Kiki Kouyaté,Victorien Angban,Tactique
3394684,ol,62,Moussa Dembélé,Tino Kadewere,Tactique
3394684,ol,62,Maxence Caqueret,Houssem Aouar,Tactique
3394684,ol,63,Léo Dubois,Mattia De Sciglio,Tactique
3394684,ol,78,Rayan Cherki,Memphis Depay,Tactique
3394684,ol,81,Sinaly Diomandé,Bruno Guimarães,Blessure
3394684,adv,5,Marc-Aurèle Caillard,Alexandre Oukidja,Blessure
3394680,adv,54,Arbër Zeneli,Moussa Doumbia,Tactique
3394680,adv,54,Nathanaël Mbuku,Boulaye Dia,Tactique
3394680,ol,60,Moussa Dembélé,Tino Kadewere,Tactique
3394680,ol,70,Rayan Cherki,Memphis Depay,Tactique
3394680,ol,70,Sinaly Diomandé,Marcelo,Tactique
3394680,ol,71,Mattia De Sciglio,Maxwel Cornet,Tactique
3394680,adv,71,Kaj Sierhuis,El Bilal Touré,Tactique
3394680,adv,71,Mouhamadou Drammeh,Mathieu Cafaro,Tactique
3394680,ol,81,Maxence Caqueret,Bruno Guimarães,Tactique
3394670,ol,58,Mattia De Sciglio,Melvin Bard,Tactique
3394670,ol,58,Moussa Dembélé,Rayan Cherki,Tactique
3394670,ol,59,Bruno Guimarães,Lucas Paquetá,Tactique
3394670,adv,67,Loïs Diony,Stéphane Bahoken,Tactique
3394670,adv,67,Farid El Melali,Sada Thioub,Tactique
3394670,adv,78,Antonin Bobichon,Mathias Pereira Lage,Tactique
3394670,ol,79,Sinaly Diomandé,Léo Dubois,Tactique
3394670,adv,80,Lassana Coulibaly,Pierrick Capelle,Tactique
3394670,adv,80,Mohamed-Ali Cho,Angelo Fulgini,Tactique
3394670,ol,2,Jean Lucas,Thiago Mendes,Blessure
3394655,ol,55,Thiago Mendes,Houssem Aouar,Blessure
3394655,ol,56,Tino Kadewere,Moussa Dembélé,Tactique
3394655,ol,56,Lucas Paquetá,Bruno Guimarães,Tactique
3394655,adv,66,Romain Hamouma,Adil Aouchiche,Tactique
3394655,adv,74,Wahbi Khazri,Charles Abi,Tactique
3394655,ol,77,Melvin Bard,Maxwel Cornet,Tactique
3394655,adv,78,Aïmen Moueffek,Lucas Gourna-Douath,Tactique
3394655,adv,78,Maxence Rivera,Zaydou Youssouf,Tactique
3394655,ol,85,Jean Lucas,Maxence Caqueret,Tactique
3394649,adv,3,Adama Soumaoro,José Fonte,Tactique
3394649,ol,51,Djamel Eddine Benlamri,Houssem Aouar,Tactique
3394649,adv,66,Yusuf Yazıcı,Jonathan Ikoné,Tactique
3394649,ol,73,Moussa Dembélé,Memphis Depay,Tactique
3394649,ol,73,Bruno Guimarães,Karl Toko Ekambi,Tactique
3394649,adv,88,Jonathan David,Luiz Araújo,Tactique
3394649,adv,88,Isaac Lihadji,Jonathan Bamba,Tactique
3394638,adv,45,Cesc Fàbregas,Florentino,Tactique
3394638,adv,45,Caio Henrique,Djibril Sidibé,Tactique
3394638,adv,45,Chrislain Matsima,Stevan Jovetić,Tactique
3394638,ol,56,Maxence Caqueret,Houssem Aouar,Tactique
3394638,ol,63,Moussa Dembélé,Lucas Paquetá,Tactique
3394638,adv,77,Kevin Volland,Gelson Martins,Tactique
3394638,adv,77,Sofiane Diop,Aurélien Tchouaméni,Tactique
3394638,ol,80,Mattia De Sciglio,Léo Dubois,Tactique
3394638,ol,80,Bruno Guimarães,Tino Kadewere,Tactique
3394638,ol,80,Melvin Bard,Maxwel Cornet,Tactique
3394627,adv,36,Habib Diallo,Lionel Carole,Tactique
3394627,ol,63,Moussa Dembélé,Tino Kadewere,Tactique
3394627,ol,71,Jean Lucas,Houssem Aouar,Blessure
3394627,ol,72,Mattia De Sciglio,Léo Dubois,Tactique
3394627,adv,75,Ibrahima Sissoko,Jean-Ricner Bellegarde,Tactique
3394627,adv,83,Majeed Waris,Adrien Thomasson,Tactique
3394627,ol,85,Sinaly Diomandé,Lucas Paquetá,Tactique
3394617,adv,60,Pape Gueye,Boubacar Kamara,Tactique
3394617,adv,61,Nemanja Radonjic,Darío Benedetto,Tactique
3394617,ol,68,Memphis Depay,Maxwel Cornet,Tactique
3394617,ol,68,Bruno Guimarães,Maxence Caqueret,Tactique
3394617,adv,74,Maxime Lopez,Florian Thauvin,Tactique
3394617,ol,76,Moussa Dembélé,Tino Kadewere,Tactique
3394617,ol,84,Rayan Cherki,Karl Toko Ekambi,Tactique
3394617,ol,84,Sinaly Diomandé,Marcelo,Blessure
3394604,adv,14,Pierre-Yves Hamel,Adrian Grbic,Blessure
3394604,adv,45,Thomas Monconduit,Enzo Le Fée,Blessure
3394604,ol,45,Memphis Depay,Sinaly Diomandé,Tactique
3394604,ol,74,Tino Kadewere,Rayan Cherki,Tactique
3394604,ol,74,Thiago Mendes,Jean Lucas,Tactique
3394604,adv,75,Jonathan Delaplace,Fabien Lemoine,Tactique
3394604,ol,81,Melvin Bard,Maxwel Cornet,Tactique
3394604,adv,88,Franklin Wadja,Pierre-Yves Hamel,Tactique
3394595,ol,45,Karl Toko Ekambi,Maxwel Cornet,Non rapporté
3394595,adv,45,Nolan Roux,Haris Duljevic,Non rapporté
3394595,ol,55,Sinaly Diomandé,Léo Dubois,
3394595,adv,58,Mattéo Ahlinvi,Sidy Sarr,
3394595,ol,61,Jean Lucas,Maxence Caqueret,
3394595,ol,85,Tino Kadewere,Rayan Cherki,
3394595,adv,5,Lucas Buades,Nolan Roux,
3393965,ol,54,Memphis Depay,Tino Kadewere,Tactique
3393965,ol,54,Jean Lucas,Bruno Guimarães,Tactique
3393965,adv,62,Florent Mollet,Jordan Ferri,Tactique
3393965,adv,62,Stephy Mavididi,Andy Delort,Tactique
3393965,ol,67,Melvin Bard,Jason Denayer,Tactique
3393965,ol,67,Rayan Cherki,Karl Toko Ekambi,Tactique
3393965,adv,74,Joris Chotard,Téji Savanier,Tactique
3393965,ol,74,Moussa Dembélé,Maxwel Cornet,Tactique
3393965,adv,85,Junior Sambia,Gaëtan Laborde,Tactique
3394583,ol,58,Thiago Mendes,Bruno Guimarães,Tactique
3394583,ol,58,Houssem Aouar,Moussa Dembélé,Tactique
3394583,adv,61,Yacine Adli,Samuel Kalu,Tactique
3394583,ol,72,Tino Kadewere,Memphis Depay,Tactique
3394583,adv,73,Jimmy Briand,Ui-jo Hwang,Tactique
3394583,adv,73,Josh Maja,Nicolas de Préville,Tactique
3394583,ol,82,Rayan Cherki,Karl Toko Ekambi,Tactique
3394583,adv,2,Maxime Poundjé,Rémi Oudin,Tactique
3394578,adv,54,Frédéric Sammaritano,Mounir Chouiar,Tactique
3394578,adv,54,Jonathan Panzo,Ahmad Ngouyamsa,Tactique
3394578,ol,66,Jeff Reine-Adélaïde,Karl Toko Ekambi,Tactique
3394578,ol,70,Kenny Tete,Léo Dubois,Tactique
3394578,ol,70,Rayan Cherki,Memphis Depay,Tactique
3394578,adv,70,Alexandru Dobre,Romain Amalfitano,Tactique
3394578,adv,71,Aníbal Chalá,Jordan Marié,Tactique
3394578,ol,78,Joachim Andersen,Marçal,Tactique
3394578,ol,78,Melvin Bard,Maxwel Cornet,Tactique
3394578,adv,79,Rayan Philippe,Aurélien Scheidler,Tactique
3418670,ol,45,Thiago Mendes,Bruno Guimarães,Tactique
3418670,adv,45,Niklas Süle,Jérôme Boateng,Blessure
3418670,ol,57,Moussa Dembélé,Memphis Depay,Tactique
3418670,adv,62,Kingsley Coman,Ivan Perisic,Tactique
3418670,ol,66,Jeff Reine-Adélaïde,Karl Toko Ekambi,Tactique
3418670,ol,66,Kenny Tete,Léo Dubois,Tactique
3418670,ol,72,Rayan Cherki,Marçal,Tactique
3418670,adv,74,Philippe Coutinho,Serge Gnabry,Tactique
3418670,adv,81,Corentin Tolisso,Thiago Alcántara,Tactique
3418670,adv,81,Benjamin Pavard,Leon Goretzka,Tactique
3414689,adv,55,Riyad Mahrez,Fernandinho,Tactique
3414689,ol,69,Thiago Mendes,Bruno Guimarães,Tactique
3414689,ol,73,Kenny Tete,Léo Dubois,Tactique
3414689,ol,74,Moussa Dembélé,Memphis Depay,Tactique
3414689,adv,83,David Silva,Rodri,Tactique
3414689,ol,86,Jeff Reine-Adélaïde,Karl Toko Ekambi,Tactique
3291940,adv,59,Aaron Ramsey,Miralem Pjanić,Tactique
3291940,ol,60,Joachim Andersen,Jason Denayer,Tactique
3291940,ol,66,Moussa Dembélé,Memphis Depay,Tactique
3291940,ol,66,Jeff Reine-Adélaïde,Karl Toko Ekambi,Tactique
3291940,adv,69,Danilo,Juan Cuadrado,Tactique
3291940,adv,70,Paulo Dybala,Federico Bernardeschi,Tactique
3291940,adv,83,Marco Olivieri,Paulo Dybala,Blessure
3291940,ol,1,Thiago Mendes,Houssem Aouar,Ralentissement du jeu
3291940,ol,1,Kenny Tete,Léo Dubois,Ralentissement du jeu
3309600,adv,57,Pablo Sarabia,Mauro Icardi,Tactique
3309600,adv,57,Ander Herrera,Idrissa Gueye,Tactique
3309600,ol,64,Thiago Mendes,Bruno Guimarães,Tactique
3309600,adv,69,Thilo Kehrer,Layvin Kurzawa,Blessure
3309600,ol,79,Bertrand Traoré,Moussa Dembélé,Tactique
3309600,ol,79,Karl Toko Ekambi,Memphis Depay,Tactique
3309600,ol,80,Joachim Andersen,Marcelo,Tactique
3309600,ol,85,Rafael,Léo Dubois,Tactique
3309600,adv,89,Leandro Paredes,Thiago Silva,Blessure
3309600,adv,113,Abdou Diallo,Marquinhos,Tactique
3199642,ol,61,Martin Terrier,Houssem Aouar,Tactique
3199642,ol,67,Bertrand Traoré,Jason Denayer,Tactique
3199642,ol,78,Maxence Caqueret,Lucas Tousart,Tactique
3199642,adv,78,Nico Gaitán,Loïc Rémy,Tactique
3199642,adv,82,Boubakary Soumaré,Jonathan Ikoné,Tactique
3199642,adv,3,Reinildo Mandava,Jonathan Bamba,Tactique
3323313,adv,64,Marco Verratti,Idrissa Gueye,Tactique
3323313,ol,64,Rafael,Moussa Dembélé,Tactique
3323313,ol,74,Joachim Andersen,Léo Dubois,Tactique
3323313,adv,75,Mauro Icardi,Edinson Cavani,Tactique
3323313,adv,80,Juan Bernat,Layvin Kurzawa,Tactique
3323313,ol,82,Jean Lucas,Martin Terrier,Tactique
3199629,adv,69,Charles Abi,Miguel Trauco,Tactique
3199629,ol,71,Karl Toko Ekambi,Martin Terrier,Tactique
3199629,adv,78,Ryad Boudebouz,Franck Honorat,Tactique
3199629,ol,83,Rafael,Houssem Aouar,Tactique
3291932,adv,61,Aaron Ramsey,Miralem Pjanić,Tactique
3291932,ol,65,Martin Terrier,Karl Toko Ekambi,Tactique
3291932,adv,69,Gonzalo Higuaín,Juan Cuadrado,Tactique
3291932,adv,77,Federico Bernardeschi,Adrien Rabiot,Tactique
3291932,ol,77,Kenny Tete,Léo Dubois,Tactique
3291932,ol,80,Joachim Andersen,Maxwel Cornet,Blessure
3199619,adv,78,Marvin Gakpa,Victorien Angban,Tactique
3199619,adv,78,Thierry Ambrose,Ibrahima Niane,Tactique
3199619,ol,85,Houssem Aouar,Karl Toko Ekambi,Tactique
3199619,adv,87,Papa Ndiaga Yade,Opa Nguette,Tactique
3199619,ol,6,Amine Gouiri,Moussa Dembélé,Tactique
3199609,ol,7,Kenny Tete,Rafael,Blessure
3199609,ol,62,Moussa Dembélé,Bertrand Traoré,Tactique
3199609,adv,73,Alexander Djiku,Kévin Zohi,Tactique
3199609,ol,74,Martin Terrier,Maxwel Cornet,Tactique
3199609,adv,81,Lebo Mothiba,Majeed Waris,Tactique
3199609,adv,89,Adrien Lebeau,Ludovic Ajorque,Tactique
3312633,ol,50,Thiago Mendes,Lucas Tousart,Blessure
3312633,adv,72,Marley Aké,Dimitri Payet,Blessure
3312633,ol,76,Bertrand Traoré,Martin Terrier,Tactique
3312633,adv,84,Saîf-Eddine Khaoui,Kevin Strootman,Tactique
3312633,ol,84,Marçal,Moussa Dembélé,Tactique
3312633,adv,86,Florian Chabrolle,Maxime Lopez,Tactique
3199592,ol,55,Kenny Tete,Marçal,Tactique
3199592,ol,55,Karl Toko Ekambi,Rayan Cherki,Tactique
3199592,adv,64,Pablo Sarabia,Julian Draxler,Tactique
3199592,adv,75,Edinson Cavani,Mauro Icardi,Tactique
3199592,ol,76,Bertrand Traoré,Martin Terrier,Tactique
3199592,adv,84,Leandro Paredes,Ángel Di María,Tactique
3199589,ol,65,Thiago Mendes,Jean Lucas,Tactique
3199589,ol,65,Rayan Cherki,Bertrand Traoré,Tactique
3199589,adv,75,Stiven Mendoza,Gaël Kakuta,Tactique
3199589,adv,79,Quentin Cornette,Fousseni Diabaté,Blessure
3199589,adv,82,Bongani Zungu,Thomas Monconduit,Blessure
3199589,ol,85,Martin Terrier,Karl Toko Ekambi,Tactique
3199569,ol,39,Lucas Tousart,Maxence Caqueret,Tactique
3199569,ol,58,Kenny Tete,Rafael,Tactique
3199569,adv,69,Malang Sarr,Khéphren Thuram,Tactique
3199569,ol,69,Bertrand Traoré,Karl Toko Ekambi,Tactique
3199569,adv,75,Moussa Wagué,Christophe Hérelle,Tactique
3199569,adv,86,Ignatius Ganago,Kasper Dolberg,Tactique
3307465,adv,3,Khéphren Thuram,Wylan Cyprien,Blessure
3307465,ol,45,Marçal,Maxwel Cornet,Blessure
3307465,adv,66,Pierre Lees-Melou,Ignatius Ganago,Tactique
3307465,ol,70,Karl Toko Ekambi,Moussa Dembélé,Tactique
3307465,adv,78,Myziane Maolida,Christophe Hérelle,Tactique
3307465,ol,83,Houssem Aouar,Rayan Cherki,Tactique
3199565,ol,25,Karl Toko Ekambi,Martin Terrier,Blessure
3199565,adv,68,Efthymios Koulouris,Aaron Leya Iseka,Tactique
3199565,ol,72,Rayan Cherki,Houssem Aouar,Tactique
3199565,adv,74,Wesley Saïd,Mathieu Dossevi,Tactique
3199565,ol,78,Bertrand Traoré,Maxwel Cornet,Tactique
3199565,adv,83,Amine Adli,Quentin Boisgard,Tactique
3304318,ol,53,Lucas Tousart,Maxence Caqueret,
3304318,ol,67,Martin Terrier,Bertrand Traoré,
3304318,adv,70,Tiago Djaló,Jérémy Pied,
3304318,adv,78,Loïc Rémy,Jonathan Ikoné,
3304318,adv,86,Luiz Araújo,Boubakary Soumaré,
3304318,ol,89,Joachim Andersen,Houssem Aouar,
3302572,ol,62,Thiago Mendes,Bertrand Traoré,Tactique
3302572,adv,64,Abdoul Kader Bamba,Renaud Emond,Tactique
3302572,ol,69,Marçal,Maxwel Cornet,Tactique
3302572,adv,74,Rene Krhin,Thomas Basila,Tactique
3302572,ol,78,Amine Gouiri,Moussa Dembélé,Tactique
3302572,adv,81,Anthony Limbombe,Ludovic Blas,Tactique
3199550,adv,39,Rémi Oudin,Aurélien Tchouaméni,Tactique
3199550,adv,53,Samuel Kalu,Youssouf Sabaly,Tactique
3199550,ol,63,Martin Terrier,Bertrand Traoré,Tactique
3199550,adv,69,Ui-jo Hwang,Nicolas de Préville,Tactique
3199550,ol,89,Jason Denayer,Houssem Aouar,Tactique
3199550,ol,4,Lucas Tousart,Maxence Caqueret,Tactique
3293296,ol,55,Jean Lucas,Lucas Tousart,Tactique
3293296,adv,56,Ferris N'Goma,Julien Faussurier,Tactique
3293296,adv,67,Gaëtan Charbonnier,Alexandre Mendy,Tactique
3293296,ol,69,Rayan Cherki,Houssem Aouar,Tactique
3293296,adv,78,Kévin Mayi,Mathias Autret,Tactique
3293296,ol,80,Maxence Caqueret,Martin Terrier,Tactique
3290281,ol,56,Thiago Mendes,Lucas Tousart,Non rapporté
3290281,adv,56,Livio Nabab,Kader Kraichi,Non rapporté
3290281,adv,61,Kassim M'Dahoma,Sofiane Atik,Non rapporté
3290281,adv,61,Kelly Irep,Rafik Boujedra,Non rapporté
3290281,ol,74,Rayan Cherki,Maxwel Cornet,Non rapporté
3290281,ol,77,Amine Gouiri,Moussa Dembélé,Non rapporté
3199543,ol,45,Rafael,Kenny Tete,Tactique
3199543,adv,51,Anastasios Donis,Tristan Dingomé,Tactique
3199543,ol,74,Jean Lucas,Houssem Aouar,Tactique
3199543,adv,75,Dereck Kutesa,Moussa Doumbia,Tactique
3199543,adv,85,Sambou Sissoko,Rémi Oudin,Tactique
3199543,ol,87,Rayan Cherki,Bertrand Traoré,Tactique
3280965,adv,36,Nathan Ngoumou,Wesley Saïd,Blessure
3280965,adv,67,Kalidou Sidibé,Ibrahim Sangaré,Tactique
3280965,ol,68,Houssem Aouar,Bertrand Traoré,Tactique
3280965,adv,76,Amine Adli,Quentin Boisgard,Tactique
3280965,ol,78,Moussa Dembélé,Amine Gouiri,Tactique
3280965,ol,80,Lucas Tousart,Jean Lucas,Blessure
3199530,ol,34,Bertrand Traoré,Jeff Reine-Adélaïde,Blessure
3199530,ol,45,Martin Terrier,Memphis Depay,Blessure
3199530,adv,69,Adrien Hunou,Clément Grenier,Tactique
3199530,adv,70,Joris Gnagnon,Faitout Maouassa,Blessure
3199530,adv,82,Romain Del Castillo,M'Baye Niang,Tactique
3199530,ol,89,Maxwel Cornet,Rafael,Tactique
3252239,adv,54,Matheus Cunha,Timo Werner,Tactique
3252239,adv,54,Ethan Ampadu,Dayot Upamecano,Tactique
3252239,ol,63,Jeff Reine-Adélaïde,Lucas Tousart,Tactique
3252239,ol,72,Marçal,Rafael,Tactique
3252239,adv,74,Konrad Laimer,Christopher Nkunku,Tactique
3252239,ol,86,Marcelo,Martin Terrier,Tactique
3199518,ol,45,Melvin Bard,Rafael,Blessure
3199518,ol,68,Lucas Tousart,Maxence Caqueret,Tactique
3199518,adv,70,Théo Sainte-Luce,Lucas Buades,Tactique
3199518,ol,75,Jeff Reine-Adélaïde,Memphis Depay,Tactique
3199518,adv,79,Luca Valls,Florian Miguel,Tactique
3199518,adv,86,Antoine Valério,Zinedine Ferhat,Tactique
3199513,ol,24,Kenny Tete,Youssouf Koné,Blessure
3199513,ol,65,Houssem Aouar,Memphis Depay,Tactique
3199513,adv,65,Xeka,Boubakary Soumaré,Tactique
3199513,ol,68,Moussa Dembélé,Maxwel Cornet,Tactique
3199513,adv,75,Yusuf Yazıcı,Jonathan Ikoné,Tactique
3199497,ol,65,Léo Dubois,Youssouf Koné,Tactique
3199497,adv,76,Jean-Ricner Bellegarde,Adrien Thomasson,Tactique
3199497,adv,81,Nuno da Costa,Youssouf Fofana,Tactique
3199497,ol,82,Rafael,Léo Dubois,Blessure
3199497,adv,88,Kévin Zohi,Lebo Mothiba,Tactique
3199497,ol,4,Joachim Andersen,Moussa Dembélé,Tactique
3252230,ol,57,Youssouf Koné,Marçal,Tactique
3252230,ol,74,Rayan Cherki,Maxwel Cornet,Blessure
3252230,adv,80,Yuriy Zhirkov,Sebastián Driussi,Tactique
3252230,adv,82,Aleksandr Erokhin,Sardar Azmoun,Tactique
3252230,ol,82,Amine Gouiri,Joachim Andersen,Tactique
3252230,adv,2,Aleksey Sutormin,Daler Kuzyaev,Tactique
3199489,ol,36,Youssouf Koné,Jeff Reine-Adélaïde,Tactique
3199489,adv,45,Malang Sarr,Christophe Hérelle,Tactique
3199489,adv,60,Myziane Maolida,Ignatius Ganago,Tactique
3199489,ol,70,Maxwel Cornet,Bertrand Traoré,Tactique
3199489,adv,78,Arnaud Lusamba,Hicham Boudaoui,Tactique
3199489,ol,78,Rafael,Martin Terrier,Blessure
3199477,ol,45,Jean Lucas,Jeff Reine-Adélaïde,Tactique
3199477,ol,56,Rayan Cherki,Houssem Aouar,Blessure
3199477,adv,65,Kevin Strootman,Darío Benedetto,Tactique
3199477,ol,72,Martin Terrier,Bertrand Traoré,Blessure
3199477,adv,77,Valère Germain,Dimitri Payet,Blessure
3199477,adv,87,Saîf-Eddine Khaoui,Maxime Lopez,Tactique
3252207,adv,15,Jardel,Ferro,Blessure
3252207,adv,45,Haris Seferovic,Gedson Fernandes,Tactique
3252207,ol,45,Maxwel Cornet,Memphis Depay,Tactique
3252207,adv,72,Pizzi,Franco Cervi,Tactique
3252207,ol,72,Bertrand Traoré,Jeff Reine-Adélaïde,Tactique
3252207,ol,1,Marcelo,Houssem Aouar,Tactique
3199472,adv,59,Aaron Leya Iseka,Yaya Sanogo,Tactique
3199472,ol,62,Bertrand Traoré,Lucas Tousart,Tactique
3199472,ol,74,Maxwel Cornet,Jeff Reine-Adélaïde,Tactique
3199472,adv,82,Jean-Victor Makengo,Mathieu Dossevi,Tactique
3199472,ol,87,Jean Lucas,Houssem Aouar,Tactique
3199461,adv,58,Opa Nguette,Thierry Ambrose,Tactique
3199461,ol,68,Maxwel Cornet,Houssem Aouar,Tactique
3199461,adv,69,Marvin Gakpa,Adama Traoré,Tactique
3199461,adv,77,Victorien Angban,Habib Maïga,Tactique
3199461,ol,81,Martin Terrier,Jeff Reine-Adélaïde,Blessure
3199461,ol,89,Jean Lucas,Memphis Depay,Tactique
3252199,adv,19,Pizzi,Rafa Silva,Blessure
3252199,ol,55,Thiago Mendes,Martin Terrier,Tactique
3252199,adv,58,Carlos Vinícius,Haris Seferovic,Tactique
3252199,ol,65,Bertrand Traoré,Maxwel Cornet,Tactique
3252199,adv,77,Raúl de Tomás,Franco Cervi,Tactique
3252199,ol,87,Jeff Reine-Adélaïde,Houssem Aouar,Tactique
3199455,adv,54,Frédéric Sammaritano,Bryan Soumaré,
3199455,ol,55,Bertrand Traoré,Martin Terrier,
3199455,adv,57,Senou Coulibaly,Nayef Aguerd,
3199455,ol,61,Jeff Reine-Adélaïde,Thiago Mendes,
3199455,adv,69,Romain Amalfitano,Mounir Chouiar,
3199455,ol,82,Rayan Cherki,Maxwel Cornet,
3199445,ol,58,Moussa Dembélé,Martin Terrier,
3199445,adv,63,Wahbi Khazri,Loïs Diony,
3199445,ol,69,Kenny Tete,Rafael,
3199445,ol,78,Jean Lucas,Thiago Mendes,
3199445,adv,79,Robert Beric,Charles Abi,
3199445,adv,6,Yohan Cabaye,Zaydou Youssouf,
3252174,adv,23,Nordi Mukiele,Ibrahima Konaté,Blessure
3252174,adv,57,Emil Forsberg,Amadou Haidara,
3252174,adv,65,Christopher Nkunku,Dayot Upamecano,
3252174,ol,68,Bertrand Traoré,Martin Terrier,
3252174,ol,78,Moussa Dembélé,Memphis Depay,
3252174,ol,86,Jean Lucas,Houssem Aouar,
3199432,ol,45,Maxwel Cornet,Bertrand Traoré,
3199432,ol,61,Martin Terrier,Jeff Reine-Adélaïde,
3199432,adv,67,Imrân Louza,Cristian Benavente,
3199432,adv,74,Abdoul Kader Bamba,Moses Simon,
3199432,adv,80,Ludovic Blas,Samuel Moutoussamy,
3199432,ol,84,Jean Lucas,Jason Denayer,
3199418,ol,63,Memphis Depay,Moussa Dembélé,
3199418,adv,65,Paul Lasne,Samuel Grandsir,
3199418,adv,70,Alexandre Mendy,Mathias Autret,
3199418,ol,74,Jeff Reine-Adélaïde,Bertrand Traoré,
3199418,adv,79,Cristian Battocchio,Gaëtan Charbonnier,
3199409,adv,71,Marco Verratti,Ander Herrera,
3199409,ol,71,Lucas Tousart,Jeff Reine-Adélaïde,
3199409,adv,72,Presnel Kimpembe,Juan Bernat,
3199409,ol,72,Kenny Tete,Marcelo,
3199409,ol,88,Bertrand Traoré,Thiago Mendes,
3199409,adv,1,Layvin Kurzawa,Neymar,Ralentissement du jeu
3252158,adv,45,Magomed Ozdoev,Sardar Azmoun,Blessure
3252158,adv,63,Daler Kuzyaev,Yuriy Zhirkov,Tactique
3252158,ol,76,Maxwel Cornet,Bertrand Traoré,Tactique
3252158,adv,77,Oleg Shatov,Vyacheslav Karavaev,Tactique
3252158,ol,85,Martin Terrier,Jeff Reine-Adélaïde,Tactique
3199405,adv,22,Juan Otero,Moussa Konaté,Blessure
3199405,adv,74,Thomas Monconduit,Alexis Blin,
3199405,ol,78,Jean Lucas,Jeff Reine-Adélaïde,
3199405,ol,81,Oumar Solet,Marcelo,
3199405,ol,84,Maxwel Cornet,Martin Terrier,
3199405,adv,84,Mathieu Bodmer,Fousseni Diabaté,
3199392,ol,64,Lucas Tousart,Jeff Reine-Adélaïde,
3199392,adv,72,Yacine Adli,Aurélien Tchouaméni,
3199392,adv,74,Yassine Benrahou,Ui-jo Hwang,
3199392,ol,77,Bertrand Traoré,Maxwel Cornet,
3199392,adv,85,Josh Maja,Jimmy Briand,
3199392,ol,87,Jean Lucas,Memphis Depay,
3199384,ol,64,Kenny Tete,Lucas Tousart,
3199384,ol,67,Maxwel Cornet,Bertrand Traoré,
3199384,adv,73,Keagan Dolly,Florent Mollet,
3199384,ol,81,Martin Terrier,Thiago Mendes,
3199384,adv,1,Mihailo Ristic,Ambroise Oyongo,
3195256,adv,53,Casimir Ninga,Vincent Pajot,
3195256,ol,65,Martin Terrier,Moussa Dembélé,
3195256,ol,68,Jean Lucas,Thiago Mendes,
3195256,adv,68,Wilfried Kanga,Rachid Alioui,
3195256,ol,69,Kenny Tete,Léo Dubois,
3195256,adv,69,Stéphane Bahoken,Mathias Pereira Lage,
3195016,adv,45,Gabriel Boschilia,Lyle Foster,Tactique
3195016,adv,73,Adama Traoré,Benjamin Henrichs,Tactique
3195016,ol,76,Jean Lucas,Houssem Aouar,Tactique
3195016,adv,81,Moussa Sylla,Rony Lopes,Tactique
3195016,ol,82,Maxwel Cornet,Bertrand Traoré,Tactique
3195016,ol,85,Kenny Tete,Youssouf Koné,Tactique
3047897,ol,73,Bertrand Traoré,Martin Terrier,
3047897,adv,79,Baptiste Guillaume,Sada Thioub,
3047897,ol,84,Lucas Tousart,Moussa Dembélé,
3047883,adv,56,Herman Moussaki,Saîf-Eddine Khaoui,
3047883,adv,65,Prince Oniangué,Jessy Deminguet,
3047883,adv,69,Yoël Armougom,Enzo Crivelli,
3047883,ol,76,Bertrand Traoré,Memphis Depay,
3047883,ol,76,Lucas Tousart,Houssem Aouar,
3047883,ol,81,Rafael,Léo Dubois,
3047875,adv,45,Florian Thauvin,Nemanja Radonjic,
3047875,adv,70,Valère Germain,Lucas Ocampos,
3047875,ol,74,Moussa Dembélé,Nabil Fekir,
3047875,adv,77,Dimitri Payet,Mario Balotelli,
3047875,ol,81,Rafael,Léo Dubois,
3047875,ol,82,Lucas Tousart,Martin Terrier,
3047862,ol,69,Maxwel Cornet,Bertrand Traoré,
3047862,adv,69,Rafael Leão,Loïc Rémy,
3047862,ol,72,Moussa Dembélé,Martin Terrier,
3047862,adv,79,Rui Fonte,Jonathan Ikoné,
3047862,adv,88,Reinildo Mandava,Thiago Maia,
3047852,adv,68,Yassine Benrahou,Youssouf Sabaly,
3047852,ol,68,Bertrand Traoré,Maxwel Cornet,
3047852,ol,68,Moussa Dembélé,Martin Terrier,
3047852,adv,76,Sergi Palencia,François Kamano,
3047852,ol,79,Ferland Mendy,Kenny Tete,
3047852,adv,83,Zaydou Youssouf,Nicolas de Préville,
3047842,adv,52,Wilfried Kanga,Pierrick Capelle,
3047842,adv,63,Angelo Fulgini,Thomas Mangani,
3047842,ol,75,Bertrand Traoré,Martin Terrier,
3047842,adv,75,Farid El Melali,Vincent Pajot,
3047842,ol,83,Lucas Tousart,Nabil Fekir,
3047842,ol,89,Moussa Dembélé,Memphis Depay,
3047836,ol,33,Memphis Depay,Lucas Tousart,Blessure
3047836,ol,60,Rafael,Marçal,Blessure
3047836,ol,83,Nabil Fekir,Maxwel Cornet,Tactique
3047836,adv,86,Lucas Lima,Anthony Limbombe,Performance extraordinaire
3047836,adv,2,Gabriel Boschilia,Majeed Waris,Ralentissement du jeu
3047836,adv,4,Enock Kwateng,Fábio,Ralentissement du jeu
3047824,ol,62,Memphis Depay,Moussa Dembélé,
3047824,ol,62,Tanguy Ndombélé,Lucas Tousart,
3047824,ol,74,Bertrand Traoré,Martin Terrier,
3047824,adv,83,Sory Kaba,Benjamin Jeannot,
3047824,adv,85,Mickaël Alphonse,Fouad Chafik,
3047824,adv,4,Chang-hoon Kwon,Wesley Saïd,
3162653,ol,68,Memphis Depay,Lucas Tousart,Non rapporté
3162653,adv,85,Jérémy Gélin,M'Baye Niang,Non rapporté
3162653,ol,86,Maxwel Cornet,Bertrand Traoré,Non rapporté
3162653,ol,86,Martin Terrier,Moussa Dembélé,Non rapporté
3047816,adv,34,Jérémy Gélin,James Léa Siliki,
3047816,ol,73,Martin Terrier,Moussa Dembélé,
3047816,adv,76,Romain Del Castillo,M'Baye Niang,
3047816,ol,83,Bertrand Traoré,Memphis Depay,
3047806,ol,41,Léo Dubois,Marçal,Blessure
3047806,adv,45,Facundo Píriz,Ellyes Skhiri,
3047806,adv,77,Mihailo Ristic,Nicolas Cozza,
3047806,ol,77,Maxwel Cornet,Martin Terrier,
3047806,ol,83,Lucas Tousart,Bertrand Traoré,
3047806,adv,86,Souleymane Camara,Paul Lasne,
3135810,ol,33,Mathieu Gorgelin,Anthony Lopes,Blessure
3135810,adv,69,Ousmane Dembélé,Philippe Coutinho,Tactique
3135810,ol,72,Bertrand Traoré,Memphis Depay,Tactique
3135810,adv,73,Arturo Vidal,Arthur Melo,Tactique
3135810,ol,76,Maxwel Cornet,Ferland Mendy,Tactique
3135810,adv,82,Nélson Semedo,Sergi Roberto,Repos
3047799,ol,16,Léo Dubois,Marcelo,
3047799,adv,60,Lebo Mothiba,Nuno da Costa,
3047799,adv,71,Kévin Zohi,Ludovic Ajorque,
3047799,ol,75,Nabil Fekir,Pape Cheikh,
3047799,ol,82,Bertrand Traoré,Maxwel Cornet,
3047799,adv,87,Anthony Gonçalves,Adrien Thomasson,
3047786,adv,53,Yaya Sanogo,Corentin Jean,
3047786,adv,60,Jimmy Durmaz,Kalidou Sidibé,
3047786,ol,71,Rafael,Ferland Mendy,
3047786,ol,78,Yassin Fekir,Moussa Dembélé,
3047786,ol,83,Martin Terrier,Bertrand Traoré,
3156893,adv,38,Fayçal Fajr,Adama Mbengue,Non rapporté
3156893,adv,52,Casimir Ninga,Yacine Bammou,Non rapporté
3156893,adv,64,Malik Tchokounté,Prince Oniangué,Non rapporté
3156893,ol,64,Bertrand Traoré,Maxwel Cornet,Non rapporté
3156893,ol,77,Martin Terrier,Moussa Dembélé,Non rapporté
3156893,ol,88,Maxence Caqueret,Tanguy Ndombélé,Non rapporté
3047774,ol,11,Ferland Mendy,Marçal,Blessure
3047774,ol,38,Memphis Depay,Martin Terrier,Blessure
3047774,adv,80,Jean-Eudes Aholou,Aleksandr Golovin,Tactique
3047774,ol,80,Maxwel Cornet,Houssem Aouar,Tactique
3047774,adv,1,Carlos Vinícius,Gelson Martins,Ralentissement du jeu
3135805,adv,66,Philippe Coutinho,Ousmane Dembélé,
3135805,ol,68,Lucas Tousart,Bertrand Traoré,
3135805,ol,75,Maxwel Cornet,Martin Terrier,
3135805,adv,80,Arturo Vidal,Sergi Roberto,
3135805,ol,83,Pape Cheikh,Tanguy Ndombélé,
3047765,ol,60,Ferland Mendy,Jason Denayer,
3047765,adv,65,Nolan Roux,Alexandre Mendy,
3047765,adv,65,Nicolas Benezet,Ludovic Blas,
3047765,ol,72,Maxwel Cornet,Bertrand Traoré,
3047765,ol,78,Memphis Depay,Moussa Dembélé,
3047765,adv,88,Lucas Deaux,Didier Ndong,
3047756,adv,64,Maxime Pélican,Myziane Maolida,
3047756,adv,73,Christophe Jallet,Ignatius Ganago,
3047756,ol,79,Martin Terrier,Bertrand Traoré,
3047756,ol,85,Kenny Tete,Léo Dubois,
3047756,ol,85,Maxwel Cornet,Houssem Aouar,
3150635,adv,55,Marcus Thuram,Ronny Rodelin,
3150635,adv,55,Alexandre Mendy,Nolan Roux,
3150635,ol,70,Pape Cheikh,Nabil Fekir,
3150635,adv,73,Marcus Coco,Étienne Didot,
3150635,ol,77,Bertrand Traoré,Moussa Dembélé,
3150635,ol,81,Marçal,Ferland Mendy,
3047745,ol,64,Lucas Tousart,Houssem Aouar,
3047745,ol,75,Maxwel Cornet,Bertrand Traoré,
3047745,adv,78,Eric-Maxim Choupo-Moting,Edinson Cavani,
3047745,adv,78,Leandro Paredes,Presnel Kimpembe,
3047745,adv,85,Moussa Diaby,Juan Bernat,
3047731,adv,68,Eddy Gnahoré,Mathieu Bodmer,
3047731,adv,68,Moussa Konaté,Thomas Monconduit,
3047731,ol,76,Martin Terrier,Maxwel Cornet,
3047731,ol,81,Lucas Tousart,Houssem Aouar,
3047731,adv,89,Sanasi Sy,Juan Otero,
3142690,ol,45,Ferland Mendy,Maxwel Cornet,
3142690,adv,58,Juan Otero,Stiven Mendoza,
3142690,ol,68,Bertrand Traoré,Nabil Fekir,
3142690,adv,68,Moussa Konaté,Eddy Gnahoré,
3142690,adv,76,Stanley Segarel,Cheick Timite,
3142690,ol,80,Pape Cheikh,Tanguy Ndombélé,
3047730,ol,57,Moussa Dembélé,Bertrand Traoré,
3047730,adv,71,Loïs Diony,Romain Hamouma,
3047730,ol,79,Léo Dubois,Kenny Tete,
3047730,adv,80,Assane Dioussé,Ole Selnæs,
3047730,ol,86,Martin Terrier,Maxwel Cornet,
3047730,adv,89,Pierre-Yves Polomat,Gabriel Silva,
3047660,ol,59,Tanguy Ndombélé,Oumar Solet,
3047660,ol,60,Nabil Fekir,Lucas Tousart,
3047660,ol,67,Moussa Dembélé,Maxwel Cornet,
3047660,adv,69,Mathieu Dossevi,Corentin Jean,
3047660,adv,79,Aaron Leya Iseka,Firmin Mubele,
3047660,adv,87,Bafodé Diakité,Jimmy Durmaz,
3047715,ol,45,Maxwel Cornet,Nabil Fekir,
3047715,ol,61,Moussa Dembélé,Marçal,
3047715,ol,70,Martin Terrier,Bertrand Traoré,
3047715,adv,74,Sheyi Ojo,Pablo Chavarría,
3047715,adv,77,Tristan Dingomé,Nolan Mbemba,
3047715,adv,89,Hassane Kamara,Mathieu Cafaro,
3136579,adv,15,Dimitri Liénard,Kenny Lala,Non rapporté
3136579,ol,45,Bertrand Traoré,Ferland Mendy,Non rapporté
3136579,ol,70,Moussa Dembélé,Memphis Depay,Non rapporté
3136579,ol,70,Tanguy Ndombélé,Pape Cheikh,Non rapporté
3136579,adv,77,Kévin Zohi,Ludovic Ajorque,Non rapporté
3136579,adv,86,Anthony Gonçalves,Ibrahima Sissoko,Non rapporté
3135774,ol,71,Houssem Aouar,Maxence Caqueret,Non rapporté
3135774,adv,71,Jonathan Boteko,Ibou Faye,Non rapporté
3135774,adv,75,Ronald Bafounta,Sanounou Sidibé,Non rapporté
3135774,adv,81,Manuel Pothin,Hans Nze Afatoughe,Non rapporté
3135774,ol,82,Lenny Pintor,Pape Cheikh,Non rapporté
3135774,ol,83,Yassin Fekir,Martin Terrier,Non rapporté
3047704,ol,60,Moussa Dembélé,Memphis Depay,Non rapporté
3047704,adv,78,Junior Sambia,Damien Le Tallec,Non rapporté
3047704,adv,84,Petar Skuletic,Gaëtan Laborde,Non rapporté
3047704,ol,86,Martin Terrier,Bertrand Traoré,Non rapporté
3047704,ol,87,Pape Cheikh,Houssem Aouar,Non rapporté
3047704,adv,3,Paul Lasne,Florent Mollet,Non rapporté
3125449,adv,29,Jordan Lefort,Mathieu Bodmer,Non rapporté
3125449,ol,45,Jason Denayer,Léo Dubois,Non rapporté
3125449,adv,60,Cheick Timite,Stiven Mendoza,Non rapporté
3125449,ol,65,Ferland Mendy,Marçal,Non rapporté
3125449,adv,69,Saman Ghoddos,Juan Otero,Non rapporté
3125449,ol,85,Yassin Fekir,Bertrand Traoré,Non rapporté
3047693,adv,52,Moussa Sylla,Benoît Badiashile,Tactique
3047693,adv,52,Sofiane Diop,Nacer Chadli,Tactique
3047693,ol,66,Moussa Dembélé,Bertrand Traoré,Tactique
3047693,adv,68,Han-Noah Massengo,Pelé,Tactique
3047693,ol,79,Pape Cheikh,Houssem Aouar,Tactique
3047693,ol,84,Martin Terrier,Jason Denayer,Tactique
3098053,adv,45,Bogdan Butko,Davit Khocholava,
3098053,ol,71,Tanguy Ndombélé,Bertrand Traoré,
3098053,ol,79,Moussa Dembélé,Memphis Depay,
3098053,adv,82,Olarenwaju Kayode,Viktor Kovalenko,
3098053,adv,86,Sergiy Bolbat,Marlos,
3098053,ol,88,Léo Dubois,Nabil Fekir,
3047615,ol,20,Pape Cheikh,Tanguy Ndombélé,Non rapporté
3047615,ol,45,Lucas Tousart,Pape Cheikh,Non rapporté
3047615,adv,61,M'Baye Niang,Jordan,Non rapporté
3047615,ol,73,Moussa Dembélé,Jérémy Morel,Non rapporté
3047615,adv,74,Mehdi Zeffane,Ramy Bensebaini,Non rapporté
3047615,adv,78,Romain Del Castillo,Benjamin Bourigeaud,Non rapporté
3047604,ol,31,Martin Terrier,Maxwel Cornet,
3047604,adv,69,Edgar Ié,Jonathan Bamba,
3047604,ol,72,Moussa Dembélé,Marcelo,
3047604,adv,72,Rafael Leão,Loïc Rémy,
3047604,ol,81,Nabil Fekir,Houssem Aouar,
3047604,adv,86,Thiago Maia,Jonathan Ikoné,
3098037,adv,70,Fabian Delph,Leroy Sané,
3098037,ol,73,Kenny Tete,Rafael,
3098037,ol,83,Bertrand Traoré,Nabil Fekir,
3098037,ol,88,Martin Terrier,Maxwel Cornet,
3098037,adv,1,Phil Foden,Sergio Agüero,
3047594,ol,45,Maxwel Cornet,Nabil Fekir,
3047594,adv,67,Yannis Salibur,Loïs Diony,
3047594,adv,67,Romain Hamouma,Kévin Monnet-Paquet,
3047594,ol,72,Lucas Tousart,Moussa Dembélé,
3047594,adv,76,Robert Beric,Ole Selnæs,
3047594,ol,89,Bertrand Traoré,Memphis Depay,
3047583,adv,9,Guessouma Fofana,Lucas Deaux,
3047583,ol,56,Martin Terrier,Tanguy Ndombélé,
3047583,adv,70,Nathaël Julan,Ludovic Blas,
3047583,ol,75,Rafael,Kenny Tete,
3047583,ol,82,Maxwel Cornet,Moussa Dembélé,
3047583,adv,84,Yeni Ngbakoto,Marcus Coco,
3098022,adv,56,Reiss Nelson,Florian Grillitsch,
3098022,adv,66,Ádám Szalai,Ishak Belfodil,
3098022,ol,73,Moussa Dembélé,Nabil Fekir,
3098022,adv,78,Håvard Nordtveit,Kerem Demirbay,
3098022,ol,86,Bertrand Traoré,Memphis Depay,
3098022,ol,87,Pape Cheikh,Tanguy Ndombélé,
3047573,ol,45,Bertrand Traoré,Tanguy Ndombélé,
3047573,adv,60,Andreas Cornelius,Jimmy Briand,
3047573,ol,71,Jordan Ferri,Nabil Fekir,
3047573,adv,75,Nicolas de Préville,François Kamano,
3047573,ol,82,Martin Terrier,Lucas Tousart,
3047562,adv,35,Mateo Pavlovic,Flavien Tait,Non rapporté
3047562,ol,54,Memphis Depay,Jordan Ferri,Non rapporté
3047562,adv,63,Angelo Fulgini,Pierrick Capelle,Non rapporté
3047562,adv,77,Cristian López,Stéphane Bahoken,Non rapporté
3047562,ol,81,Martin Terrier,Bertrand Traoré,Non rapporté
3098006,adv,60,Joelinton,Ádám Szalai,Tactique
3098006,adv,72,Reiss Nelson,Ermin Bicakcic,Tactique
3098006,adv,80,Steven Zuber,Ishak Belfodil,Tactique
3098006,ol,80,Moussa Dembélé,Memphis Depay,Tactique
3098006,ol,81,Jordan Ferri,Martin Terrier,Tactique
3098006,ol,89,Pape Cheikh,Bertrand Traoré,Ralentissement du jeu
3047553,adv,63,Rachid Alioui,Denis Bouanga,
3047553,ol,64,Jordan Ferri,Pape Cheikh,
3047553,adv,64,Umut Bozok,Clément Depres,
3047553,ol,77,Bertrand Traoré,Moussa Dembélé,
3047553,adv,82,Renaud Ripart,Antonin Bobichon,
3047553,ol,1,Lenny Pintor,Memphis Depay,
3047549,ol,6,Maxwel Cornet,Nabil Fekir,Blessure
3047549,adv,38,Thilo Kehrer,Edinson Cavani,
3047549,ol,41,Léo Dubois,Rafael,Blessure
3047549,adv,74,Julian Draxler,Marco Verratti,
3047549,ol,77,Pape Cheikh,Maxwel Cornet,
3047549,adv,83,Moussa Diaby,Ángel Di María,
3097990,ol,62,Memphis Depay,Bertrand Traoré,
3097990,adv,74,Viktor Kovalenko,Alan Patrick,
3097990,ol,80,Maxwel Cornet,Moussa Dembélé,
3097990,adv,82,Olarenwaju Kayode,Júnior Moraes,
3097990,ol,86,Pape Cheikh,Tanguy Ndombélé,
3097990,adv,1,Fernando,Marlos,
3047534,ol,69,Maxwel Cornet,Moussa Dembélé,
3047534,ol,69,Tanguy Ndombélé,Pape Cheikh,
3047534,ol,74,Rafael,Marçal,
3047534,adv,81,Anthony Limbombe,Gabriel Boschilia,
3047534,adv,4,Enock Kwateng,Fábio,
3047534,adv,5,Kalifa Coulibaly,Majeed Waris,
3047524,adv,24,Naïm Sliti,Benjamin Jeannot,
3047524,adv,45,Jules Keita,Mehdi Abeid,
3047524,ol,64,Pape Cheikh,Tanguy Ndombélé,
3047524,ol,73,Jordan Ferri,Martin Terrier,
3047524,adv,76,Yoann Gourcuff,Wesley Lautoa,
3047524,ol,83,Memphis Depay,Bertrand Traoré,
3047514,ol,59,Moussa Dembélé,Memphis Depay,
3047514,adv,63,Valère Germain,Konstantinos Mitroglou,
3047514,adv,63,Boubacar Kamara,Lucas Ocampos,
3047514,ol,74,Lucas Tousart,Pape Cheikh,
3047514,adv,75,Clinton N'Jie,Kevin Strootman,
3047514,ol,87,Martin Terrier,Nabil Fekir,
3097966,adv,54,Leroy Sané,İlkay Gündoğan,Tactique
3097966,adv,62,Sergio Agüero,Gabriel Jesus,Tactique
3097966,adv,75,Riyad Mahrez,Raheem Sterling,Tactique
3097966,ol,75,Léo Dubois,Rafael,Tactique
3097966,ol,78,Lucas Tousart,Nabil Fekir,Tactique
3097966,ol,2,Bertrand Traoré,Maxwel Cornet,Ralentissement du jeu
3047473,adv,57,Romain Genevois,Saîf-Eddine Khaoui,
3047473,ol,64,Martin Terrier,Nabil Fekir,
3047473,adv,64,Yacine Bammou,Enzo Crivelli,
3047473,ol,70,Memphis Depay,Lucas Tousart,
3047473,ol,75,Maxwel Cornet,Bertrand Traoré,
3047473,adv,78,Baissama Sankoh,Claudio Beauvue,
3047464,ol,67,Maxwel Cornet,Martin Terrier,
3047464,adv,75,Myziane Maolida,Mario Balotelli,
3047464,ol,78,Pape Cheikh,Lucas Tousart,
3047464,ol,83,Houssem Aouar,Bertrand Traoré,
3047464,adv,84,Racine Coly,Allan Saint-Maximin,
3047454,adv,62,Ludovic Ajorque,Anthony Gonçalves,
3047454,adv,74,Kévin Zohi,Anthony Caci,
3047454,ol,74,Houssem Aouar,Martin Terrier,
3047454,ol,78,Nabil Fekir,Pape Cheikh,
3047454,adv,83,Youssouf Fofana,Ibrahima Sissoko,
3047454,ol,86,Mariano Díaz,Tanguy Ndombélé,
3047447,ol,65,Maxwel Cornet,Mariano Díaz,
3047447,ol,65,Martin Terrier,Houssem Aouar,
3047447,adv,68,Nolan Mbemba,Marvin Martin,
3047447,adv,74,Mathieu Cafaro,Rémi Oudin,
3047447,adv,80,Hyun-jun Suk,Pablo Chavarría,
3047447,ol,82,Rafael,Léo Dubois,
3047434,adv,61,Quentin Cornette,Gaoussou Traoré,Non rapporté
3047434,ol,75,Martin Terrier,Mariano Díaz,Non rapporté
3047434,adv,83,Mathieu Bodmer,Moussa Konaté,Non rapporté
3047434,ol,87,Maxwel Cornet,Bertrand Traoré,Non rapporté
3047434,ol,87,Pape Cheikh,Lucas Tousart,Non rapporté
3047434,adv,88,Cheick Timite,Juan Otero,Non rapporté
