season,competition,round,date,time,home,away,home_score,away_score,penalties,venue_side,attendance,report_url,match_id
2000-01,Ligue 1,1,sam. 29/07/2000,20:00,Lyon,Stade Rennais,2,2,non,D,33.669,/spielbericht/index/spielbericht/1002779,1002779
2000-01,Ligue 1,2,jeu. 03/08/2000,20:00,CS Sedan,Lyon,1,1,non,E,12.087,/spielbericht/index/spielbericht/1002782,1002782
2000-01,UEFA Champions League Qualification,3e tour,lun. 07/08/2000,17:00,Inter Bratislava,Lyon,1,2,non,E,3.540,/spielbericht/index/spielbericht/1160559,1160559
2000-01,Ligue 1,3,sam. 12/08/2000,20:00,Lyon,FC Metz,0,0,non,D,29.268,/spielbericht/index/spielbericht/1002795,1002795
2000-01,Ligue 1,4,ven. 18/08/2000,20:45,SC Bastia,Lyon,2,0,non,E,9.927,/spielbericht/index/spielbericht/1002800,1002800
2000-01,UEFA Champions League Qualification,3e tour,mer. 23/08/2000,19:00,Lyon,Inter Bratislava,2,1,non,D,20.318,/spielbericht/index/spielbericht/1160573,1160573
2000-01,Ligue 1,5,sam. 26/08/2000,20:00,Lyon,Troyes,1,0,non,D,28.103,/spielbericht/index/spielbericht/1002811,1002811
2000-01,Ligue 1,6,mer. 06/09/2000,20:00,Saint-Étienne,Lyon,2,2,non,E,28.446,/spielbericht/index/spielbericht/1002824,1002824
2000-01,Ligue 1,7,sam. 09/09/2000,20:00,Lyon,RC Lens,3,0,non,D,34.529,/spielbericht/index/spielbericht/1002832,1002832
2000-01,UEFA Champions League,Phase de groupe,mar. 12/09/2000,20:45,Lyon,Heerenveen,3,1,non,D,30.000,/spielbericht/index/spielbericht/990056,990056
2000-01,Ligue 1,8,dim. 17/09/2000,18:30,FC Nantes,Lyon,0,1,non,E,26.869,/spielbericht/index/spielbericht/1002843,1002843
2000-01,UEFA Champions League,Phase de groupe,mer. 20/09/2000,00:00,Olympiakos,Lyon,2,1,non,E,52.000,/spielbericht/index/spielbericht/990081,990081
2000-01,Ligue 1,9,sam. 23/09/2000,20:00,Lyon,EA Guingamp,0,1,non,D,32.936,/spielbericht/index/spielbericht/1002847,1002847
2000-01,UEFA Champions League,Phase de groupe,mer. 27/09/2000,20:45,FC Valencia,Lyon,1,0,non,E,30.000,/spielbericht/index/spielbericht/990103,990103
2000-01,Ligue 1,10,dim. 01/10/2000,20:45,Marseille,Lyon,1,1,non,E,48.729,/spielbericht/index/spielbericht/1002862,1002862
2000-01,UEFA Champions League,Phase de groupe,mar. 17/10/2000,20:45,Lyon,FC Valencia,1,2,non,D,40.000,/spielbericht/index/spielbericht/990117,990117
2000-01,Ligue 1,12,sam. 21/10/2000,20:00,G. Bordeaux,Lyon,1,1,non,E,30.107,/spielbericht/index/spielbericht/1002873,1002873
2000-01,UEFA Champions League,Phase de groupe,mer. 25/10/2000,20:45,Heerenveen,Lyon,0,2,non,E,14.000,/spielbericht/index/spielbericht/990130,990130
2000-01,Ligue 1,13,dim. 29/10/2000,19:00,Lyon,AJ Auxerre,2,2,non,D,36.339,/spielbericht/index/spielbericht/1002885,1002885
2000-01,Ligue 1,14,ven. 03/11/2000,20:45,Monaco,Lyon,0,2,non,E,10.408,/spielbericht/index/spielbericht/1002890,1002890
2000-01,UEFA Champions League,Phase de groupe,mar. 07/11/2000,20:45,Lyon,Olympiakos,1,0,non,D,38.000,/spielbericht/index/spielbericht/990145,990145
2000-01,Ligue 1,15,sam. 11/11/2000,17:15,PSG,Lyon,1,1,non,E,43.591,/spielbericht/index/spielbericht/1002900,1002900
2000-01,Ligue 1,16,sam. 18/11/2000,20:00,Lyon,LOSC Lille,0,1,non,D,32.948,/spielbericht/index/spielbericht/1002912,1002912
2000-01,UEFA Champions League,Phase de groupe,mer. 22/11/2000,20:45,Bayern,Lyon,1,0,non,E,18.000,/spielbericht/index/spielbericht/990169,990169
2000-01,Ligue 1,17,sam. 25/11/2000,20:00,R. Strasbourg,Lyon,0,3,non,E,14.025,/spielbericht/index/spielbericht/1002921,1002921
2000-01,Ligue 1,18,mer. 29/11/2000,20:00,Lyon,CS Sedan,2,2,non,D,28.284,/spielbericht/index/spielbericht/1002936,1002936
2000-01,Ligue 1,19,sam. 02/12/2000,17:15,FC Metz,Lyon,0,0,non,E,16.218,/spielbericht/index/spielbericht/1002940,1002940
2000-01,UEFA Champions League,Phase de groupe,jeu. 07/12/2000,20:45,Lyon,Spartak Moscou,3,0,non,D,38.404,/spielbericht/index/spielbericht/990184,990184
2000-01,Ligue 1,20,sam. 09/12/2000,20:00,Lyon,SC Bastia,1,0,non,D,35.853,/spielbericht/index/spielbericht/1002953,1002953
2000-01,Ligue 1,11,mer. 13/12/2000,20:00,Lyon,Toulouse,4,1,non,D,30.129,/spielbericht/index/spielbericht/1002871,1002871
2000-01,Ligue 1,21,sam. 16/12/2000,20:00,Troyes,Lyon,1,0,non,E,13.872,/spielbericht/index/spielbericht/1002964,1002964
2000-01,Ligue 1,22,jeu. 21/12/2000,20:30,Lyon,Saint-Étienne,2,1,non,D,38.959,/spielbericht/index/spielbericht/1002971,1002971
2000-01,Coupe de la Ligue,2e tour,sam. 06/01/2001,20:45,CS Sedan,Lyon,1,2,non,E,12.044,/spielbericht/index/spielbericht/2690784,2690784
2000-01,Ligue 1,23,ven. 12/01/2001,20:45,RC Lens,Lyon,0,0,non,E,36.018,/spielbericht/index/spielbericht/1002976,1002976
2000-01,Coupe de France,3e tour,sam. 20/01/2001,00:00,Lyon,SM Caen,3,2,non,D,7.000,/spielbericht/index/spielbericht/2997430,2997430
2000-01,Ligue 1,24,sam. 27/01/2001,17:15,Lyon,FC Nantes,3,1,non,D,35.518,/spielbericht/index/spielbericht/1002986,1002986
2000-01,Coupe de la Ligue,Huitièmes de finale,mer. 31/01/2001,20:45,RC Lens,Lyon,1,3,non,E,29.943,/spielbericht/index/spielbericht/2690799,2690799
2000-01,Ligue 1,25,sam. 03/02/2001,20:00,EA Guingamp,Lyon,2,3,non,E,13.287,/spielbericht/index/spielbericht/1002996,1002996
2000-01,Ligue 1,26,mar. 06/02/2001,20:45,Lyon,Marseille,1,1,non,D,37.093,/spielbericht/index/spielbericht/1003004,1003004
2000-01,Coupe de France,4e tour,ven. 09/02/2001,00:00,Lyon,Saint-Étienne,5,4,oui,D,31.911,/spielbericht/index/spielbericht/2997384,2997384
2000-01,UEFA Champions League,Phase de groupe,mar. 13/02/2001,20:45,Lyon,Arsenal,0,1,non,D,39.541,/spielbericht/index/spielbericht/990200,990200
2000-01,Ligue 1,27,sam. 17/02/2001,20:00,Toulouse,Lyon,1,1,non,E,21.087,/spielbericht/index/spielbericht/1003017,1003017
2000-01,UEFA Champions League,Phase de groupe,mer. 21/02/2001,20:45,Arsenal,Lyon,1,1,non,E,36.000,/spielbericht/index/spielbericht/990209,990209
2000-01,Coupe de la Ligue,Quarts de finale,sam. 24/02/2001,20:30,Amiens SC,Lyon,0,2,non,E,10.997,/spielbericht/index/spielbericht/2690800,2690800
2000-01,Ligue 1,28,sam. 03/03/2001,17:15,Lyon,G. Bordeaux,2,1,non,D,35.445,/spielbericht/index/spielbericht/1003021,1003021
2000-01,UEFA Champions League,Phase de groupe,mar. 06/03/2001,20:45,Lyon,Bayern,3,0,non,D,39.460,/spielbericht/index/spielbericht/990216,990216
2000-01,Coupe de France,Huitièmes de finale,sam. 10/03/2001,00:00,Fontenay,Lyon,6,7,oui,E,,/spielbericht/index/spielbericht/2997349,2997349
2000-01,UEFA Champions League,Phase de groupe,mer. 14/03/2001,18:55,Spartak Moscou,Lyon,1,1,non,E,14.000,/spielbericht/index/spielbericht/990224,990224
2000-01,Ligue 1,29,sam. 17/03/2001,20:00,AJ Auxerre,Lyon,0,3,non,E,11.544,/spielbericht/index/spielbericht/1003031,1003031
2000-01,Coupe de France,Quarts de finale,dim. 01/04/2001,20:00,R. Strasbourg,Lyon,3,0,non,E,13.158,/spielbericht/index/spielbericht/2996418,2996418
2000-01,Ligue 1,30,sam. 07/04/2001,17:15,Lyon,Monaco,2,1,non,D,39.529,/spielbericht/index/spielbericht/1003040,1003040
2000-01,Coupe de la Ligue,Demi-finales,mar. 10/04/2001,20:45,Lyon,FC Nantes,3,2,non,D,30.558,/spielbericht/index/spielbericht/2690804,2690804
2000-01,Ligue 1,31,dim. 15/04/2001,20:45,Lyon,PSG,2,0,non,D,38.366,/spielbericht/index/spielbericht/1003055,1003055
2000-01,Ligue 1,32,sam. 28/04/2001,20:00,LOSC Lille,Lyon,1,2,non,E,19.466,/spielbericht/index/spielbericht/1003059,1003059
2000-01,Coupe de la Ligue,Finale,sam. 05/05/2001,20:45,Monaco,Lyon,1,2,non,E,78.010,/spielbericht/index/spielbericht/2690806,2690806
2000-01,Ligue 1,33,sam. 12/05/2001,20:00,Lyon,R. Strasbourg,5,0,non,D,40.629,/spielbericht/index/spielbericht/1003069,1003069
2000-01,Ligue 1,34,sam. 19/05/2001,20:00,Stade Rennais,Lyon,3,4,non,E,22.498,/spielbericht/index/spielbericht/1003079,1003079
2001-02,Ligue 1,1,sam. 28/07/2001,20:00,RC Lens,Lyon,2,0,non,E,34.239,/spielbericht/index/spielbericht/1002374,1002374
2001-02,Ligue 1,2,sam. 04/08/2001,20:00,Lyon,CS Sedan,2,0,non,D,34.926,/spielbericht/index/spielbericht/1002472,1002472
2001-02,Ligue 1,3,dim. 12/08/2001,20:45,SC Bastia,Lyon,1,2,non,E,8.512,/spielbericht/index/spielbericht/1002484,1002484
2001-02,Ligue 1,4,sam. 18/08/2001,20:00,Lyon,EA Guingamp,3,0,non,D,35.807,/spielbericht/index/spielbericht/1002487,1002487
2001-02,Ligue 1,5,sam. 25/08/2001,20:00,Troyes,Lyon,0,2,non,E,14.631,/spielbericht/index/spielbericht/1002500,1002500
2001-02,Ligue 1,6,sam. 08/09/2001,17:15,Marseille,Lyon,0,0,non,E,52.559,/spielbericht/index/spielbericht/1002503,1002503
2001-02,Ligue 1,7,sam. 15/09/2001,17:15,Lyon,FC Nantes,4,1,non,D,34.406,/spielbericht/index/spielbericht/1002512,1002512
2001-02,UEFA Champions League,Phase de groupe,mar. 18/09/2001,20:45,Lyon,Leverkusen,0,1,non,D,37.006,/spielbericht/index/spielbericht/1023482,1023482
2001-02,Ligue 1,8,sam. 22/09/2001,20:00,FC Metz,Lyon,2,0,non,E,16.894,/spielbericht/index/spielbericht/1002526,1002526
2001-02,UEFA Champions League,Phase de groupe,mar. 25/09/2001,20:45,Fenerbahçe,Lyon,0,1,non,E,3.500,/spielbericht/index/spielbericht/1023498,1023498
2001-02,Ligue 1,9,sam. 29/09/2001,20:00,Lyon,Stade Rennais,4,0,non,D,30.881,/spielbericht/index/spielbericht/1002533,1002533
2001-02,UEFA Champions League,Phase de groupe,mer. 10/10/2001,20:45,Barcelone,Lyon,2,0,non,E,70.000,/spielbericht/index/spielbericht/1023473,1023473
2001-02,Ligue 1,10,dim. 14/10/2001,20:45,PSG,Lyon,2,2,non,E,41.945,/spielbericht/index/spielbericht/1002547,1002547
2001-02,UEFA Champions League,Phase de groupe,mer. 17/10/2001,20:45,Lyon,Fenerbahçe,3,1,non,D,35.000,/spielbericht/index/spielbericht/1023521,1023521
2001-02,Ligue 1,11,sam. 20/10/2001,17:15,Lyon,FC Sochaux,1,1,non,D,35.705,/spielbericht/index/spielbericht/1002553,1002553
2001-02,UEFA Champions League,Phase de groupe,mar. 23/10/2001,20:45,Lyon,Barcelone,2,3,non,D,38.000,/spielbericht/index/spielbericht/1023529,1023529
2001-02,Ligue 1,12,sam. 27/10/2001,20:00,Monaco,Lyon,2,1,non,E,11.706,/spielbericht/index/spielbericht/1002562,1002562
2001-02,UEFA Champions League,Phase de groupe,mer. 31/10/2001,20:45,Leverkusen,Lyon,2,4,non,E,22.500,/spielbericht/index/spielbericht/1023553,1023553
2001-02,Ligue 1,13,dim. 04/11/2001,20:45,Lyon,LOSC Lille,4,2,non,D,34.788,/spielbericht/index/spielbericht/1002574,1002574
2001-02,Ligue 1,14,sam. 17/11/2001,20:00,FC Lorient,Lyon,0,3,non,E,12.765,/spielbericht/index/spielbericht/1002580,1002580
2001-02,Coupe de l'UEFA (- 2009),3e tour,jeu. 22/11/2001,19:30,Club Bruges,Lyon,4,1,non,E,14.670,/spielbericht/index/spielbericht/1173385,1173385
2001-02,Ligue 1,15,dim. 25/11/2001,18:00,Lyon,AJ Auxerre,3,0,non,D,39.165,/spielbericht/index/spielbericht/1002591,1002591
2001-02,Ligue 1,16,mer. 28/11/2001,18:00,Montpellier,Lyon,3,0,non,E,15.147,/spielbericht/index/spielbericht/1002593,1002593
2001-02,Coupe de la Ligue,2e tour,sam. 01/12/2001,18:00,Lyon,FC Sochaux,5,4,oui,D,22.270,/spielbericht/index/spielbericht/2690679,2690679
2001-02,Coupe de l'UEFA (- 2009),3e tour,jeu. 06/12/2001,20:45,Lyon,Club Bruges,3,0,non,D,39.583,/spielbericht/index/spielbericht/1173386,1173386
2001-02,Ligue 1,17,dim. 09/12/2001,20:45,Lyon,G. Bordeaux,1,0,non,D,31.010,/spielbericht/index/spielbericht/1002609,1002609
2001-02,Coupe de France,5e tour,sam. 15/12/2001,00:00,US Saint-Malo,Lyon,0,6,non,E,5.259,/spielbericht/index/spielbericht/2994130,2994130
2001-02,Ligue 1,18,mer. 19/12/2001,20:30,CS Sedan,Lyon,2,1,non,E,15.468,/spielbericht/index/spielbericht/1002616,1002616
2001-02,Ligue 1,20,sam. 05/01/2002,20:00,EA Guingamp,Lyon,2,4,non,E,8.890,/spielbericht/index/spielbericht/1002631,1002631
2001-02,Coupe de la Ligue,Huitièmes de finale,mar. 08/01/2002,20:45,G. Bordeaux,Lyon,5,3,oui,E,12.145,/spielbericht/index/spielbericht/2690699,2690699
2001-02,Ligue 1,19,mer. 16/01/2002,20:30,Lyon,SC Bastia,0,0,non,D,29.506,/spielbericht/index/spielbericht/1002626,1002626
2001-02,Coupe de France,6e tour,sam. 19/01/2002,00:00,Lyon,LB Châteauroux,0,2,non,D,4.000,/spielbericht/index/spielbericht/2994103,2994103
2001-02,Ligue 1,22,mer. 23/01/2002,20:30,Lyon,Marseille,4,0,non,D,38.378,/spielbericht/index/spielbericht/1002650,1002650
2001-02,Ligue 1,23,mar. 29/01/2002,20:45,FC Nantes,Lyon,3,0,non,E,31.966,/spielbericht/index/spielbericht/1002656,1002656
2001-02,Ligue 1,24,sam. 02/02/2002,20:00,Lyon,FC Metz,4,1,non,D,30.336,/spielbericht/index/spielbericht/1002670,1002670
2001-02,Ligue 1,25,mer. 06/02/2002,18:00,Stade Rennais,Lyon,2,2,non,E,14.900,/spielbericht/index/spielbericht/1002674,1002674
2001-02,Ligue 1,21,sam. 09/02/2002,18:00,Lyon,Troyes,3,1,non,D,31.968,/spielbericht/index/spielbericht/1002644,1002644
2001-02,Ligue 1,26,dim. 17/02/2002,20:45,Lyon,PSG,3,0,non,D,38.323,/spielbericht/index/spielbericht/1002691,1002691
2001-02,Coupe de l'UEFA (- 2009),Huitièmes de finale,jeu. 21/02/2002,19:15,Lyon,Slovan Liberec,1,1,non,D,26.069,/spielbericht/index/spielbericht/1173387,1173387
2001-02,Ligue 1,27,dim. 24/02/2002,18:30,FC Sochaux,Lyon,2,1,non,E,17.878,/spielbericht/index/spielbericht/1002700,1002700
2001-02,Coupe de l'UEFA (- 2009),Huitièmes de finale,jeu. 28/02/2002,17:00,Slovan Liberec,Lyon,4,1,non,E,9.506,/spielbericht/index/spielbericht/1173388,1173388
2001-02,Ligue 1,28,mer. 06/03/2002,20:30,Lyon,Monaco,1,0,non,D,32.105,/spielbericht/index/spielbericht/1002714,1002714
2001-02,Ligue 1,29,sam. 16/03/2002,20:00,LOSC Lille,Lyon,2,0,non,E,19.839,/spielbericht/index/spielbericht/1002721,1002721
2001-02,Ligue 1,30,sam. 23/03/2002,20:00,Lyon,FC Lorient,2,0,non,D,36.221,/spielbericht/index/spielbericht/1002731,1002731
2001-02,Ligue 1,31,dim. 07/04/2002,20:45,AJ Auxerre,Lyon,0,1,non,E,17.458,/spielbericht/index/spielbericht/1002745,1002745
2001-02,Ligue 1,32,sam. 13/04/2002,20:00,Lyon,Montpellier,0,0,non,D,39.125,/spielbericht/index/spielbericht/1002750,1002750
2001-02,Ligue 1,33,sam. 27/04/2002,20:00,G. Bordeaux,Lyon,0,1,non,E,32.641,/spielbericht/index/spielbericht/1002755,1002755
2001-02,Ligue 1,34,sam. 04/05/2002,20:00,Lyon,RC Lens,3,1,non,D,39.691,/spielbericht/index/spielbericht/1002767,1002767
2002-03,Trophée des Champions,Finale,sam. 27/07/2002,20:45,Lyon,FC Lorient,5,1,non,D,5.041,/spielbericht/index/spielbericht/2689160,2689160
2002-03,Ligue 1,1,ven. 02/08/2002,20:45,EA Guingamp,Lyon,3,3,non,E,14.353,/spielbericht/index/spielbericht/992389,992389
2002-03,Ligue 1,2,sam. 10/08/2002,20:00,Lyon,CS Sedan,6,1,non,D,36.918,/spielbericht/index/spielbericht/1001755,1001755
2002-03,Ligue 1,3,ven. 16/08/2002,20:45,Marseille,Lyon,1,1,non,E,56.529,/spielbericht/index/spielbericht/1001760,1001760
2002-03,Ligue 1,4,sam. 24/08/2002,20:00,Lyon,SC Bastia,4,1,non,D,38.777,/spielbericht/index/spielbericht/1001970,1001970
2002-03,Ligue 1,5,sam. 31/08/2002,20:00,FC Sochaux,Lyon,2,1,non,E,18.442,/spielbericht/index/spielbericht/1001983,1001983
2002-03,Ligue 1,6,mar. 10/09/2002,20:45,Lyon,RC Lens,1,0,non,D,33.737,/spielbericht/index/spielbericht/1001985,1001985
2002-03,Ligue 1,7,sam. 14/09/2002,20:00,FC Nantes,Lyon,1,0,non,E,33.444,/spielbericht/index/spielbericht/1001999,1001999
2002-03,UEFA Champions League,Phase de groupe,mar. 17/09/2002,20:45,Ajax,Lyon,2,1,non,E,35.000,/spielbericht/index/spielbericht/985064,985064
2002-03,Ligue 1,8,sam. 21/09/2002,17:15,Lyon,Monaco,1,3,non,D,38.392,/spielbericht/index/spielbericht/1002005,1002005
2002-03,UEFA Champions League,Phase de groupe,mer. 25/09/2002,20:45,Lyon,Rosenborg BK,5,0,non,D,40.000,/spielbericht/index/spielbericht/1019516,1019516
2002-03,Ligue 1,9,sam. 28/09/2002,20:00,Troyes,Lyon,1,1,non,E,11.592,/spielbericht/index/spielbericht/1002079,1002079
2002-03,UEFA Champions League,Phase de groupe,mer. 02/10/2002,20:45,Inter,Lyon,1,2,non,E,31.500,/spielbericht/index/spielbericht/1019526,1019526
2002-03,Ligue 1,10,sam. 05/10/2002,20:00,Stade Rennais,Lyon,0,1,non,E,18.480,/spielbericht/index/spielbericht/1002085,1002085
2002-03,Ligue 1,11,sam. 19/10/2002,17:15,Lyon,AJ Auxerre,3,0,non,D,40.188,/spielbericht/index/spielbericht/1002091,1002091
2002-03,UEFA Champions League,Phase de groupe,mar. 22/10/2002,20:45,Lyon,Inter,3,3,non,D,37.000,/spielbericht/index/spielbericht/1019536,1019536
2002-03,Ligue 1,12,sam. 26/10/2002,20:00,AC Ajaccio,Lyon,0,1,non,E,6.415,/spielbericht/index/spielbericht/1002103,1002103
2002-03,UEFA Champions League,Phase de groupe,mer. 30/10/2002,20:45,Lyon,Ajax,0,2,non,D,41.000,/spielbericht/index/spielbericht/1019555,1019555
2002-03,Ligue 1,13,sam. 02/11/2002,17:15,Lyon,OGC Nice,2,2,non,D,37.511,/spielbericht/index/spielbericht/1002111,1002111
2002-03,Ligue 1,14,jeu. 07/11/2002,20:00,Le Havre AC,Lyon,1,2,non,E,12.645,/spielbericht/index/spielbericht/1002122,1002122
2002-03,UEFA Champions League,Phase de groupe,mar. 12/11/2002,20:45,Rosenborg BK,Lyon,1,1,non,E,21.000,/spielbericht/index/spielbericht/1019571,1019571
2002-03,Ligue 1,15,sam. 16/11/2002,20:00,Lyon,G. Bordeaux,4,2,non,D,38.809,/spielbericht/index/spielbericht/1002134,1002134
2002-03,Ligue 1,16,sam. 23/11/2002,20:00,LOSC Lille,Lyon,2,1,non,E,17.074,/spielbericht/index/spielbericht/1002145,1002145
2002-03,Coupe de l'UEFA (- 2009),3e tour,jeu. 28/11/2002,18:00,Denizlispor,Lyon,0,0,non,E,15.000,/spielbericht/index/spielbericht/983265,983265
2002-03,Ligue 1,17,dim. 01/12/2002,18:00,Lyon,R. Strasbourg,2,1,non,D,34.235,/spielbericht/index/spielbericht/1002159,1002159
2002-03,Ligue 1,18,mer. 04/12/2002,18:30,PSG,Lyon,2,0,non,E,39.645,/spielbericht/index/spielbericht/1002162,1002162
2002-03,Coupe de la Ligue,2e tour,sam. 07/12/2002,20:45,Lyon,SC Bastia,2,0,non,D,26.332,/spielbericht/index/spielbericht/2690648,2690648
2002-03,Coupe de l'UEFA (- 2009),3e tour,jeu. 12/12/2002,18:00,Lyon,Denizlispor,0,1,non,D,30.000,/spielbericht/index/spielbericht/983280,983280
2002-03,Ligue 1,19,dim. 15/12/2002,20:00,Lyon,Montpellier,1,1,non,D,30.059,/spielbericht/index/spielbericht/1002177,1002177
2002-03,Ligue 1,20,ven. 20/12/2002,20:30,CS Sedan,Lyon,1,1,non,E,13.870,/spielbericht/index/spielbericht/1002187,1002187
2002-03,Coupe de France,3e tour,sam. 04/01/2003,00:00,Lib.-St.-Seurin,Lyon,1,0,non,E,8.500,/spielbericht/index/spielbericht/2993924,2993924
2002-03,Ligue 1,21,ven. 10/01/2003,20:45,Lyon,Marseille,1,0,non,D,38.775,/spielbericht/index/spielbericht/1002191,1002191
2002-03,Ligue 1,22,mer. 15/01/2003,20:30,SC Bastia,Lyon,2,0,non,E,6.516,/spielbericht/index/spielbericht/1002203,1002203
2002-03,Coupe de la Ligue,Huitièmes de finale,sam. 18/01/2003,17:00,FC Sochaux,Lyon,8,6,oui,E,12.486,/spielbericht/index/spielbericht/2690654,2690654
2002-03,Ligue 1,23,mer. 22/01/2003,18:00,Lyon,FC Sochaux,4,1,non,D,30.662,/spielbericht/index/spielbericht/1002212,1002212
2002-03,Ligue 1,24,mer. 29/01/2003,20:30,RC Lens,Lyon,2,2,non,E,36.787,/spielbericht/index/spielbericht/1002225,1002225
2002-03,Ligue 1,25,sam. 01/02/2003,20:00,Lyon,FC Nantes,0,0,non,D,33.227,/spielbericht/index/spielbericht/1002234,1002234
2002-03,Ligue 1,26,mar. 04/02/2003,20:45,Monaco,Lyon,2,0,non,E,8.203,/spielbericht/index/spielbericht/1002241,1002241
2002-03,Ligue 1,27,sam. 08/02/2003,20:00,Lyon,Troyes,0,0,non,D,32.019,/spielbericht/index/spielbericht/1002255,1002255
2002-03,Ligue 1,28,sam. 22/02/2003,20:00,Lyon,Stade Rennais,4,1,non,D,37.962,/spielbericht/index/spielbericht/1002264,1002264
2002-03,Ligue 1,29,dim. 02/03/2003,20:45,AJ Auxerre,Lyon,1,2,non,E,10.183,/spielbericht/index/spielbericht/1002280,1002280
2002-03,Ligue 1,30,sam. 08/03/2003,20:00,Lyon,AC Ajaccio,3,1,non,D,38.946,/spielbericht/index/spielbericht/1002284,1002284
2002-03,Ligue 1,31,dim. 23/03/2003,20:45,OGC Nice,Lyon,0,1,non,E,14.308,/spielbericht/index/spielbericht/1002300,1002300
2002-03,Ligue 1,32,sam. 05/04/2003,17:15,Lyon,Le Havre AC,2,1,non,D,39.652,/spielbericht/index/spielbericht/1002301,1002301
2002-03,Ligue 1,33,ven. 11/04/2003,20:45,G. Bordeaux,Lyon,0,1,non,E,32.175,/spielbericht/index/spielbericht/1002311,1002311
2002-03,Ligue 1,34,sam. 19/04/2003,20:00,Lyon,LOSC Lille,0,0,non,D,40.083,/spielbericht/index/spielbericht/1002324,1002324
2002-03,Ligue 1,35,sam. 03/05/2003,20:00,R. Strasbourg,Lyon,0,4,non,E,20.471,/spielbericht/index/spielbericht/1002338,1002338
2002-03,Ligue 1,36,dim. 11/05/2003,21:00,Lyon,PSG,1,0,non,D,37.823,/spielbericht/index/spielbericht/1002350,1002350
2002-03,Ligue 1,37,mar. 20/05/2003,20:30,Montpellier,Lyon,1,1,non,E,19.764,/spielbericht/index/spielbericht/1002356,1002356
2002-03,Ligue 1,38,sam. 24/05/2003,20:30,Lyon,EA Guingamp,1,4,non,D,40.152,/spielbericht/index/spielbericht/1002366,1002366
2003-04,Trophée des Champions,Finale,sam. 26/07/2003,17:45,Lyon,AJ Auxerre,2,1,non,D,18.254,/spielbericht/index/spielbericht/2689159,2689159
2003-04,Ligue 1,1,ven. 01/08/2003,20:45,LOSC Lille,Lyon,1,0,non,E,16.443,/spielbericht/index/spielbericht/338,338
2003-04,Ligue 1,2,sam. 09/08/2003,20:00,Lyon,Monaco,3,1,non,D,39.726,/spielbericht/index/spielbericht/602,602
2003-04,Ligue 1,3,sam. 16/08/2003,20:00,Montpellier,Lyon,0,2,non,E,18.814,/spielbericht/index/spielbericht/793,793
2003-04,Ligue 1,4,sam. 23/08/2003,20:00,Lyon,Toulouse,0,0,non,D,35.192,/spielbericht/index/spielbericht/989,989
2003-04,Ligue 1,5,sam. 30/08/2003,17:15,EA Guingamp,Lyon,2,0,non,E,11.610,/spielbericht/index/spielbericht/1185,1185
2003-04,Ligue 1,6,sam. 13/09/2003,17:15,Lyon,AJ Auxerre,1,1,non,D,38.321,/spielbericht/index/spielbericht/1397,1397
2003-04,UEFA Champions League,Phase de groupe,mer. 17/09/2003,20:45,Lyon,RSC Anderlecht,1,0,non,D,37.000,/spielbericht/index/spielbericht/2,2
2003-04,Ligue 1,7,dim. 21/09/2003,00:00,Le Mans UC 72,Lyon,0,2,non,E,13.478,/spielbericht/index/spielbericht/1613,1613
2003-04,Ligue 1,8,sam. 27/09/2003,00:00,Lyon,RC Lens,4,0,non,D,33.695,/spielbericht/index/spielbericht/1799,1799
2003-04,UEFA Champions League,Phase de groupe,mar. 30/09/2003,20:45,Celtic Glasgow,Lyon,2,0,non,E,58.027,/spielbericht/index/spielbericht/44,44
2003-04,Ligue 1,9,sam. 04/10/2003,00:00,AC Ajaccio,Lyon,2,4,non,E,3.268,/spielbericht/index/spielbericht/2001,2001
2003-04,Ligue 1,10,sam. 18/10/2003,00:00,Lyon,FC Sochaux,1,1,non,D,37.029,/spielbericht/index/spielbericht/2216,2216
2003-04,UEFA Champions League,Phase de groupe,mar. 21/10/2003,20:45,Lyon,Bayern,1,1,non,D,37.659,/spielbericht/index/spielbericht/46,46
2003-04,Ligue 1,11,sam. 25/10/2003,00:00,FC Nantes,Lyon,0,1,non,E,33.249,/spielbericht/index/spielbericht/2411,2411
2003-04,Coupe de la Ligue,2e tour,mar. 28/10/2003,20:00,RC Lens,Lyon,5,4,oui,E,23.500,/spielbericht/index/spielbericht/2690502,2690502
2003-04,Ligue 1,12,sam. 01/11/2003,00:00,Lyon,OGC Nice,5,0,non,D,34.034,/spielbericht/index/spielbericht/2620,2620
2003-04,UEFA Champions League,Phase de groupe,mer. 05/11/2003,20:45,Bayern,Lyon,1,2,non,E,59.000,/spielbericht/index/spielbericht/49,49
2003-04,Ligue 1,13,dim. 09/11/2003,00:00,Marseille,Lyon,1,4,non,E,59.000,/spielbericht/index/spielbericht/2836,2836
2003-04,Ligue 1,14,ven. 21/11/2003,00:00,Lyon,R. Strasbourg,1,0,non,D,33.682,/spielbericht/index/spielbericht/3026,3026
2003-04,UEFA Champions League,Phase de groupe,mar. 25/11/2003,20:45,RSC Anderlecht,Lyon,1,0,non,E,20.800,/spielbericht/index/spielbericht/51,51
2003-04,Ligue 1,15,sam. 29/11/2003,00:00,Stade Rennais,Lyon,3,1,non,E,15.511,/spielbericht/index/spielbericht/3210,3210
2003-04,Ligue 1,17,ven. 05/12/2003,00:00,Lyon,FC Metz,2,1,non,D,31.999,/spielbericht/index/spielbericht/3606,3606
2003-04,UEFA Champions League,Phase de groupe,mer. 10/12/2003,20:45,Lyon,Celtic Glasgow,3,2,non,D,40.125,/spielbericht/index/spielbericht/52,52
2003-04,Ligue 1,18,sam. 13/12/2003,00:00,SC Bastia,Lyon,0,0,non,E,5.492,/spielbericht/index/spielbericht/3805,3805
2003-04,Ligue 1,19,ven. 19/12/2003,00:00,Lyon,PSG,1,1,non,D,36.720,/spielbericht/index/spielbericht/3981,3981
2003-04,Coupe de France,5e tour,sam. 03/01/2004,00:00,Aire-sur-la-Lys,Lyon,0,4,non,E,5.043,/spielbericht/index/spielbericht/2987392,2987392
2003-04,Ligue 1,20,ven. 09/01/2004,00:00,Monaco,Lyon,3,0,non,E,15.674,/spielbericht/index/spielbericht/4164,4164
2003-04,Ligue 1,21,sam. 17/01/2004,00:00,Lyon,Montpellier,3,0,non,D,32.658,/spielbericht/index/spielbericht/4366,4366
2003-04,Coupe de France,6e tour,sam. 24/01/2004,00:00,Bourg-Péronnas,Lyon,0,5,non,E,15.000,/spielbericht/index/spielbericht/2987469,2987469
2003-04,Ligue 1,16,mer. 28/01/2004,00:00,Lyon,G. Bordeaux,3,0,non,D,32.363,/spielbericht/index/spielbericht/3507,3507
2003-04,Ligue 1,22,sam. 31/01/2004,00:00,Toulouse,Lyon,0,1,non,E,26.297,/spielbericht/index/spielbericht/4523,4523
2003-04,Ligue 1,23,sam. 07/02/2004,00:00,Lyon,EA Guingamp,0,1,non,D,34.523,/spielbericht/index/spielbericht/4734,4734
2003-04,Coupe de France,Huitièmes de finale,mer. 11/02/2004,00:00,Monaco,Lyon,4,1,non,E,6.000,/spielbericht/index/spielbericht/2987489,2987489
2003-04,Ligue 1,24,dim. 15/02/2004,00:00,AJ Auxerre,Lyon,1,2,non,E,17.000,/spielbericht/index/spielbericht/4942,4942
2003-04,Ligue 1,25,sam. 21/02/2004,00:00,Lyon,Le Mans UC 72,2,0,non,D,35.811,/spielbericht/index/spielbericht/5133,5133
2003-04,UEFA Champions League,Huitièmes de finale,mer. 25/02/2004,20:45,Real Sociedad,Lyon,0,1,non,E,28.000,/spielbericht/index/spielbericht/270,270
2003-04,Ligue 1,26,sam. 28/02/2004,00:00,RC Lens,Lyon,1,1,non,E,33.230,/spielbericht/index/spielbericht/5328,5328
2003-04,Ligue 1,27,ven. 05/03/2004,00:00,Lyon,AC Ajaccio,4,0,non,D,35.829,/spielbericht/index/spielbericht/5534,5534
2003-04,UEFA Champions League,Huitièmes de finale,mar. 09/03/2004,20:45,Lyon,Real Sociedad,1,0,non,D,38.900,/spielbericht/index/spielbericht/282,282
2003-04,Ligue 1,28,sam. 13/03/2004,00:00,FC Sochaux,Lyon,1,2,non,E,19.495,/spielbericht/index/spielbericht/5734,5734
2003-04,Ligue 1,29,sam. 20/03/2004,00:00,Lyon,FC Nantes,1,0,non,D,35.643,/spielbericht/index/spielbericht/5945,5945
2003-04,UEFA Champions League,Quarts de finale,mar. 23/03/2004,20:45,FC Porto,Lyon,2,0,non,E,48.500,/spielbericht/index/spielbericht/286,286
2003-04,Ligue 1,30,sam. 27/03/2004,00:00,OGC Nice,Lyon,0,1,non,E,12.784,/spielbericht/index/spielbericht/6154,6154
2003-04,Ligue 1,31,sam. 03/04/2004,00:00,Lyon,Marseille,1,2,non,D,38.602,/spielbericht/index/spielbericht/6355,6355
2003-04,UEFA Champions League,Quarts de finale,mar. 06/04/2004,20:45,Lyon,FC Porto,2,2,non,D,41.000,/spielbericht/index/spielbericht/290,290
2003-04,Ligue 1,32,dim. 11/04/2004,00:00,R. Strasbourg,Lyon,0,1,non,E,19.467,/spielbericht/index/spielbericht/6584,6584
2003-04,Ligue 1,33,sam. 24/04/2004,00:00,Lyon,Stade Rennais,3,0,non,D,39.869,/spielbericht/index/spielbericht/6792,6792
2003-04,Ligue 1,34,dim. 02/05/2004,00:00,G. Bordeaux,Lyon,1,1,non,E,23.637,/spielbericht/index/spielbericht/7006,7006
2003-04,Ligue 1,35,sam. 08/05/2004,00:00,FC Metz,Lyon,1,2,non,E,24.778,/spielbericht/index/spielbericht/7206,7206
2003-04,Ligue 1,36,mer. 12/05/2004,00:00,Lyon,SC Bastia,1,0,non,D,38.723,/spielbericht/index/spielbericht/7252,7252
2003-04,Ligue 1,37,sam. 15/05/2004,00:00,PSG,Lyon,1,0,non,E,42.502,/spielbericht/index/spielbericht/7282,7282
2003-04,Ligue 1,38,dim. 23/05/2004,00:00,Lyon,LOSC Lille,3,0,non,D,40.000,/spielbericht/index/spielbericht/7341,7341
2004-05,Trophée des Champions,Finale,sam. 31/07/2004,20:45,PSG,Lyon,7,8,oui,E,9.429,/spielbericht/index/spielbericht/2689158,2689158
2004-05,Ligue 1,1,ven. 06/08/2004,20:45,OGC Nice,Lyon,0,1,non,E,14.096,/spielbericht/index/spielbericht/24141,24141
2004-05,Ligue 1,2,sam. 14/08/2004,20:00,Lyon,FC Sochaux,1,1,non,D,38.041,/spielbericht/index/spielbericht/24293,24293
2004-05,Ligue 1,3,dim. 22/08/2004,18:30,FC Metz,Lyon,1,1,non,E,23.317,/spielbericht/index/spielbericht/24104,24104
2004-05,Ligue 1,4,sam. 28/08/2004,17:15,Lyon,LOSC Lille,1,0,non,D,34.107,/spielbericht/index/spielbericht/24294,24294
2004-05,Ligue 1,5,sam. 11/09/2004,20:30,Stade Rennais,Lyon,1,2,non,E,23.273,/spielbericht/index/spielbericht/24068,24068
2004-05,UEFA Champions League,Phase de groupe,mer. 15/09/2004,20:45,Lyon,Manchester Utd.,2,2,non,D,41.000,/spielbericht/index/spielbericht/27431,27431
2004-05,Ligue 1,6,sam. 18/09/2004,20:00,Lyon,SC Bastia,0,0,non,D,33.268,/spielbericht/index/spielbericht/24295,24295
2004-05,Ligue 1,7,mar. 21/09/2004,21:00,Toulouse,Lyon,0,2,non,E,31.089,/spielbericht/index/spielbericht/24030,24030
2004-05,Ligue 1,8,sam. 25/09/2004,17:15,Lyon,Monaco,0,0,non,D,38.825,/spielbericht/index/spielbericht/24012,24012
2004-05,UEFA Champions League,Phase de groupe,mar. 28/09/2004,20:45,Sparta Prague,Lyon,1,2,non,E,19.000,/spielbericht/index/spielbericht/27433,27433
2004-05,Ligue 1,9,dim. 03/10/2004,21:00,Saint-Étienne,Lyon,2,3,non,E,34.793,/spielbericht/index/spielbericht/24372,24372
2004-05,Ligue 1,10,ven. 15/10/2004,20:00,Lyon,SM Caen,4,0,non,D,34.000,/spielbericht/index/spielbericht/24013,24013
2004-05,UEFA Champions League,Phase de groupe,mar. 19/10/2004,20:45,Fenerbahçe,Lyon,1,3,non,E,42.000,/spielbericht/index/spielbericht/27434,27434
2004-05,Ligue 1,11,sam. 23/10/2004,17:15,FC Istres,Lyon,0,0,non,E,10.197,/spielbericht/index/spielbericht/24373,24373
2004-05,Ligue 1,12,sam. 30/10/2004,20:00,Lyon,R. Strasbourg,1,0,non,D,38.220,/spielbericht/index/spielbericht/24298,24298
2004-05,UEFA Champions League,Phase de groupe,mer. 03/11/2004,20:45,Lyon,Fenerbahçe,4,2,non,D,35.000,/spielbericht/index/spielbericht/27436,27436
2004-05,Ligue 1,13,sam. 06/11/2004,20:00,RC Lens,Lyon,0,1,non,E,39.070,/spielbericht/index/spielbericht/24260,24260
2004-05,Coupe de la Ligue,2e tour,mer. 10/11/2004,19:00,LOSC Lille,Lyon,3,2,non,E,15.015,/spielbericht/index/spielbericht/2683717,2683717
2004-05,Ligue 1,14,sam. 13/11/2004,17:15,Lyon,FC Nantes,2,0,non,D,35.556,/spielbericht/index/spielbericht/24015,24015
2004-05,Ligue 1,15,ven. 19/11/2004,21:00,PSG,Lyon,0,0,non,E,42.458,/spielbericht/index/spielbericht/24129,24129
2004-05,UEFA Champions League,Phase de groupe,mar. 23/11/2004,20:45,Manchester Utd.,Lyon,2,1,non,E,52.000,/spielbericht/index/spielbericht/27438,27438
2004-05,Ligue 1,16,sam. 27/11/2004,17:15,Lyon,AJ Auxerre,2,1,non,D,37.933,/spielbericht/index/spielbericht/24016,24016
2004-05,Ligue 1,17,sam. 04/12/2004,20:00,AC Ajaccio,Lyon,1,1,non,E,6.260,/spielbericht/index/spielbericht/24338,24338
2004-05,UEFA Champions League,Phase de groupe,mer. 08/12/2004,20:45,Lyon,Sparta Prague,5,0,non,D,35.000,/spielbericht/index/spielbericht/27441,27441
2004-05,Ligue 1,18,sam. 11/12/2004,20:00,G. Bordeaux,Lyon,0,0,non,E,31.832,/spielbericht/index/spielbericht/24056,24056
2004-05,Ligue 1,19,ven. 17/12/2004,21:00,Lyon,Marseille,1,1,non,D,38.728,/spielbericht/index/spielbericht/24036,24036
2004-05,Coupe de France,3e tour,sam. 08/01/2005,00:00,Viry-Châtillon,Lyon,0,2,non,E,10.000,/spielbericht/index/spielbericht/2862044,2862044
2004-05,Ligue 1,20,mer. 12/01/2005,20:30,FC Sochaux,Lyon,0,2,non,E,17.249,/spielbericht/index/spielbericht/24246,24246
2004-05,Ligue 1,21,sam. 15/01/2005,20:00,Lyon,FC Metz,2,0,non,D,38.909,/spielbericht/index/spielbericht/24302,24302
2004-05,Ligue 1,22,dim. 23/01/2005,21:00,LOSC Lille,Lyon,2,1,non,E,17.000,/spielbericht/index/spielbericht/24323,24323
2004-05,Ligue 1,23,mer. 26/01/2005,18:00,Lyon,Stade Rennais,2,1,non,D,37.276,/spielbericht/index/spielbericht/24303,24303
2004-05,Ligue 1,24,mar. 01/02/2005,17:00,SC Bastia,Lyon,1,1,non,E,4.419,/spielbericht/index/spielbericht/24191,24191
2004-05,Ligue 1,25,sam. 05/02/2005,20:00,Lyon,Toulouse,4,0,non,D,37.447,/spielbericht/index/spielbericht/24304,24304
2004-05,Coupe de France,4e tour,dim. 13/02/2005,00:00,Toulouse,Lyon,1,2,non,E,19.629,/spielbericht/index/spielbericht/2859250,2859250
2004-05,Ligue 1,26,ven. 18/02/2005,21:00,Monaco,Lyon,1,1,non,E,17.169,/spielbericht/index/spielbericht/24040,24040
2004-05,UEFA Champions League,Huitièmes de finale,mer. 23/02/2005,20:45,Werder Brême,Lyon,0,3,non,E,36.923,/spielbericht/index/spielbericht/30833,30833
2004-05,Ligue 1,27,sam. 26/02/2005,17:15,Lyon,Saint-Étienne,3,2,non,D,38.915,/spielbericht/index/spielbericht/24305,24305
2004-05,Coupe de France,Huitièmes de finale,mar. 01/03/2005,00:00,Clermont FA,Lyon,5,4,oui,E,8.724,/spielbericht/index/spielbericht/2856223,2856223
2004-05,Ligue 1,28,ven. 04/03/2005,20:00,SM Caen,Lyon,1,0,non,E,20.649,/spielbericht/index/spielbericht/24364,24364
2004-05,UEFA Champions League,Huitièmes de finale,mar. 08/03/2005,20:45,Lyon,Werder Brême,7,2,non,D,38.922,/spielbericht/index/spielbericht/30849,30849
2004-05,Ligue 1,29,sam. 12/03/2005,17:15,Lyon,FC Istres,2,1,non,D,32.000,/spielbericht/index/spielbericht/24306,24306
2004-05,Ligue 1,30,sam. 19/03/2005,20:00,R. Strasbourg,Lyon,0,1,non,E,22.442,/spielbericht/index/spielbericht/24231,24231
2004-05,Ligue 1,31,sam. 02/04/2005,20:00,Lyon,RC Lens,1,0,non,D,37.669,/spielbericht/index/spielbericht/24307,24307
2004-05,UEFA Champions League,Quarts de finale,mar. 05/04/2005,20:45,Lyon,PSV,1,1,non,D,40.000,/spielbericht/index/spielbericht/31088,31088
2004-05,Ligue 1,32,sam. 09/04/2005,17:15,FC Nantes,Lyon,2,2,non,E,35.000,/spielbericht/index/spielbericht/24289,24289
2004-05,UEFA Champions League,Quarts de finale,mer. 13/04/2005,20:45,PSV,Lyon,4,2,oui,E,32.500,/spielbericht/index/spielbericht/31092,31092
2004-05,Ligue 1,33,dim. 17/04/2005,21:00,Lyon,PSG,0,1,non,D,37.864,/spielbericht/index/spielbericht/24308,24308
2004-05,Ligue 1,34,dim. 24/04/2005,21:00,AJ Auxerre,Lyon,0,3,non,E,18.000,/spielbericht/index/spielbericht/24100,24100
2004-05,Ligue 1,35,dim. 08/05/2005,21:00,Lyon,AC Ajaccio,2,1,non,D,38.946,/spielbericht/index/spielbericht/24309,24309
2004-05,Ligue 1,36,dim. 15/05/2005,21:00,Lyon,G. Bordeaux,5,1,non,D,38.954,/spielbericht/index/spielbericht/24310,24310
2004-05,Ligue 1,37,sam. 21/05/2005,20:45,Marseille,Lyon,0,1,non,E,57.041,/spielbericht/index/spielbericht/24065,24065
2004-05,Ligue 1,38,sam. 28/05/2005,20:00,Lyon,OGC Nice,0,0,non,D,40.352,/spielbericht/index/spielbericht/24311,24311
2005-06,Trophée des Champions,Finale,mer. 27/07/2005,20:00,AJ Auxerre,Lyon,1,4,non,E,10.967,/spielbericht/index/spielbericht/2689157,2689157
2005-06,Ligue 1,1,dim. 31/07/2005,18:00,Le Mans UC 72,Lyon,1,2,non,E,13.134,/spielbericht/index/spielbericht/39211,39211
2005-06,Ligue 1,2,dim. 07/08/2005,20:45,Lyon,R. Strasbourg,1,0,non,D,37.680,/spielbericht/index/spielbericht/39221,39221
2005-06,Ligue 1,3,dim. 14/08/2005,20:45,Marseille,Lyon,1,1,non,E,57.609,/spielbericht/index/spielbericht/39231,39231
2005-06,Ligue 1,4,sam. 20/08/2005,20:00,Lyon,AS Nancy,1,0,non,D,38.938,/spielbericht/index/spielbericht/39238,39238
2005-06,Ligue 1,5,dim. 28/08/2005,20:45,AJ Auxerre,Lyon,0,2,non,E,14.276,/spielbericht/index/spielbericht/39251,39251
2005-06,Ligue 1,6,sam. 10/09/2005,17:15,Lyon,Monaco,2,1,non,D,39.043,/spielbericht/index/spielbericht/39252,39252
2005-06,UEFA Champions League,Phase de groupe,mar. 13/09/2005,20:45,Lyon,Real Madrid,3,0,non,D,40.309,/spielbericht/index/spielbericht/35585,35585
2005-06,Ligue 1,7,sam. 17/09/2005,17:15,G. Bordeaux,Lyon,1,1,non,E,32.020,/spielbericht/index/spielbericht/39262,39262
2005-06,Ligue 1,8,jeu. 22/09/2005,20:45,Lyon,RC Lens,1,1,non,D,36.337,/spielbericht/index/spielbericht/39281,39281
2005-06,Ligue 1,9,dim. 25/09/2005,18:00,FC Nantes,Lyon,0,1,non,E,33.289,/spielbericht/index/spielbericht/39291,39291
2005-06,UEFA Champions League,Phase de groupe,mer. 28/09/2005,20:45,Rosenborg BK,Lyon,0,1,non,E,20.620,/spielbericht/index/spielbericht/35642,35642
2005-06,Ligue 1,10,dim. 02/10/2005,18:00,Stade Rennais,Lyon,1,3,non,E,28.998,/spielbericht/index/spielbericht/39294,39294
2005-06,Ligue 1,11,dim. 16/10/2005,18:00,Lyon,AC Ajaccio,3,2,non,D,36.347,/spielbericht/index/spielbericht/39305,39305
2005-06,UEFA Champions League,Phase de groupe,mer. 19/10/2005,20:45,Lyon,Olympiakos,2,1,non,D,39.000,/spielbericht/index/spielbericht/35644,35644
2005-06,Ligue 1,12,sam. 22/10/2005,17:15,FC Metz,Lyon,0,4,non,E,19.333,/spielbericht/index/spielbericht/39315,39315
2005-06,Coupe de la Ligue,2e tour,mar. 25/10/2005,21:00,FC Nantes,Lyon,5,4,oui,E,28.025,/spielbericht/index/spielbericht/2683572,2683572
2005-06,Ligue 1,13,sam. 29/10/2005,20:00,Lyon,FC Sochaux,1,0,non,D,40.117,/spielbericht/index/spielbericht/39325,39325
2005-06,UEFA Champions League,Phase de groupe,mar. 01/11/2005,20:45,Olympiakos,Lyon,1,4,non,E,33.500,/spielbericht/index/spielbericht/35645,35645
2005-06,Ligue 1,14,sam. 05/11/2005,18:15,Toulouse,Lyon,0,1,non,E,28.254,/spielbericht/index/spielbericht/39340,39340
2005-06,Ligue 1,15,sam. 19/11/2005,21:00,Lyon,Troyes,2,1,non,D,37.940,/spielbericht/index/spielbericht/39346,39346
2005-06,UEFA Champions League,Phase de groupe,mer. 23/11/2005,20:45,Real Madrid,Lyon,1,1,non,E,73.000,/spielbericht/index/spielbericht/35647,35647
2005-06,Ligue 1,16,sam. 26/11/2005,21:00,OGC Nice,Lyon,1,1,non,E,12.827,/spielbericht/index/spielbericht/39356,39356
2005-06,Ligue 1,17,sam. 03/12/2005,18:15,Lyon,PSG,2,0,non,D,38.134,/spielbericht/index/spielbericht/39366,39366
2005-06,UEFA Champions League,Phase de groupe,mar. 06/12/2005,20:45,Lyon,Rosenborg BK,2,1,non,D,32.000,/spielbericht/index/spielbericht/35649,35649
2005-06,Ligue 1,18,dim. 11/12/2005,22:00,Saint-Étienne,Lyon,0,0,non,E,35.616,/spielbericht/index/spielbericht/39380,39380
2005-06,Ligue 1,19,ven. 16/12/2005,21:45,Lyon,LOSC Lille,1,3,non,D,37.677,/spielbericht/index/spielbericht/39386,39386
2005-06,Ligue 1,20,mer. 04/01/2006,19:15,R. Strasbourg,Lyon,0,4,non,E,19.735,/spielbericht/index/spielbericht/39401,39401
2005-06,Coupe de France,3e tour,dim. 08/01/2006,15:45,Grenoble,Lyon,0,4,non,E,11.200,/spielbericht/index/spielbericht/2855529,2855529
2005-06,Ligue 1,21,mer. 11/01/2006,22:00,Lyon,Marseille,2,1,non,D,38.912,/spielbericht/index/spielbericht/39405,39405
2005-06,Ligue 1,22,sam. 14/01/2006,18:15,AS Nancy,Lyon,0,2,non,E,19.126,/spielbericht/index/spielbericht/39417,39417
2005-06,Ligue 1,23,dim. 22/01/2006,21:45,Lyon,AJ Auxerre,1,1,non,D,37.958,/spielbericht/index/spielbericht/39425,39425
2005-06,Coupe de France,4e tour,mer. 01/02/2006,18:00,AC Ajaccio,Lyon,1,2,non,E,5.000,/spielbericht/index/spielbericht/2855541,2855541
2005-06,Ligue 1,25,dim. 05/02/2006,22:00,Lyon,G. Bordeaux,0,0,non,D,39.354,/spielbericht/index/spielbericht/39444,39444
2005-06,Ligue 1,26,sam. 11/02/2006,18:15,RC Lens,Lyon,1,1,non,E,40.037,/spielbericht/index/spielbericht/39455,39455
2005-06,Ligue 1,27,ven. 17/02/2006,21:45,Lyon,FC Nantes,3,1,non,D,38.393,/spielbericht/index/spielbericht/39463,39463
2005-06,UEFA Champions League,Huitièmes de finale,mar. 21/02/2006,20:45,PSV,Lyon,0,1,non,E,29.400,/spielbericht/index/spielbericht/49845,49845
2005-06,Ligue 1,28,sam. 25/02/2006,21:00,Lyon,Stade Rennais,1,4,non,D,39.168,/spielbericht/index/spielbericht/39476,39476
2005-06,Ligue 1,29,sam. 04/03/2006,21:00,AC Ajaccio,Lyon,1,3,non,E,4.037,/spielbericht/index/spielbericht/39482,39482
2005-06,UEFA Champions League,Huitièmes de finale,mer. 08/03/2006,20:45,Lyon,PSV,4,0,non,D,39.000,/spielbericht/index/spielbericht/49853,49853
2005-06,Ligue 1,30,sam. 11/03/2006,21:00,Lyon,FC Metz,4,0,non,D,37.000,/spielbericht/index/spielbericht/39495,39495
2005-06,Ligue 1,31,sam. 18/03/2006,20:00,FC Sochaux,Lyon,0,4,non,E,18.777,/spielbericht/index/spielbericht/39508,39508
2005-06,Coupe de France,Huitièmes de finale,mar. 21/03/2006,00:00,Lyon,SC Bastia,1,0,non,D,28.000,/spielbericht/index/spielbericht/2855550,2855550
2005-06,Ligue 1,32,sam. 25/03/2006,17:15,Lyon,Toulouse,1,1,non,D,39.794,/spielbericht/index/spielbericht/39516,39516
2005-06,UEFA Champions League,Quarts de finale,mer. 29/03/2006,20:45,Lyon,AC Milan,0,0,non,D,39.000,/spielbericht/index/spielbericht/53420,53420
2005-06,Ligue 1,33,sam. 01/04/2006,20:00,Troyes,Lyon,0,1,non,E,17.835,/spielbericht/index/spielbericht/39531,39531
2005-06,UEFA Champions League,Quarts de finale,mar. 04/04/2006,20:45,AC Milan,Lyon,3,1,non,E,78.894,/spielbericht/index/spielbericht/53424,53424
2005-06,Ligue 1,34,sam. 08/04/2006,20:00,Lyon,OGC Nice,2,1,non,D,38.545,/spielbericht/index/spielbericht/39536,39536
2005-06,Coupe de France,Quarts de finale,mar. 11/04/2006,00:00,Lyon,Marseille,1,2,non,D,38.885,/spielbericht/index/spielbericht/2855557,2855557
2005-06,Ligue 1,35,sam. 15/04/2006,20:00,PSG,Lyon,0,1,non,E,43.128,/spielbericht/index/spielbericht/39547,39547
2005-06,Ligue 1,24,dim. 23/04/2006,20:00,Monaco,Lyon,2,1,non,E,12.400,/spielbericht/index/spielbericht/39437,39437
2005-06,Ligue 1,36,dim. 30/04/2006,21:00,Lyon,Saint-Étienne,4,0,non,D,39.100,/spielbericht/index/spielbericht/39556,39556
2005-06,Ligue 1,37,sam. 06/05/2006,20:00,LOSC Lille,Lyon,4,0,non,E,17.100,/spielbericht/index/spielbericht/39588,39588
2005-06,Ligue 1,38,sam. 13/05/2006,20:00,Lyon,Le Mans UC 72,8,1,non,D,44.400,/spielbericht/index/spielbericht/39603,39603
2006-07,Trophée des Champions,Finale,dim. 30/07/2006,17:45,Lyon,PSG,6,5,oui,D,30.529,/spielbericht/index/spielbericht/2676855,2676855
2006-07,Ligue 1,1,ven. 04/08/2006,21:00,FC Nantes,Lyon,1,3,non,E,35.500,/spielbericht/index/spielbericht/57656,57656
2006-07,Ligue 1,2,sam. 12/08/2006,20:00,Lyon,Toulouse,1,1,non,D,39.280,/spielbericht/index/spielbericht/57667,57667
2006-07,Ligue 1,3,dim. 20/08/2006,21:00,G. Bordeaux,Lyon,1,2,non,E,32.008,/spielbericht/index/spielbericht/57685,57685
2006-07,Ligue 1,4,sam. 26/08/2006,17:15,OGC Nice,Lyon,1,4,non,E,13.814,/spielbericht/index/spielbericht/57686,57686
2006-07,Ligue 1,5,sam. 09/09/2006,20:00,Lyon,Troyes,2,0,non,D,37.391,/spielbericht/index/spielbericht/57700,57700
2006-07,UEFA Champions League,Phase de groupe,mer. 13/09/2006,20:45,Lyon,Real Madrid,2,0,non,D,41.000,/spielbericht/index/spielbericht/64824,64824
2006-07,Ligue 1,6,sam. 16/09/2006,20:00,FC Lorient,Lyon,1,3,non,E,15.230,/spielbericht/index/spielbericht/57707,57707
2006-07,Ligue 1,7,sam. 23/09/2006,17:15,Lyon,LOSC Lille,4,1,non,D,40.165,/spielbericht/index/spielbericht/57720,57720
2006-07,UEFA Champions League,Phase de groupe,mar. 26/09/2006,20:45,Steaua Bucarest,Lyon,0,3,non,E,28.000,/spielbericht/index/spielbericht/64840,64840
2006-07,Ligue 1,8,sam. 30/09/2006,17:15,FC Sochaux,Lyon,0,1,non,E,18.788,/spielbericht/index/spielbericht/57734,57734
2006-07,Ligue 1,9,sam. 14/10/2006,17:00,Lyon,Saint-Étienne,2,1,non,D,39.218,/spielbericht/index/spielbericht/57739,57739
2006-07,UEFA Champions League,Phase de groupe,mar. 17/10/2006,20:45,Dynamo Kyiv,Lyon,0,3,non,E,30.000,/spielbericht/index/spielbericht/66351,66351
2006-07,Ligue 1,10,dim. 22/10/2006,21:00,Marseille,Lyon,1,4,non,E,57.376,/spielbericht/index/spielbericht/57748,57748
2006-07,Coupe de la Ligue,Huitièmes de finale,mer. 25/10/2006,21:00,Lyon,PSG,2,1,non,D,35.816,/spielbericht/index/spielbericht/2445447,2445447
2006-07,Ligue 1,11,dim. 29/10/2006,22:00,Lyon,AS Nancy,1,0,non,D,40.298,/spielbericht/index/spielbericht/57760,57760
2006-07,UEFA Champions League,Phase de groupe,mer. 01/11/2006,21:45,Lyon,Dynamo Kyiv,1,0,non,D,40.520,/spielbericht/index/spielbericht/66354,66354
2006-07,Ligue 1,12,sam. 04/11/2006,18:15,Stade Rennais,Lyon,1,0,non,E,28.499,/spielbericht/index/spielbericht/57771,57771
2006-07,Ligue 1,13,ven. 10/11/2006,21:30,Lyon,Valenciennes FC,2,1,non,D,39.833,/spielbericht/index/spielbericht/57781,57781
2006-07,Ligue 1,14,sam. 18/11/2006,21:30,CS Sedan,Lyon,0,1,non,E,21.025,/spielbericht/index/spielbericht/57794,57794
2006-07,UEFA Champions League,Phase de groupe,mar. 21/11/2006,21:45,Real Madrid,Lyon,2,2,non,E,65.000,/spielbericht/index/spielbericht/66355,66355
2006-07,Ligue 1,15,dim. 26/11/2006,22:00,Lyon,AJ Auxerre,1,0,non,D,39.576,/spielbericht/index/spielbericht/57800,57800
2006-07,Ligue 1,16,sam. 02/12/2006,18:10,Le Mans UC 72,Lyon,0,1,non,E,15.106,/spielbericht/index/spielbericht/57807,57807
2006-07,UEFA Champions League,Phase de groupe,mer. 06/12/2006,21:45,Lyon,Steaua Bucarest,1,1,non,D,39.531,/spielbericht/index/spielbericht/66358,66358
2006-07,Ligue 1,17,dim. 10/12/2006,21:00,Lyon,PSG,3,1,non,D,36.072,/spielbericht/index/spielbericht/57819,57819
2006-07,Ligue 1,18,dim. 17/12/2006,21:00,RC Lens,Lyon,0,4,non,E,40.038,/spielbericht/index/spielbericht/57828,57828
2006-07,Coupe de la Ligue,Quarts de finale,mer. 20/12/2006,21:00,Lyon,AS Nancy,3,1,non,D,26.757,/spielbericht/index/spielbericht/2445458,2445458
2006-07,Ligue 1,19,sam. 23/12/2006,17:10,Lyon,Monaco,0,0,non,D,38.225,/spielbericht/index/spielbericht/57839,57839
2006-07,Coupe de France,3e tour,dim. 07/01/2007,17:45,Av. Bayonnais,Lyon,1,2,non,E,14.000,/spielbericht/index/spielbericht/2852026,2852026
2006-07,Ligue 1,20,sam. 13/01/2007,20:00,Toulouse,Lyon,2,0,non,E,33.940,/spielbericht/index/spielbericht/57855,57855
2006-07,Coupe de la Ligue,Demi-finales,mer. 17/01/2007,21:00,Lyon,Le Mans UC 72,1,0,non,D,27.541,/spielbericht/index/spielbericht/2445460,2445460
2006-07,Coupe de France,4e tour,sam. 20/01/2007,17:00,US Laon,Lyon,1,3,non,E,9.000,/spielbericht/index/spielbericht/2852277,2852277
2006-07,Ligue 1,21,mer. 24/01/2007,20:30,Lyon,G. Bordeaux,1,2,non,D,35.305,/spielbericht/index/spielbericht/57858,57858
2006-07,Ligue 1,22,sam. 27/01/2007,21:00,Lyon,OGC Nice,1,1,non,D,33.971,/spielbericht/index/spielbericht/57870,57870
2006-07,Coupe de France,Huitièmes de finale,mer. 31/01/2007,21:00,Marseille,Lyon,2,1,non,E,58.000,/spielbericht/index/spielbericht/2852288,2852288
2006-07,Ligue 1,23,dim. 04/02/2007,18:00,Troyes,Lyon,1,0,non,E,14.009,/spielbericht/index/spielbericht/57884,57884
2006-07,Ligue 1,24,sam. 10/02/2007,21:00,Lyon,FC Lorient,1,0,non,D,37.976,/spielbericht/index/spielbericht/57890,57890
2006-07,Ligue 1,25,ven. 16/02/2007,21:00,LOSC Lille,Lyon,1,2,non,E,17.092,/spielbericht/index/spielbericht/57896,57896
2006-07,UEFA Champions League,Huitièmes de finale,mer. 21/02/2007,21:45,AS Roma,Lyon,0,0,non,E,40.000,/spielbericht/index/spielbericht/66502,66502
2006-07,Ligue 1,26,sam. 24/02/2007,20:00,Lyon,FC Sochaux,3,3,non,D,40.363,/spielbericht/index/spielbericht/57909,57909
2006-07,Ligue 1,27,sam. 03/03/2007,17:10,Saint-Étienne,Lyon,1,3,non,E,35.201,/spielbericht/index/spielbericht/57922,57922
2006-07,UEFA Champions League,Huitièmes de finale,mar. 06/03/2007,21:45,Lyon,AS Roma,0,2,non,D,39.260,/spielbericht/index/spielbericht/67335,67335
2006-07,Ligue 1,28,dim. 11/03/2007,21:00,Lyon,Marseille,1,1,non,D,38.930,/spielbericht/index/spielbericht/57930,57930
2006-07,Ligue 1,29,sam. 17/03/2007,20:00,AS Nancy,Lyon,0,3,non,E,19.919,/spielbericht/index/spielbericht/57940,57940
2006-07,Coupe de la Ligue,Finale,sam. 31/03/2007,20:50,Lyon,G. Bordeaux,0,1,non,D,79.072,/spielbericht/index/spielbericht/2445461,2445461
2006-07,Ligue 1,31,sam. 07/04/2007,17:10,Valenciennes FC,Lyon,0,0,non,E,15.999,/spielbericht/index/spielbericht/57965,57965
2006-07,Ligue 1,32,dim. 15/04/2007,21:00,Lyon,CS Sedan,1,0,non,D,37.539,/spielbericht/index/spielbericht/57970,57970
2006-07,Ligue 1,30,mer. 18/04/2007,19:00,Lyon,Stade Rennais,0,0,non,D,39.848,/spielbericht/index/spielbericht/57951,57951
2006-07,Ligue 1,33,dim. 22/04/2007,18:00,AJ Auxerre,Lyon,0,0,non,E,16.141,/spielbericht/index/spielbericht/57976,57976
2006-07,Ligue 1,34,sam. 28/04/2007,20:00,Lyon,Le Mans UC 72,2,1,non,D,40.026,/spielbericht/index/spielbericht/57989,57989
2006-07,Ligue 1,35,sam. 05/05/2007,17:10,PSG,Lyon,1,1,non,E,41.577,/spielbericht/index/spielbericht/58001,58001
2006-07,Ligue 1,36,mer. 09/05/2007,20:45,Lyon,RC Lens,3,0,non,D,38.213,/spielbericht/index/spielbericht/58009,58009
2006-07,Ligue 1,37,sam. 19/05/2007,20:45,Monaco,Lyon,1,0,non,E,13.145,/spielbericht/index/spielbericht/58019,58019
2006-07,Ligue 1,38,sam. 26/05/2007,20:00,Lyon,FC Nantes,3,1,non,D,40.149,/spielbericht/index/spielbericht/58028,58028
2007-08,Trophée des Champions,Finale,sam. 28/07/2007,17:50,Lyon,FC Sochaux,2,1,non,D,30.413,/spielbericht/index/spielbericht/2676856,2676856
2007-08,Ligue 1,1,dim. 05/08/2007,21:00,Lyon,AJ Auxerre,2,0,non,D,35.537,/spielbericht/index/spielbericht/74241,74241
2007-08,Ligue 1,2,sam. 11/08/2007,17:10,Toulouse,Lyon,1,0,non,E,24.980,/spielbericht/index/spielbericht/74242,74242
2007-08,Ligue 1,4,sam. 18/08/2007,20:00,FC Lorient,Lyon,2,1,non,E,14.612,/spielbericht/index/spielbericht/82644,82644
2007-08,Ligue 1,5,dim. 26/08/2007,21:00,Lyon,Saint-Étienne,1,0,non,D,38.438,/spielbericht/index/spielbericht/82674,82674
2007-08,Ligue 1,6,mer. 29/08/2007,20:45,FC Sochaux,Lyon,1,2,non,E,15.744,/spielbericht/index/spielbericht/82729,82729
2007-08,Ligue 1,7,sam. 01/09/2007,20:00,Lyon,Le Mans UC 72,3,2,non,D,35.042,/spielbericht/index/spielbericht/82971,82971
2007-08,Ligue 1,8,sam. 15/09/2007,20:00,FC Metz,Lyon,1,5,non,E,21.988,/spielbericht/index/spielbericht/82981,82981
2007-08,UEFA Champions League,Phase de groupe,mer. 19/09/2007,19:45,Barcelone,Lyon,3,0,non,E,80.000,/spielbericht/index/spielbericht/83331,83331
2007-08,Ligue 1,9,dim. 23/09/2007,21:00,Lyon,LOSC Lille,1,1,non,D,32.658,/spielbericht/index/spielbericht/82987,82987
2007-08,Ligue 1,3,sam. 29/09/2007,18:00,Lyon,RC Lens,3,0,non,D,38.420,/spielbericht/index/spielbericht/82712,82712
2007-08,UEFA Champions League,Phase de groupe,mar. 02/10/2007,19:45,Lyon,Glasgow Rangers,0,3,non,D,38.076,/spielbericht/index/spielbericht/83338,83338
2007-08,Ligue 1,10,dim. 07/10/2007,18:00,G. Bordeaux,Lyon,1,3,non,E,31.919,/spielbericht/index/spielbericht/82995,82995
2007-08,Ligue 1,11,sam. 20/10/2007,16:15,Lyon,Monaco,3,1,non,D,36.254,/spielbericht/index/spielbericht/83007,83007
2007-08,UEFA Champions League,Phase de groupe,mar. 23/10/2007,19:45,Stuttgart,Lyon,0,2,non,E,51.300,/spielbericht/index/spielbericht/83354,83354
2007-08,Ligue 1,12,dim. 28/10/2007,22:00,PSG,Lyon,2,3,non,E,39.787,/spielbericht/index/spielbericht/83022,83022
2007-08,Coupe de la Ligue,Huitièmes de finale,mer. 31/10/2007,21:00,SM Caen,Lyon,1,3,non,E,16.336,/spielbericht/index/spielbericht/2437792,2437792
2007-08,Ligue 1,13,sam. 03/11/2007,21:00,Lyon,Valenciennes FC,2,0,non,D,38.631,/spielbericht/index/spielbericht/83028,83028
2007-08,UEFA Champions League,Phase de groupe,mer. 07/11/2007,20:45,Lyon,Stuttgart,4,2,non,D,38.215,/spielbericht/index/spielbericht/83374,83374
2007-08,Ligue 1,14,dim. 11/11/2007,22:00,Lyon,Marseille,1,2,non,D,38.811,/spielbericht/index/spielbericht/83039,83039
2007-08,Ligue 1,15,sam. 24/11/2007,18:10,Stade Rennais,Lyon,0,2,non,E,28.596,/spielbericht/index/spielbericht/83051,83051
2007-08,UEFA Champions League,Phase de groupe,mar. 27/11/2007,20:45,Lyon,Barcelone,2,2,non,D,38.113,/spielbericht/index/spielbericht/83378,83378
2007-08,Ligue 1,16,dim. 02/12/2007,21:55,Lyon,R. Strasbourg,5,0,non,D,34.595,/spielbericht/index/spielbericht/83059,83059
2007-08,Ligue 1,17,sam. 08/12/2007,21:00,SM Caen,Lyon,1,0,non,E,20.664,/spielbericht/index/spielbericht/83066,83066
2007-08,UEFA Champions League,Phase de groupe,mer. 12/12/2007,20:45,Glasgow Rangers,Lyon,0,3,non,E,49.000,/spielbericht/index/spielbericht/83402,83402
2007-08,Ligue 1,18,sam. 15/12/2007,18:10,Lyon,OGC Nice,0,0,non,D,37.280,/spielbericht/index/spielbericht/83078,83078
2007-08,Ligue 1,19,sam. 22/12/2007,16:10,AS Nancy,Lyon,1,1,non,E,19.898,/spielbericht/index/spielbericht/83090,83090
2007-08,Coupe de France,5e tour,dim. 06/01/2008,18:00,US Créteil-L,Lyon,0,4,non,E,10.488,/spielbericht/index/spielbericht/2850916,2850916
2007-08,Ligue 1,20,sam. 12/01/2008,21:00,Lyon,Toulouse,3,2,non,D,36.587,/spielbericht/index/spielbericht/83099,83099
2007-08,Coupe de la Ligue,Quarts de finale,mer. 16/01/2008,15:00,Le Mans UC 72,Lyon,1,0,non,E,7.934,/spielbericht/index/spielbericht/2437794,2437794
2007-08,Ligue 1,21,dim. 20/01/2008,21:55,RC Lens,Lyon,3,0,non,E,32.734,/spielbericht/index/spielbericht/83107,83107
2007-08,Ligue 1,22,mer. 23/01/2008,21:30,Lyon,FC Lorient,2,0,non,D,37.780,/spielbericht/index/spielbericht/83118,83118
2007-08,Ligue 1,23,dim. 27/01/2008,19:55,Saint-Étienne,Lyon,1,1,non,E,31.537,/spielbericht/index/spielbericht/83132,83132
2007-08,Coupe de France,6e tour,dim. 03/02/2008,16:00,Croix de Savoie,Lyon,0,1,non,E,6.000,/spielbericht/index/spielbericht/2851056,2851056
2007-08,Ligue 1,24,sam. 09/02/2008,19:00,Lyon,FC Sochaux,4,1,non,D,35.904,/spielbericht/index/spielbericht/83137,83137
2007-08,Ligue 1,25,sam. 16/02/2008,16:10,Le Mans UC 72,Lyon,1,0,non,E,14.015,/spielbericht/index/spielbericht/83146,83146
2007-08,UEFA Champions League,Huitièmes de finale,mer. 20/02/2008,20:45,Lyon,Manchester Utd.,1,1,non,D,38.000,/spielbericht/index/spielbericht/88393,88393
2007-08,Ligue 1,26,sam. 23/02/2008,19:00,Lyon,FC Metz,2,0,non,D,37.281,/spielbericht/index/spielbericht/83157,83157
2007-08,Ligue 1,27,sam. 01/03/2008,16:10,LOSC Lille,Lyon,0,1,non,E,77.840,/spielbericht/index/spielbericht/83168,83168
2007-08,UEFA Champions League,Huitièmes de finale,mar. 04/03/2008,20:45,Manchester Utd.,Lyon,1,0,non,E,75.521,/spielbericht/index/spielbericht/88400,88400
2007-08,Ligue 1,28,dim. 09/03/2008,19:55,Lyon,G. Bordeaux,4,2,non,D,40.381,/spielbericht/index/spielbericht/83177,83177
2007-08,Ligue 1,29,sam. 15/03/2008,15:00,Monaco,Lyon,0,3,non,E,12.321,/spielbericht/index/spielbericht/83191,83191
2007-08,Coupe de France,Huitièmes de finale,mar. 18/03/2008,21:00,Lyon,FC Sochaux,2,1,non,D,20.012,/spielbericht/index/spielbericht/2851062,2851062
2007-08,Ligue 1,30,dim. 23/03/2008,19:55,Lyon,PSG,4,2,non,D,37.895,/spielbericht/index/spielbericht/83197,83197
2007-08,Ligue 1,31,dim. 30/03/2008,14:00,Valenciennes FC,Lyon,1,2,non,E,15.313,/spielbericht/index/spielbericht/83214,83214
2007-08,Ligue 1,32,dim. 06/04/2008,18:55,Marseille,Lyon,3,1,non,E,56.271,/spielbericht/index/spielbericht/83218,83218
2007-08,Ligue 1,33,sam. 12/04/2008,15:10,Lyon,Stade Rennais,1,1,non,D,39.900,/spielbericht/index/spielbericht/83229,83229
2007-08,Coupe de France,Quarts de finale,mar. 15/04/2008,20:45,Lyon,FC Metz,1,0,non,D,27.015,/spielbericht/index/spielbericht/2851068,2851068
2007-08,Ligue 1,34,sam. 19/04/2008,18:00,R. Strasbourg,Lyon,1,2,non,E,26.006,/spielbericht/index/spielbericht/83243,83243
2007-08,Ligue 1,35,sam. 26/04/2008,18:00,Lyon,SM Caen,2,2,non,D,39.068,/spielbericht/index/spielbericht/83248,83248
2007-08,Ligue 1,36,sam. 03/05/2008,15:10,OGC Nice,Lyon,0,0,non,E,14.206,/spielbericht/index/spielbericht/83261,83261
2007-08,Coupe de France,Demi-finales,mer. 07/05/2008,21:00,Lyon,CS Sedan,1,0,non,D,33.057,/spielbericht/index/spielbericht/2851084,2851084
2007-08,Ligue 1,37,sam. 10/05/2008,20:45,Lyon,AS Nancy,1,0,non,D,38.190,/spielbericht/index/spielbericht/83268,83268
2007-08,Ligue 1,38,sam. 17/05/2008,20:50,AJ Auxerre,Lyon,1,3,non,E,19.799,/spielbericht/index/spielbericht/83275,83275
2007-08,Coupe de France,Finale,sam. 24/05/2008,21:00,PSG,Lyon,0,1,non,E,79.204,/spielbericht/index/spielbericht/2851085,2851085
2008-09,Trophée des Champions,Finale,sam. 02/08/2008,17:55,G. Bordeaux,Lyon,5,4,oui,E,27.167,/spielbericht/index/spielbericht/2687002,2687002
2008-09,Ligue 1,1,dim. 10/08/2008,22:00,Lyon,Toulouse,3,0,non,D,36.488,/spielbericht/index/spielbericht/912742,912742
2008-09,Ligue 1,2,dim. 17/08/2008,17:00,FC Lorient,Lyon,0,0,non,E,14.617,/spielbericht/index/spielbericht/912751,912751
2008-09,Ligue 1,3,sam. 23/08/2008,22:00,Lyon,Grenoble,2,0,non,D,38.754,/spielbericht/index/spielbericht/912762,912762
2008-09,Ligue 1,4,dim. 31/08/2008,22:00,Saint-Étienne,Lyon,0,1,non,E,34.704,/spielbericht/index/spielbericht/912776,912776
2008-09,Ligue 1,5,sam. 13/09/2008,20:00,Lyon,OGC Nice,3,2,non,D,35.925,/spielbericht/index/spielbericht/912782,912782
2008-09,UEFA Champions League,Phase de groupe,mer. 17/09/2008,20:45,Lyon,Fiorentina,2,2,non,D,38.000,/spielbericht/index/spielbericht/923739,923739
2008-09,Ligue 1,6,sam. 20/09/2008,20:00,Le Havre AC,Lyon,0,1,non,E,16.211,/spielbericht/index/spielbericht/912789,912789
2008-09,Ligue 1,7,sam. 27/09/2008,20:00,Lyon,AS Nancy,2,1,non,D,36.895,/spielbericht/index/spielbericht/912802,912802
2008-09,UEFA Champions League,Phase de groupe,mar. 30/09/2008,20:45,Bayern,Lyon,1,1,non,E,64.000,/spielbericht/index/spielbericht/923850,923850
2008-09,Ligue 1,8,dim. 05/10/2008,18:00,Stade Rennais,Lyon,3,0,non,E,27.816,/spielbericht/index/spielbericht/912815,912815
2008-09,Ligue 1,9,sam. 18/10/2008,22:00,Lyon,LOSC Lille,2,2,non,D,38.314,/spielbericht/index/spielbericht/912822,912822
2008-09,UEFA Champions League,Phase de groupe,mar. 21/10/2008,20:45,Steaua Bucarest,Lyon,3,5,non,E,15.239,/spielbericht/index/spielbericht/923867,923867
2008-09,Ligue 1,10,sam. 25/10/2008,20:00,AJ Auxerre,Lyon,0,0,non,E,15.042,/spielbericht/index/spielbericht/912828,912828
2008-09,Ligue 1,11,mer. 29/10/2008,21:00,FC Sochaux,Lyon,0,2,non,E,17.482,/spielbericht/index/spielbericht/912846,912846
2008-09,Ligue 1,12,dim. 02/11/2008,23:00,Lyon,Le Mans UC 72,2,0,non,D,36.456,/spielbericht/index/spielbericht/912852,912852
2008-09,UEFA Champions League,Phase de groupe,mer. 05/11/2008,20:45,Lyon,Steaua Bucarest,2,0,non,D,37.243,/spielbericht/index/spielbericht/923890,923890
2008-09,Ligue 1,13,sam. 08/11/2008,21:00,Monaco,Lyon,0,1,non,E,10.444,/spielbericht/index/spielbericht/912862,912862
2008-09,Coupe de la Ligue,Huitièmes de finale,mar. 11/11/2008,21:00,Lyon,FC Metz,1,3,non,D,23.053,/spielbericht/index/spielbericht/933775,933775
2008-09,Ligue 1,14,dim. 16/11/2008,21:00,Lyon,G. Bordeaux,2,1,non,D,36.341,/spielbericht/index/spielbericht/912872,912872
2008-09,Ligue 1,15,sam. 22/11/2008,21:00,PSG,Lyon,1,0,non,E,44.780,/spielbericht/index/spielbericht/912885,912885
2008-09,UEFA Champions League,Phase de groupe,mar. 25/11/2008,20:45,Fiorentina,Lyon,1,2,non,E,23.736,/spielbericht/index/spielbericht/923899,923899
2008-09,Ligue 1,16,sam. 29/11/2008,19:00,Lyon,Valenciennes FC,0,0,non,D,35.988,/spielbericht/index/spielbericht/912892,912892
2008-09,Ligue 1,17,sam. 06/12/2008,21:00,FC Nantes,Lyon,2,1,non,E,26.624,/spielbericht/index/spielbericht/912905,912905
2008-09,UEFA Champions League,Phase de groupe,mer. 10/12/2008,20:45,Lyon,Bayern,2,3,non,D,38.349,/spielbericht/index/spielbericht/923922,923922
2008-09,Ligue 1,18,dim. 14/12/2008,21:00,Lyon,Marseille,0,0,non,D,39.638,/spielbericht/index/spielbericht/912911,912911
2008-09,Ligue 1,19,sam. 20/12/2008,21:00,SM Caen,Lyon,0,1,non,E,20.613,/spielbericht/index/spielbericht/912918,912918
2008-09,Ligue 1,20,sam. 10/01/2009,21:00,Lyon,FC Lorient,1,1,non,D,34.809,/spielbericht/index/spielbericht/912932,912932
2008-09,Ligue 1,21,sam. 17/01/2009,19:00,Grenoble,Lyon,0,2,non,E,19.264,/spielbericht/index/spielbericht/912939,912939
2008-09,Coupe de France,5e tour,sam. 24/01/2009,14:30,Concarneau,Lyon,0,6,non,E,15.615,/spielbericht/index/spielbericht/933819,933819
2008-09,Coupe de France,6e tour,mer. 28/01/2009,20:45,Lyon,Marseille,1,0,non,D,,/spielbericht/index/spielbericht/934653,934653
2008-09,Ligue 1,22,dim. 01/02/2009,21:00,Lyon,Saint-Étienne,1,1,non,D,38.590,/spielbericht/index/spielbericht/912952,912952
2008-09,Ligue 1,23,dim. 08/02/2009,17:00,OGC Nice,Lyon,1,3,non,E,12.844,/spielbericht/index/spielbericht/912965,912965
2008-09,Ligue 1,24,dim. 15/02/2009,17:00,Lyon,Le Havre AC,3,1,non,D,37.118,/spielbericht/index/spielbericht/912970,912970
2008-09,Ligue 1,25,sam. 21/02/2009,19:00,AS Nancy,Lyon,0,2,non,E,18.953,/spielbericht/index/spielbericht/912983,912983
2008-09,UEFA Champions League,Huitièmes de finale,mar. 24/02/2009,20:45,Lyon,Barcelone,1,1,non,D,39.258,/spielbericht/index/spielbericht/933239,933239
2008-09,Ligue 1,26,dim. 01/03/2009,21:00,Lyon,Stade Rennais,1,1,non,D,34.870,/spielbericht/index/spielbericht/912992,912992
2008-09,Coupe de France,Huitièmes de finale,mer. 04/03/2009,20:45,LOSC Lille,Lyon,3,2,non,E,16.000,/spielbericht/index/spielbericht/936759,936759
2008-09,Ligue 1,27,sam. 07/03/2009,21:00,LOSC Lille,Lyon,2,0,non,E,78.056,/spielbericht/index/spielbericht/913000,913000
2008-09,UEFA Champions League,Huitièmes de finale,mer. 11/03/2009,20:45,Barcelone,Lyon,5,2,non,E,86.378,/spielbericht/index/spielbericht/933247,933247
2008-09,Ligue 1,28,dim. 15/03/2009,17:00,Lyon,AJ Auxerre,0,2,non,D,37.846,/spielbericht/index/spielbericht/913012,913012
2008-09,Ligue 1,29,dim. 22/03/2009,17:00,Lyon,FC Sochaux,2,0,non,D,37.334,/spielbericht/index/spielbericht/913022,913022
2008-09,Ligue 1,30,sam. 04/04/2009,19:00,Le Mans UC 72,Lyon,1,3,non,E,13.175,/spielbericht/index/spielbericht/913031,913031
2008-09,Ligue 1,31,dim. 12/04/2009,21:00,Lyon,Monaco,2,2,non,D,40.245,/spielbericht/index/spielbericht/913042,913042
2008-09,Ligue 1,32,dim. 19/04/2009,21:00,G. Bordeaux,Lyon,1,0,non,E,32.858,/spielbericht/index/spielbericht/913048,913048
2008-09,Ligue 1,33,ven. 24/04/2009,20:30,Lyon,PSG,0,0,non,D,38.827,/spielbericht/index/spielbericht/913062,913062
2008-09,Ligue 1,34,sam. 02/05/2009,19:00,Valenciennes FC,Lyon,2,0,non,E,14.864,/spielbericht/index/spielbericht/913077,913077
2008-09,Ligue 1,35,mar. 12/05/2009,21:00,Lyon,FC Nantes,3,0,non,D,36.792,/spielbericht/index/spielbericht/913081,913081
2008-09,Ligue 1,36,dim. 17/05/2009,21:00,Marseille,Lyon,1,3,non,E,56.498,/spielbericht/index/spielbericht/913093,913093
2008-09,Ligue 1,37,sam. 23/05/2009,21:00,Lyon,SM Caen,3,1,non,D,39.312,/spielbericht/index/spielbericht/913102,913102
2008-09,Ligue 1,38,sam. 30/05/2009,21:00,Toulouse,Lyon,0,0,non,E,33.462,/spielbericht/index/spielbericht/913117,913117
2009-10,Ligue 1,1,sam. 08/08/2009,21:00,Le Mans UC 72,Lyon,2,2,non,E,10.391,/spielbericht/index/spielbericht/958354,958354
2009-10,Ligue 1,2,sam. 15/08/2009,19:00,Lyon,Valenciennes FC,1,0,non,D,31.745,/spielbericht/index/spielbericht/958359,958359
2009-10,UEFA Champions League Qualification,4e tour,mer. 19/08/2009,20:45,Lyon,RSC Anderlecht,5,1,non,D,37.902,/spielbericht/index/spielbericht/966756,966756
2009-10,Ligue 1,3,sam. 22/08/2009,19:00,AJ Auxerre,Lyon,0,3,non,E,15.294,/spielbericht/index/spielbericht/958371,958371
2009-10,UEFA Champions League Qualification,4e tour,mar. 25/08/2009,20:45,RSC Anderlecht,Lyon,1,3,non,E,18.512,/spielbericht/index/spielbericht/970535,970535
2009-10,Ligue 1,4,sam. 29/08/2009,21:00,Lyon,AS Nancy,3,1,non,D,34.193,/spielbericht/index/spielbericht/958383,958383
2009-10,Ligue 1,5,sam. 12/09/2009,19:00,Lyon,FC Lorient,1,0,non,D,36.600,/spielbericht/index/spielbericht/958390,958390
2009-10,UEFA Champions League,Phase de groupe,mer. 16/09/2009,20:45,Lyon,Fiorentina,1,0,non,D,37.169,/spielbericht/index/spielbericht/971907,971907
2009-10,Ligue 1,6,dim. 20/09/2009,21:00,PSG,Lyon,1,1,non,E,44.778,/spielbericht/index/spielbericht/958401,958401
2009-10,Ligue 1,7,sam. 26/09/2009,21:00,Lyon,Toulouse,2,1,non,D,34.031,/spielbericht/index/spielbericht/958414,958414
2009-10,UEFA Champions League,Phase de groupe,mar. 29/09/2009,20:45,Debrecen,Lyon,0,4,non,E,41.597,/spielbericht/index/spielbericht/971909,971909
2009-10,Ligue 1,8,sam. 03/10/2009,21:00,RC Lens,Lyon,0,2,non,E,39.423,/spielbericht/index/spielbericht/958418,958418
2009-10,Ligue 1,9,sam. 17/10/2009,19:00,Lyon,FC Sochaux,0,2,non,D,36.489,/spielbericht/index/spielbericht/958431,958431
2009-10,UEFA Champions League,Phase de groupe,mar. 20/10/2009,20:45,Liverpool,Lyon,1,2,non,E,41.562,/spielbericht/index/spielbericht/971911,971911
2009-10,Ligue 1,10,sam. 24/10/2009,19:00,OGC Nice,Lyon,4,1,non,E,10.793,/spielbericht/index/spielbericht/958444,958444
2009-10,Ligue 1,12,sam. 31/10/2009,21:00,Saint-Étienne,Lyon,0,1,non,E,34.342,/spielbericht/index/spielbericht/958466,958466
2009-10,UEFA Champions League,Phase de groupe,mer. 04/11/2009,20:45,Lyon,Liverpool,1,1,non,D,39.180,/spielbericht/index/spielbericht/971913,971913
2009-10,Ligue 1,13,dim. 08/11/2009,21:00,Lyon,Marseille,5,5,non,D,38.018,/spielbericht/index/spielbericht/958469,958469
2009-10,Ligue 1,14,sam. 21/11/2009,19:00,Grenoble,Lyon,1,1,non,E,15.563,/spielbericht/index/spielbericht/958484,958484
2009-10,UEFA Champions League,Phase de groupe,mar. 24/11/2009,20:45,Fiorentina,Lyon,1,0,non,E,34.301,/spielbericht/index/spielbericht/971915,971915
2009-10,Ligue 1,15,dim. 29/11/2009,21:00,Lyon,Stade Rennais,1,1,non,D,35.978,/spielbericht/index/spielbericht/958494,958494
2009-10,Ligue 1,16,dim. 06/12/2009,21:00,LOSC Lille,Lyon,4,3,non,E,14.206,/spielbericht/index/spielbericht/958499,958499
2009-10,UEFA Champions League,Phase de groupe,mer. 09/12/2009,20:45,Lyon,Debrecen,4,0,non,D,36.884,/spielbericht/index/spielbericht/971917,971917
2009-10,Ligue 1,17,dim. 13/12/2009,21:00,Lyon,G. Bordeaux,0,1,non,D,36.887,/spielbericht/index/spielbericht/958509,958509
2009-10,Ligue 1,11,mer. 16/12/2009,19:00,Lyon,US Boulogne,2,0,non,D,37.512,/spielbericht/index/spielbericht/958453,958453
2009-10,Ligue 1,18,dim. 20/12/2009,21:00,Monaco,Lyon,1,1,non,E,10.620,/spielbericht/index/spielbericht/958522,958522
2009-10,Ligue 1,19,mer. 23/12/2009,19:00,Lyon,Montpellier,1,2,non,D,37.963,/spielbericht/index/spielbericht/958533,958533
2009-10,Coupe de France,5e tour,sam. 09/01/2010,20:45,R. Strasbourg,Lyon,1,3,non,E,,/spielbericht/index/spielbericht/989884,989884
2009-10,Coupe de la Ligue,Huitièmes de finale,mer. 13/01/2010,18:45,Lyon,FC Metz,3,0,non,D,20.010,/spielbericht/index/spielbericht/974359,974359
2009-10,Ligue 1,20,sam. 16/01/2010,21:00,AS Nancy,Lyon,0,2,non,E,16.097,/spielbericht/index/spielbericht/958546,958546
2009-10,Ligue 1,21,mer. 20/01/2010,19:00,FC Lorient,Lyon,1,3,non,E,15.790,/spielbericht/index/spielbericht/958554,958554
2009-10,Coupe de France,6e tour,dim. 24/01/2010,00:00,Monaco,Lyon,2,1,non,E,4.818,/spielbericht/index/spielbericht/994068,994068
2009-10,Coupe de la Ligue,Quarts de finale,mer. 27/01/2010,17:00,FC Lorient,Lyon,1,0,non,E,16.758,/spielbericht/index/spielbericht/994381,994381
2009-10,Ligue 1,22,dim. 31/01/2010,21:00,Lyon,PSG,2,1,non,D,34.157,/spielbericht/index/spielbericht/958563,958563
2009-10,Ligue 1,23,dim. 07/02/2010,17:00,Toulouse,Lyon,0,0,non,E,21.218,/spielbericht/index/spielbericht/958576,958576
2009-10,Ligue 1,24,sam. 13/02/2010,21:00,Lyon,RC Lens,1,0,non,D,33.239,/spielbericht/index/spielbericht/958580,958580
2009-10,UEFA Champions League,Huitièmes de finale,mar. 16/02/2010,20:45,Lyon,Real Madrid,1,0,non,D,40.327,/spielbericht/index/spielbericht/988800,988800
2009-10,Ligue 1,25,dim. 21/02/2010,17:00,FC Sochaux,Lyon,0,4,non,E,14.768,/spielbericht/index/spielbericht/958596,958596
2009-10,Ligue 1,26,sam. 27/02/2010,19:00,Lyon,OGC Nice,2,0,non,D,33.593,/spielbericht/index/spielbericht/958601,958601
2009-10,Ligue 1,27,sam. 06/03/2010,19:00,US Boulogne,Lyon,0,0,non,E,12.358,/spielbericht/index/spielbericht/958613,958613
2009-10,UEFA Champions League,Huitièmes de finale,mer. 10/03/2010,20:45,Real Madrid,Lyon,1,1,non,E,71.569,/spielbericht/index/spielbericht/988803,988803
2009-10,Ligue 1,28,sam. 13/03/2010,21:00,Lyon,Saint-Étienne,1,1,non,D,33.019,/spielbericht/index/spielbericht/958619,958619
2009-10,Ligue 1,29,dim. 21/03/2010,21:00,Marseille,Lyon,2,1,non,E,52.557,/spielbericht/index/spielbericht/958632,958632
2009-10,Ligue 1,30,sam. 27/03/2010,17:00,Lyon,Grenoble,2,0,non,D,32.323,/spielbericht/index/spielbericht/958642,958642
2009-10,UEFA Champions League,Quarts de finale,mar. 30/03/2010,20:45,Lyon,G. Bordeaux,3,1,non,D,37.859,/spielbericht/index/spielbericht/1003663,1003663
2009-10,Ligue 1,31,sam. 03/04/2010,19:00,Stade Rennais,Lyon,1,2,non,E,28.244,/spielbericht/index/spielbericht/958651,958651
2009-10,UEFA Champions League,Quarts de finale,mer. 07/04/2010,20:45,G. Bordeaux,Lyon,1,0,non,E,34.694,/spielbericht/index/spielbericht/1003667,1003667
2009-10,Ligue 1,32,dim. 11/04/2010,17:00,Lyon,LOSC Lille,1,1,non,D,38.659,/spielbericht/index/spielbericht/958659,958659
2009-10,Ligue 1,33,sam. 17/04/2010,21:00,G. Bordeaux,Lyon,2,2,non,E,32.284,/spielbericht/index/spielbericht/958670,958670
2009-10,UEFA Champions League,Demi-finales,mer. 21/04/2010,20:45,Bayern,Lyon,1,0,non,E,66.000,/spielbericht/index/spielbericht/1005188,1005188
2009-10,UEFA Champions League,Demi-finales,mar. 27/04/2010,20:45,Lyon,Bayern,0,3,non,D,39.414,/spielbericht/index/spielbericht/1005190,1005190
2009-10,Ligue 1,35,dim. 02/05/2010,21:00,Montpellier,Lyon,0,1,non,E,25.767,/spielbericht/index/spielbericht/958690,958690
2009-10,Ligue 1,36,mer. 05/05/2010,19:00,Lyon,AJ Auxerre,2,1,non,D,36.262,/spielbericht/index/spielbericht/958698,958698
2009-10,Ligue 1,37,sam. 08/05/2010,21:00,Valenciennes FC,Lyon,2,2,non,E,13.206,/spielbericht/index/spielbericht/1019252,1019252
2009-10,Ligue 1,34,mer. 12/05/2010,19:00,Lyon,Monaco,3,0,non,D,38.432,/spielbericht/index/spielbericht/958681,958681
2009-10,Ligue 1,38,sam. 15/05/2010,21:00,Lyon,Le Mans UC 72,2,0,non,D,37.353,/spielbericht/index/spielbericht/1019256,1019256
2010-11,Ligue 1,1,sam. 07/08/2010,21:00,Lyon,Monaco,0,0,non,D,35.275,/spielbericht/index/spielbericht/1036778,1036778
2010-11,Ligue 1,2,dim. 15/08/2010,17:00,SM Caen,Lyon,3,2,non,E,19.937,/spielbericht/index/spielbericht/1039590,1039590
2010-11,Ligue 1,3,sam. 21/08/2010,19:00,Lyon,Stade Brestois,1,0,non,D,32.720,/spielbericht/index/spielbericht/1039594,1039594
2010-11,Ligue 1,4,sam. 28/08/2010,19:00,FC Lorient,Lyon,2,0,non,E,14.814,/spielbericht/index/spielbericht/1039685,1039685
2010-11,Ligue 1,5,sam. 11/09/2010,19:00,Lyon,Valenciennes FC,1,1,non,D,35.925,/spielbericht/index/spielbericht/1039696,1039696
2010-11,UEFA Champions League,Phase de groupe,mar. 14/09/2010,20:45,Lyon,FC Schalke 04,1,0,non,D,35.552,/spielbericht/index/spielbericht/1050070,1050070
2010-11,Ligue 1,6,dim. 19/09/2010,21:00,G. Bordeaux,Lyon,2,0,non,E,29.890,/spielbericht/index/spielbericht/1040689,1040689
2010-11,Ligue 1,7,sam. 25/09/2010,21:00,Lyon,Saint-Étienne,0,1,non,D,39.408,/spielbericht/index/spielbericht/1040695,1040695
2010-11,UEFA Champions League,Phase de groupe,mer. 29/09/2010,20:45,Hapoel Tel Aviv,Lyon,1,3,non,E,12.226,/spielbericht/index/spielbericht/1050094,1050094
2010-11,Ligue 1,8,sam. 02/10/2010,19:00,AS Nancy,Lyon,2,3,non,E,17.252,/spielbericht/index/spielbericht/1040704,1040704
2010-11,Ligue 1,9,dim. 17/10/2010,21:00,Lyon,LOSC Lille,3,1,non,D,34.976,/spielbericht/index/spielbericht/1040715,1040715
2010-11,UEFA Champions League,Phase de groupe,mer. 20/10/2010,20:45,Lyon,Benfica,2,0,non,D,39.427,/spielbericht/index/spielbericht/1050110,1050110
2010-11,Ligue 1,10,dim. 24/10/2010,17:00,AC Arles-Avignon,Lyon,1,1,non,E,11.547,/spielbericht/index/spielbericht/1040720,1040720
2010-11,Coupe de la Ligue,Huitièmes de finale,mer. 27/10/2010,20:45,Lyon,PSG,1,2,non,D,26.587,/spielbericht/index/spielbericht/1055905,1055905
2010-11,Ligue 1,11,sam. 30/10/2010,19:00,Lyon,FC Sochaux,2,1,non,D,33.992,/spielbericht/index/spielbericht/1040734,1040734
2010-11,UEFA Champions League,Phase de groupe,mar. 02/11/2010,20:45,Benfica,Lyon,4,3,non,E,37.394,/spielbericht/index/spielbericht/1050119,1050119
2010-11,Ligue 1,12,sam. 06/11/2010,21:00,Stade Rennais,Lyon,1,1,non,E,28.357,/spielbericht/index/spielbericht/1040746,1040746
2010-11,Ligue 1,13,dim. 14/11/2010,21:00,Lyon,OGC Nice,1,0,non,D,32.672,/spielbericht/index/spielbericht/1042660,1042660
2010-11,Ligue 1,14,dim. 21/11/2010,21:00,RC Lens,Lyon,1,3,non,E,32.518,/spielbericht/index/spielbericht/1042666,1042666
2010-11,UEFA Champions League,Phase de groupe,mer. 24/11/2010,20:45,FC Schalke 04,Lyon,3,0,non,E,51.132,/spielbericht/index/spielbericht/1050143,1050143
2010-11,Ligue 1,15,dim. 28/11/2010,21:00,Lyon,PSG,2,2,non,D,34.965,/spielbericht/index/spielbericht/1042684,1042684
2010-11,Ligue 1,16,sam. 04/12/2010,21:00,Montpellier,Lyon,1,2,non,E,18.990,/spielbericht/index/spielbericht/1042688,1042688
2010-11,UEFA Champions League,Phase de groupe,mar. 07/12/2010,20:45,Lyon,Hapoel Tel Aviv,2,2,non,D,32.247,/spielbericht/index/spielbericht/1050152,1050152
2010-11,Ligue 1,17,dim. 12/12/2010,17:00,Lyon,Toulouse,2,0,non,D,32.544,/spielbericht/index/spielbericht/1042701,1042701
2010-11,Ligue 1,18,dim. 19/12/2010,21:00,Marseille,Lyon,1,1,non,E,54.290,/spielbericht/index/spielbericht/1043133,1043133
2010-11,Ligue 1,19,mer. 22/12/2010,19:00,Lyon,AJ Auxerre,1,1,non,D,38.838,/spielbericht/index/spielbericht/1043140,1043140
2010-11,Coupe de France,5e tour,sam. 08/01/2011,20:45,SM Caen,Lyon,0,1,non,E,10.227,/spielbericht/index/spielbericht/1072301,1072301
2010-11,Ligue 1,20,sam. 15/01/2011,21:00,Lyon,FC Lorient,3,0,non,D,32.722,/spielbericht/index/spielbericht/1043147,1043147
2010-11,Coupe de France,6e tour,dim. 23/01/2011,20:45,OGC Nice,Lyon,1,0,non,E,5.606,/spielbericht/index/spielbericht/1074089,1074089
2010-11,Ligue 1,21,sam. 29/01/2011,19:00,Valenciennes FC,Lyon,2,1,non,E,11.065,/spielbericht/index/spielbericht/1043163,1043163
2010-11,Ligue 1,22,dim. 06/02/2011,21:00,Lyon,G. Bordeaux,0,0,non,D,35.909,/spielbericht/index/spielbericht/1043189,1043189
2010-11,Ligue 1,23,sam. 12/02/2011,21:00,Saint-Étienne,Lyon,1,4,non,E,34.686,/spielbericht/index/spielbericht/1043447,1043447
2010-11,Ligue 1,24,ven. 18/02/2011,20:45,Lyon,AS Nancy,4,0,non,D,31.957,/spielbericht/index/spielbericht/1043455,1043455
2010-11,UEFA Champions League,Huitièmes de finale,mar. 22/02/2011,20:45,Lyon,Real Madrid,1,1,non,D,40.299,/spielbericht/index/spielbericht/1069435,1069435
2010-11,Ligue 1,25,dim. 27/02/2011,21:00,LOSC Lille,Lyon,1,1,non,E,17.166,/spielbericht/index/spielbericht/1043462,1043462
2010-11,Ligue 1,26,dim. 06/03/2011,17:00,Lyon,AC Arles-Avignon,5,0,non,D,36.786,/spielbericht/index/spielbericht/1043474,1043474
2010-11,Ligue 1,27,sam. 12/03/2011,19:00,FC Sochaux,Lyon,0,2,non,E,17.879,/spielbericht/index/spielbericht/1043489,1043489
2010-11,UEFA Champions League,Huitièmes de finale,mer. 16/03/2011,20:45,Real Madrid,Lyon,3,0,non,E,70.034,/spielbericht/index/spielbericht/1083674,1083674
2010-11,Ligue 1,28,sam. 19/03/2011,21:00,Lyon,Stade Rennais,1,1,non,D,35.504,/spielbericht/index/spielbericht/1043494,1043494
2010-11,Ligue 1,29,dim. 03/04/2011,17:00,OGC Nice,Lyon,2,2,non,E,8.856,/spielbericht/index/spielbericht/1043504,1043504
2010-11,Ligue 1,30,dim. 10/04/2011,21:00,Lyon,RC Lens,3,0,non,D,34.429,/spielbericht/index/spielbericht/1043515,1043515
2010-11,Ligue 1,31,dim. 17/04/2011,21:00,PSG,Lyon,1,0,non,E,40.133,/spielbericht/index/spielbericht/1043525,1043525
2010-11,Ligue 1,32,mer. 27/04/2011,19:00,Lyon,Montpellier,3,2,non,D,34.849,/spielbericht/index/spielbericht/1043535,1043535
2010-11,Ligue 1,33,dim. 01/05/2011,17:00,Toulouse,Lyon,2,0,non,E,20.785,/spielbericht/index/spielbericht/1043549,1043549
2010-11,Ligue 1,34,dim. 08/05/2011,21:00,Lyon,Marseille,3,2,non,D,39.548,/spielbericht/index/spielbericht/1043556,1043556
2010-11,Ligue 1,35,mer. 11/05/2011,19:00,AJ Auxerre,Lyon,4,0,non,E,12.007,/spielbericht/index/spielbericht/1043900,1043900
2010-11,Ligue 1,36,lun. 16/05/2011,21:00,Stade Brestois,Lyon,1,1,non,E,14.527,/spielbericht/index/spielbericht/1043912,1043912
2010-11,Ligue 1,37,sam. 21/05/2011,21:00,Lyon,SM Caen,0,0,non,D,37.026,/spielbericht/index/spielbericht/1043922,1043922
2010-11,Ligue 1,38,dim. 29/05/2011,21:00,Monaco,Lyon,0,2,non,E,11.140,/spielbericht/index/spielbericht/1043936,1043936
2011-12,Ligue 1,1,sam. 06/08/2011,21:00,OGC Nice,Lyon,1,3,non,E,14.405,/spielbericht/index/spielbericht/1136053,1136053
2011-12,Ligue 1,2,sam. 13/08/2011,19:00,Lyon,AC Ajaccio,1,1,non,D,30.746,/spielbericht/index/spielbericht/1136117,1136117
2011-12,UEFA Champions League Qualification,Tour de qualifications,mar. 16/08/2011,20:45,Lyon,Rubin Kazan,3,1,non,D,35.468,/spielbericht/index/spielbericht/1135757,1135757
2011-12,Ligue 1,3,sam. 20/08/2011,19:00,Stade Brestois,Lyon,1,1,non,E,14.693,/spielbericht/index/spielbericht/1136106,1136106
2011-12,UEFA Champions League Qualification,Tour de qualifications,mer. 24/08/2011,18:00,Rubin Kazan,Lyon,1,1,non,E,20.620,/spielbericht/index/spielbericht/1135758,1135758
2011-12,Ligue 1,4,sam. 27/08/2011,21:00,Lyon,Montpellier,2,1,non,D,31.634,/spielbericht/index/spielbericht/1136130,1136130
2011-12,Ligue 1,5,sam. 10/09/2011,19:00,Dijon,Lyon,1,2,non,E,14.325,/spielbericht/index/spielbericht/1141149,1141149
2011-12,UEFA Champions League,Phase de groupe,mer. 14/09/2011,20:45,Ajax,Lyon,0,0,non,E,49.504,/spielbericht/index/spielbericht/1141855,1141855
2011-12,Ligue 1,6,dim. 18/09/2011,21:00,Lyon,Marseille,2,0,non,D,38.010,/spielbericht/index/spielbericht/1141166,1141166
2011-12,Ligue 1,7,mer. 21/09/2011,19:00,SM Caen,Lyon,1,0,non,E,16.644,/spielbericht/index/spielbericht/1141170,1141170
2011-12,Ligue 1,8,sam. 24/09/2011,19:00,Lyon,G. Bordeaux,3,1,non,D,30.806,/spielbericht/index/spielbericht/1141323,1141323
2011-12,UEFA Champions League,Phase de groupe,mar. 27/09/2011,20:45,Lyon,Dinamo Zagreb,2,0,non,D,34.432,/spielbericht/index/spielbericht/1141862,1141862
2011-12,Ligue 1,9,dim. 02/10/2011,21:00,PSG,Lyon,2,0,non,E,44.450,/spielbericht/index/spielbericht/1141338,1141338
2011-12,Ligue 1,10,sam. 15/10/2011,19:00,Lyon,AS Nancy,3,1,non,D,33.825,/spielbericht/index/spielbericht/1141340,1141340
2011-12,UEFA Champions League,Phase de groupe,mar. 18/10/2011,20:45,Real Madrid,Lyon,4,0,non,E,70.028,/spielbericht/index/spielbericht/1141878,1141878
2011-12,Ligue 1,11,dim. 23/10/2011,21:00,LOSC Lille,Lyon,3,1,non,E,17.247,/spielbericht/index/spielbericht/1158434,1158434
2011-12,Coupe de la Ligue,Huitièmes de finale,mer. 26/10/2011,20:50,Saint-Étienne,Lyon,1,2,non,E,25.906,/spielbericht/index/spielbericht/1149042,1149042
2011-12,Ligue 1,12,sam. 29/10/2011,21:00,Lyon,Saint-Étienne,2,0,non,D,38.982,/spielbericht/index/spielbericht/1159402,1159402
2011-12,UEFA Champions League,Phase de groupe,mer. 02/11/2011,20:45,Lyon,Real Madrid,0,2,non,D,40.099,/spielbericht/index/spielbericht/1141902,1141902
2011-12,Ligue 1,13,dim. 06/11/2011,17:00,FC Sochaux,Lyon,2,1,non,E,14.611,/spielbericht/index/spielbericht/1159765,1159765
2011-12,Ligue 1,14,ven. 18/11/2011,20:00,Lyon,Stade Rennais,1,2,non,D,32.193,/spielbericht/index/spielbericht/1159784,1159784
2011-12,UEFA Champions League,Phase de groupe,mar. 22/11/2011,20:45,Lyon,Ajax,0,0,non,D,35.070,/spielbericht/index/spielbericht/1141917,1141917
2011-12,Ligue 1,15,dim. 27/11/2011,17:00,AJ Auxerre,Lyon,0,3,non,E,12.081,/spielbericht/index/spielbericht/1159794,1159794
2011-12,Ligue 1,16,dim. 04/12/2011,21:00,Lyon,Toulouse,3,2,non,D,31.028,/spielbericht/index/spielbericht/1159807,1159807
2011-12,UEFA Champions League,Phase de groupe,mer. 07/12/2011,20:45,Dinamo Zagreb,Lyon,1,7,non,E,16.457,/spielbericht/index/spielbericht/1141940,1141940
2011-12,Ligue 1,17,dim. 11/12/2011,21:00,FC Lorient,Lyon,0,1,non,E,14.998,/spielbericht/index/spielbericht/1159815,1159815
2011-12,Ligue 1,18,sam. 17/12/2011,21:00,Lyon,FC Évian,2,1,non,D,35.253,/spielbericht/index/spielbericht/1159832,1159832
2011-12,Ligue 1,19,mer. 21/12/2011,19:00,Valenciennes FC,Lyon,1,0,non,E,16.850,/spielbericht/index/spielbericht/1159836,1159836
2011-12,Coupe de France,5e tour,dim. 08/01/2012,15:00,AS Lyon-Duchère,Lyon,1,3,non,E,12.300,/spielbericht/index/spielbericht/1174383,1174383
2011-12,Coupe de la Ligue,Quarts de finale,mer. 11/01/2012,20:50,Lyon,LOSC Lille,2,1,non,D,29.124,/spielbericht/index/spielbericht/1160338,1160338
2011-12,Ligue 1,20,sam. 14/01/2012,21:00,Montpellier,Lyon,1,0,non,E,18.889,/spielbericht/index/spielbericht/1163580,1163580
2011-12,Coupe de France,6e tour,dim. 22/01/2012,16:00,Luçon VF,Lyon,0,2,non,E,15.000,/spielbericht/index/spielbericht/1178213,1178213
2011-12,Ligue 1,21,sam. 28/01/2012,19:00,Lyon,Dijon,3,1,non,D,35.644,/spielbericht/index/spielbericht/1163589,1163589
2011-12,Coupe de la Ligue,Demi-finales,mar. 31/01/2012,20:45,FC Lorient,Lyon,2,4,non,E,14.610,/spielbericht/index/spielbericht/1178194,1178194
2011-12,Ligue 1,22,dim. 05/02/2012,21:00,Marseille,Lyon,2,2,non,E,41.474,/spielbericht/index/spielbericht/1163598,1163598
2011-12,Coupe de France,Huitièmes de finale,mer. 08/02/2012,16:15,Lyon,G. Bordeaux,3,1,non,D,7.000,/spielbericht/index/spielbericht/1182231,1182231
2011-12,Ligue 1,23,sam. 11/02/2012,15:00,Lyon,SM Caen,1,2,non,D,30.692,/spielbericht/index/spielbericht/1163608,1163608
2011-12,UEFA Champions League,Huitièmes de finale,mar. 14/02/2012,20:45,Lyon,APOEL Nikosia,1,0,non,D,32.010,/spielbericht/index/spielbericht/1174216,1174216
2011-12,Ligue 1,24,dim. 19/02/2012,17:00,G. Bordeaux,Lyon,1,0,non,E,27.704,/spielbericht/index/spielbericht/1163615,1163615
2011-12,Ligue 1,25,sam. 25/02/2012,21:00,Lyon,PSG,4,4,non,D,37.347,/spielbericht/index/spielbericht/1163628,1163628
2011-12,Ligue 1,26,sam. 03/03/2012,19:00,AS Nancy,Lyon,2,0,non,E,17.049,/spielbericht/index/spielbericht/1163640,1163640
2011-12,UEFA Champions League,Huitièmes de finale,mer. 07/03/2012,20:45,APOEL Nikosia,Lyon,5,3,oui,E,23.000,/spielbericht/index/spielbericht/1174217,1174217
2011-12,Ligue 1,27,sam. 10/03/2012,21:00,Lyon,LOSC Lille,2,1,non,D,33.318,/spielbericht/index/spielbericht/1163648,1163648
2011-12,Ligue 1,28,sam. 17/03/2012,21:00,Saint-Étienne,Lyon,0,1,non,E,26.210,/spielbericht/index/spielbericht/1163662,1163662
2011-12,Coupe de France,Quarts de finale,mer. 21/03/2012,20:50,PSG,Lyon,1,3,non,E,42.000,/spielbericht/index/spielbericht/1186048,1186048
2011-12,Ligue 1,29,sam. 24/03/2012,19:00,Lyon,FC Sochaux,2,1,non,D,32.730,/spielbericht/index/spielbericht/1163668,1163668
2011-12,Ligue 1,30,dim. 01/04/2012,21:00,Stade Rennais,Lyon,1,1,non,E,21.346,/spielbericht/index/spielbericht/1163681,1163681
2011-12,Ligue 1,31,sam. 07/04/2012,21:00,Lyon,AJ Auxerre,2,1,non,D,31.492,/spielbericht/index/spielbericht/1163689,1163689
2011-12,Coupe de France,Demi-finales,mar. 10/04/2012,20:45,GFCO Ajaccio,Lyon,0,4,non,E,10.163,/spielbericht/index/spielbericht/2193197,2193197
2011-12,Coupe de la Ligue,Finale,sam. 14/04/2012,21:00,Lyon,Marseille,0,1,non,D,78.877,/spielbericht/index/spielbericht/1183907,1183907
2011-12,Ligue 1,32,mer. 18/04/2012,18:30,Toulouse,Lyon,3,0,non,E,21.352,/spielbericht/index/spielbericht/1163702,1163702
2011-12,Ligue 1,33,dim. 22/04/2012,21:15,Lyon,FC Lorient,3,2,non,D,30.330,/spielbericht/index/spielbericht/1163710,1163710
2011-12,Coupe de France,Finale,sam. 28/04/2012,20:30,Lyon,US Quevilly,1,0,non,D,76.229,/spielbericht/index/spielbericht/2197562,2197562
2011-12,Ligue 1,35,mer. 02/05/2012,19:00,Lyon,Valenciennes FC,4,1,non,D,30.890,/spielbericht/index/spielbericht/1163729,1163729
2011-12,Ligue 1,36,dim. 06/05/2012,17:00,Lyon,Stade Brestois,1,1,non,D,31.016,/spielbericht/index/spielbericht/1163738,1163738
2011-12,Ligue 1,34,jeu. 10/05/2012,21:00,FC Évian,Lyon,1,3,non,E,14.973,/spielbericht/index/spielbericht/1163715,1163715
2011-12,Ligue 1,37,dim. 13/05/2012,21:00,AC Ajaccio,Lyon,1,1,non,E,8.249,/spielbericht/index/spielbericht/1163744,1163744
2011-12,Ligue 1,38,dim. 20/05/2012,21:00,Lyon,OGC Nice,3,4,non,D,32.335,/spielbericht/index/spielbericht/1163758,1163758
2012-13,Trophée des Champions,Finale,sam. 28/07/2012,21:00,Montpellier,Lyon,4,6,oui,E,15.166,/spielbericht/index/spielbericht/2244655,2244655
2012-13,Ligue 1,1,sam. 11/08/2012,21:00,Stade Rennais,Lyon,0,1,non,E,17.893,/spielbericht/index/spielbericht/2229836,2229836
2012-13,Ligue 1,2,sam. 18/08/2012,17:00,Lyon,Troyes,4,1,non,D,25.186,/spielbericht/index/spielbericht/2229838,2229838
2012-13,Ligue 1,3,ven. 24/08/2012,20:45,FC Évian,Lyon,1,1,non,E,13.581,/spielbericht/index/spielbericht/2229854,2229854
2012-13,Ligue 1,4,sam. 01/09/2012,17:00,Lyon,Valenciennes FC,3,2,non,D,25.329,/spielbericht/index/spielbericht/2223889,2223889
2012-13,Ligue 1,5,dim. 16/09/2012,17:00,Lyon,AC Ajaccio,2,0,non,D,25.666,/spielbericht/index/spielbericht/2223854,2223854
2012-13,UEFA Europa League,Phase de groupe,jeu. 20/09/2012,21:05,Lyon,Sparta Prague,2,1,non,D,41.044,/spielbericht/index/spielbericht/2262396,2262396
2012-13,Ligue 1,6,dim. 23/09/2012,21:00,LOSC Lille,Lyon,1,1,non,E,43.475,/spielbericht/index/spielbericht/2223845,2223845
2012-13,Ligue 1,7,dim. 30/09/2012,21:00,Lyon,G. Bordeaux,0,2,non,D,30.881,/spielbericht/index/spielbericht/2223867,2223867
2012-13,UEFA Europa League,Phase de groupe,jeu. 04/10/2012,19:00,Kiryat Shmona,Lyon,3,4,non,E,5.000,/spielbericht/index/spielbericht/2262409,2262409
2012-13,Ligue 1,8,dim. 07/10/2012,17:00,FC Lorient,Lyon,1,1,non,E,15.090,/spielbericht/index/spielbericht/2223864,2223864
2012-13,Ligue 1,9,dim. 21/10/2012,17:00,Lyon,Stade Brestois,1,0,non,D,30.047,/spielbericht/index/spielbericht/2223907,2223907
2012-13,UEFA Europa League,Phase de groupe,jeu. 25/10/2012,19:00,Lyon,Athletic Bilbao,2,1,non,D,30.587,/spielbericht/index/spielbericht/2262432,2262432
2012-13,Coupe de la Ligue,Huitièmes de finale,mer. 31/10/2012,17:00,OGC Nice,Lyon,3,1,non,E,8.466,/spielbericht/index/spielbericht/2266530,2266530
2012-13,Ligue 1,11,dim. 04/11/2012,17:00,Lyon,SC Bastia,5,2,non,D,27.363,/spielbericht/index/spielbericht/2223913,2223913
2012-13,UEFA Europa League,Phase de groupe,jeu. 08/11/2012,21:05,Athletic Bilbao,Lyon,2,3,non,E,24.465,/spielbericht/index/spielbericht/2262468,2262468
2012-13,Ligue 1,12,dim. 11/11/2012,17:00,FC Sochaux,Lyon,1,1,non,E,13.554,/spielbericht/index/spielbericht/2223930,2223930
2012-13,Ligue 1,13,dim. 18/11/2012,14:00,Lyon,Stade de Reims,3,0,non,D,33.222,/spielbericht/index/spielbericht/2223941,2223941
2012-13,UEFA Europa League,Phase de groupe,jeu. 22/11/2012,19:00,Sparta Prague,Lyon,1,1,non,E,17.121,/spielbericht/index/spielbericht/2262481,2262481
2012-13,Ligue 1,14,dim. 25/11/2012,17:00,Toulouse,Lyon,3,0,non,E,20.580,/spielbericht/index/spielbericht/2223956,2223956
2012-13,Ligue 1,10,mer. 28/11/2012,21:00,Marseille,Lyon,1,4,non,E,35.359,/spielbericht/index/spielbericht/2223923,2223923
2012-13,Ligue 1,15,sam. 01/12/2012,17:00,Lyon,Montpellier,1,0,non,D,31.495,/spielbericht/index/spielbericht/2223964,2223964
2012-13,UEFA Europa League,Phase de groupe,jeu. 06/12/2012,21:05,Lyon,Kiryat Shmona,2,0,non,D,29.087,/spielbericht/index/spielbericht/2262517,2262517
2012-13,Ligue 1,16,dim. 09/12/2012,21:00,Saint-Étienne,Lyon,0,1,non,E,26.579,/spielbericht/index/spielbericht/2223966,2223966
2012-13,Ligue 1,17,mer. 12/12/2012,19:00,Lyon,AS Nancy,1,1,non,D,31.952,/spielbericht/index/spielbericht/2223988,2223988
2012-13,Ligue 1,18,dim. 16/12/2012,21:00,PSG,Lyon,1,0,non,E,44.768,/spielbericht/index/spielbericht/2223894,2223894
2012-13,Ligue 1,19,sam. 22/12/2012,20:00,Lyon,OGC Nice,3,0,non,D,30.903,/spielbericht/index/spielbericht/2223995,2223995
2012-13,Coupe de France,6e tour,dim. 06/01/2013,14:15,SAS Épinal,Lyon,7,5,oui,E,7.000,/spielbericht/index/spielbericht/2284586,2284586
2012-13,Ligue 1,20,sam. 12/01/2013,17:00,Troyes,Lyon,1,2,non,E,13.481,/spielbericht/index/spielbericht/2224006,2224006
2012-13,Ligue 1,21,ven. 18/01/2013,20:30,Lyon,FC Évian,0,0,non,D,30.813,/spielbericht/index/spielbericht/2224022,2224022
2012-13,Ligue 1,22,ven. 25/01/2013,20:30,Valenciennes FC,Lyon,0,2,non,E,14.412,/spielbericht/index/spielbericht/2224021,2224021
2012-13,Ligue 1,23,dim. 03/02/2013,14:00,AC Ajaccio,Lyon,3,1,non,E,6.987,/spielbericht/index/spielbericht/2224025,2224025
2012-13,Ligue 1,24,dim. 10/02/2013,21:00,Lyon,LOSC Lille,1,3,non,D,30.705,/spielbericht/index/spielbericht/2224040,2224040
2012-13,UEFA Europa League,Tour intermédiaire,jeu. 14/02/2013,21:05,Tottenham,Lyon,2,1,non,E,31.762,/spielbericht/index/spielbericht/2284495,2284495
2012-13,Ligue 1,25,dim. 17/02/2013,14:00,G. Bordeaux,Lyon,0,4,non,E,27.240,/spielbericht/index/spielbericht/2224051,2224051
2012-13,UEFA Europa League,Tour intermédiaire,jeu. 21/02/2013,19:00,Lyon,Tottenham,1,1,non,D,38.761,/spielbericht/index/spielbericht/2284496,2284496
2012-13,Ligue 1,26,dim. 24/02/2013,14:00,Lyon,FC Lorient,3,1,non,D,30.343,/spielbericht/index/spielbericht/2224104,2224104
2012-13,Ligue 1,27,dim. 03/03/2013,14:00,Stade Brestois,Lyon,1,1,non,E,11.924,/spielbericht/index/spielbericht/2224094,2224094
2012-13,Ligue 1,28,dim. 10/03/2013,21:00,Lyon,Marseille,0,0,non,D,38.819,/spielbericht/index/spielbericht/2224085,2224085
2012-13,Ligue 1,29,sam. 16/03/2013,17:00,SC Bastia,Lyon,4,1,non,E,12.224,/spielbericht/index/spielbericht/2224074,2224074
2012-13,Ligue 1,30,dim. 31/03/2013,21:00,Lyon,FC Sochaux,1,2,non,D,34.696,/spielbericht/index/spielbericht/2224064,2224064
2012-13,Ligue 1,31,dim. 07/04/2013,17:00,Stade de Reims,Lyon,1,0,non,E,20.298,/spielbericht/index/spielbericht/2224172,2224172
2012-13,Ligue 1,32,dim. 14/04/2013,17:00,Lyon,Toulouse,3,1,non,D,34.678,/spielbericht/index/spielbericht/2224155,2224155
2012-13,Ligue 1,33,ven. 19/04/2013,20:30,Montpellier,Lyon,1,2,non,E,19.572,/spielbericht/index/spielbericht/2224156,2224156
2012-13,Ligue 1,34,dim. 28/04/2013,14:00,Lyon,Saint-Étienne,1,1,non,D,38.845,/spielbericht/index/spielbericht/2224137,2224137
2012-13,Ligue 1,35,dim. 05/05/2013,17:00,AS Nancy,Lyon,0,3,non,E,19.122,/spielbericht/index/spielbericht/2224140,2224140
2012-13,Ligue 1,36,dim. 12/05/2013,21:00,Lyon,PSG,0,1,non,D,39.939,/spielbericht/index/spielbericht/2224126,2224126
2012-13,Ligue 1,37,dim. 19/05/2013,15:05,OGC Nice,Lyon,1,1,non,E,15.968,/spielbericht/index/spielbericht/2224180,2224180
2012-13,Ligue 1,38,dim. 26/05/2013,21:00,Lyon,Stade Rennais,2,0,non,D,38.705,/spielbericht/index/spielbericht/2224185,2224185
2013-14,UEFA Champions League Qualification,3e tour,mar. 30/07/2013,21:00,Lyon,Grasshoppers,1,0,non,D,27.331,/spielbericht/index/spielbericht/2349812,2349812
2013-14,UEFA Champions League Qualification,3e tour,mar. 06/08/2013,21:00,Grasshoppers,Lyon,0,1,non,E,9.500,/spielbericht/index/spielbericht/2349816,2349816
2013-14,Ligue 1,1,sam. 10/08/2013,21:00,Lyon,OGC Nice,4,0,non,D,23.552,/spielbericht/index/spielbericht/2353758,2353758
2013-14,Ligue 1,2,ven. 16/08/2013,20:30,FC Sochaux,Lyon,1,3,non,E,13.857,/spielbericht/index/spielbericht/2353764,2353764
2013-14,UEFA Champions League Qualification,Tour de qualifications,mar. 20/08/2013,20:45,Lyon,Real Sociedad,0,2,non,D,35.000,/spielbericht/index/spielbericht/2360892,2360892
2013-14,Ligue 1,3,sam. 24/08/2013,20:00,Lyon,Stade de Reims,0,1,non,D,24.238,/spielbericht/index/spielbericht/2330833,2330833
2013-14,UEFA Champions League Qualification,Tour de qualifications,mer. 28/08/2013,20:45,Real Sociedad,Lyon,2,0,non,E,28.955,/spielbericht/index/spielbericht/2360902,2360902
2013-14,Ligue 1,4,sam. 31/08/2013,14:00,FC Évian,Lyon,2,1,non,E,12.669,/spielbericht/index/spielbericht/2330841,2330841
2013-14,Ligue 1,5,dim. 15/09/2013,21:00,Lyon,Stade Rennais,0,0,non,D,33.352,/spielbericht/index/spielbericht/2330846,2330846
2013-14,UEFA Europa League,Phase de groupe,jeu. 19/09/2013,21:05,Real Betis,Lyon,0,0,non,E,22.463,/spielbericht/index/spielbericht/2367223,2367223
2013-14,Ligue 1,6,dim. 22/09/2013,17:00,Lyon,FC Nantes,3,1,non,D,33.861,/spielbericht/index/spielbericht/2330856,2330856
2013-14,Ligue 1,7,mer. 25/09/2013,19:00,AC Ajaccio,Lyon,2,1,non,E,6.184,/spielbericht/index/spielbericht/2330871,2330871
2013-14,Ligue 1,8,sam. 28/09/2013,20:00,Lyon,LOSC Lille,0,0,non,D,39.717,/spielbericht/index/spielbericht/2330901,2330901
2013-14,UEFA Europa League,Phase de groupe,jeu. 03/10/2013,19:00,Lyon,Vit. Guimarães,1,1,non,D,30.061,/spielbericht/index/spielbericht/2370876,2370876
2013-14,Ligue 1,9,dim. 06/10/2013,14:00,Montpellier,Lyon,5,1,non,E,14.730,/spielbericht/index/spielbericht/2330909,2330909
2013-14,Ligue 1,10,dim. 20/10/2013,21:00,Lyon,G. Bordeaux,1,1,non,D,36.744,/spielbericht/index/spielbericht/2330910,2330910
2013-14,UEFA Europa League,Phase de groupe,jeu. 24/10/2013,19:00,Lyon,HNK Rijeka,1,0,non,D,30.461,/spielbericht/index/spielbericht/2367268,2367268
2013-14,Ligue 1,11,dim. 27/10/2013,17:00,Monaco,Lyon,2,1,non,E,11.352,/spielbericht/index/spielbericht/2330886,2330886
2013-14,Ligue 1,12,sam. 02/11/2013,20:00,Lyon,EA Guingamp,2,0,non,D,37.334,/spielbericht/index/spielbericht/2330937,2330937
2013-14,UEFA Europa League,Phase de groupe,jeu. 07/11/2013,21:05,HNK Rijeka,Lyon,1,1,non,E,7.300,/spielbericht/index/spielbericht/2367305,2367305
2013-14,Ligue 1,13,dim. 10/11/2013,21:00,Saint-Étienne,Lyon,1,2,non,E,37.587,/spielbericht/index/spielbericht/2330895,2330895
2013-14,Ligue 1,14,sam. 23/11/2013,20:00,Lyon,Valenciennes FC,1,1,non,D,33.202,/spielbericht/index/spielbericht/2330921,2330921
2013-14,UEFA Europa League,Phase de groupe,jeu. 28/11/2013,19:00,Lyon,Real Betis,1,0,non,D,24.112,/spielbericht/index/spielbericht/2367327,2367327
2013-14,Ligue 1,15,dim. 01/12/2013,21:00,PSG,Lyon,4,0,non,E,44.829,/spielbericht/index/spielbericht/2330931,2330931
2013-14,Ligue 1,16,jeu. 05/12/2013,21:00,Lyon,Toulouse,1,1,non,D,29.152,/spielbericht/index/spielbericht/2330955,2330955
2013-14,Ligue 1,17,dim. 08/12/2013,17:00,SC Bastia,Lyon,1,3,non,E,13.722,/spielbericht/index/spielbericht/2330972,2330972
2013-14,UEFA Europa League,Phase de groupe,jeu. 12/12/2013,21:05,Vit. Guimarães,Lyon,1,2,non,E,5.845,/spielbericht/index/spielbericht/2367350,2367350
2013-14,Ligue 1,18,dim. 15/12/2013,21:00,Lyon,Marseille,2,2,non,D,36.214,/spielbericht/index/spielbericht/2330958,2330958
2013-14,Coupe de la Ligue,Huitièmes de finale,mer. 18/12/2013,17:00,Lyon,Stade de Reims,3,2,non,D,21.654,/spielbericht/index/spielbericht/2385129,2385129
2013-14,Ligue 1,19,dim. 22/12/2013,17:00,FC Lorient,Lyon,2,2,non,E,16.111,/spielbericht/index/spielbericht/2330988,2330988
2013-14,Coupe de France,6e tour,dim. 05/01/2014,14:15,Suze-sur-Sarthe,Lyon,1,6,non,E,20.012,/spielbericht/index/spielbericht/2387776,2387776
2013-14,Ligue 1,20,sam. 11/01/2014,20:00,Lyon,FC Sochaux,2,0,non,D,36.099,/spielbericht/index/spielbericht/2330983,2330983
2013-14,Coupe de la Ligue,Quarts de finale,mer. 15/01/2014,20:55,Lyon,Marseille,2,1,non,D,27.338,/spielbericht/index/spielbericht/2385248,2385248
2013-14,Ligue 1,21,dim. 19/01/2014,14:00,Stade de Reims,Lyon,0,2,non,E,17.262,/spielbericht/index/spielbericht/2331026,2331026
2013-14,Coupe de France,7e tour,mer. 22/01/2014,19:00,AS Yzeure,Lyon,1,3,non,E,9.000,/spielbericht/index/spielbericht/2388599,2388599
2013-14,Ligue 1,22,dim. 26/01/2014,14:00,Lyon,FC Évian,3,0,non,D,34.929,/spielbericht/index/spielbericht/2331002,2331002
2013-14,Ligue 1,23,dim. 02/02/2014,17:00,Stade Rennais,Lyon,2,0,non,E,20.546,/spielbericht/index/spielbericht/2331017,2331017
2013-14,Coupe de la Ligue,Demi-finales,mer. 05/02/2014,20:55,Lyon,Troyes,2,1,non,D,19.168,/spielbericht/index/spielbericht/2410132,2410132
2013-14,Ligue 1,24,dim. 09/02/2014,14:00,FC Nantes,Lyon,1,2,non,E,35.450,/spielbericht/index/spielbericht/2331032,2331032
2013-14,Coupe de France,Huitièmes de finale,jeu. 13/02/2014,20:45,Lyon,RC Lens,1,2,non,D,14.703,/spielbericht/index/spielbericht/2422053,2422053
2013-14,Ligue 1,25,dim. 16/02/2014,14:00,Lyon,AC Ajaccio,3,1,non,D,35.103,/spielbericht/index/spielbericht/2331083,2331083
2013-14,UEFA Europa League,2e tour,jeu. 20/02/2014,19:00,Chornomorets,Lyon,0,0,non,E,28.456,/spielbericht/index/spielbericht/2385086,2385086
2013-14,Ligue 1,26,dim. 23/02/2014,21:00,LOSC Lille,Lyon,0,0,non,E,43.518,/spielbericht/index/spielbericht/2331098,2331098
2013-14,UEFA Europa League,2e tour,jeu. 27/02/2014,21:05,Lyon,Chornomorets,1,0,non,D,25.039,/spielbericht/index/spielbericht/2385112,2385112
2013-14,Ligue 1,27,dim. 02/03/2014,17:00,Lyon,Montpellier,0,0,non,D,35.865,/spielbericht/index/spielbericht/2331072,2331072
2013-14,Ligue 1,28,dim. 09/03/2014,21:00,G. Bordeaux,Lyon,1,2,non,E,17.660,/spielbericht/index/spielbericht/2331101,2331101
2013-14,UEFA Europa League,Huitièmes de finale,jeu. 13/03/2014,21:05,Lyon,Viktoria Plzen,4,1,non,D,28.248,/spielbericht/index/spielbericht/2437597,2437597
2013-14,Ligue 1,29,dim. 16/03/2014,17:00,Lyon,Monaco,2,3,non,D,35.062,/spielbericht/index/spielbericht/2331048,2331048
2013-14,UEFA Europa League,Huitièmes de finale,jeu. 20/03/2014,19:00,Viktoria Plzen,Lyon,2,1,non,E,10.352,/spielbericht/index/spielbericht/2437605,2437605
2013-14,Ligue 1,30,dim. 23/03/2014,17:00,EA Guingamp,Lyon,0,1,non,E,15.167,/spielbericht/index/spielbericht/2331052,2331052
2013-14,Ligue 1,31,dim. 30/03/2014,21:00,Lyon,Saint-Étienne,1,2,non,D,36.822,/spielbericht/index/spielbericht/2331134,2331134
2013-14,UEFA Europa League,Quarts de finale,jeu. 03/04/2014,21:05,Lyon,Juventus,0,1,non,D,37.084,/spielbericht/index/spielbericht/2449287,2449287
2013-14,Ligue 1,32,dim. 06/04/2014,17:00,Valenciennes FC,Lyon,1,2,non,E,13.922,/spielbericht/index/spielbericht/2331135,2331135
2013-14,UEFA Europa League,Quarts de finale,jeu. 10/04/2014,21:05,Juventus,Lyon,2,1,non,E,40.710,/spielbericht/index/spielbericht/2449291,2449291
2013-14,Ligue 1,33,dim. 13/04/2014,21:00,Lyon,PSG,1,0,non,D,38.096,/spielbericht/index/spielbericht/2331141,2331141
2013-14,Coupe de la Ligue,Finale,sam. 19/04/2014,21:00,PSG,Lyon,2,1,non,E,78.489,/spielbericht/index/spielbericht/2424110,2424110
2013-14,Ligue 1,34,mer. 23/04/2014,18:30,Toulouse,Lyon,0,0,non,E,12.104,/spielbericht/index/spielbericht/2331126,2331126
2013-14,Ligue 1,35,dim. 27/04/2014,17:00,Lyon,SC Bastia,4,1,non,D,36.958,/spielbericht/index/spielbericht/2331167,2331167
2013-14,Ligue 1,36,dim. 04/05/2014,21:00,Marseille,Lyon,4,2,non,E,37.842,/spielbericht/index/spielbericht/2331150,2331150
2013-14,Ligue 1,37,sam. 10/05/2014,21:00,Lyon,FC Lorient,0,1,non,D,39.533,/spielbericht/index/spielbericht/2331158,2331158
2013-14,Ligue 1,38,sam. 17/05/2014,21:00,OGC Nice,Lyon,0,1,non,E,28.405,/spielbericht/index/spielbericht/2331180,2331180
2014-15,UEFA Europa League Qualification,3e tour,jeu. 31/07/2014,19:00,Mlada Boleslav,Lyon,1,4,non,E,5.000,/spielbericht/index/spielbericht/2479054,2479054
2014-15,UEFA Europa League Qualification,3e tour,jeu. 07/08/2014,20:30,Lyon,Mlada Boleslav,2,1,non,D,22.717,/spielbericht/index/spielbericht/2480869,2480869
2014-15,Ligue 1,1,dim. 10/08/2014,17:00,Lyon,Stade Rennais,2,0,non,D,27.811,/spielbericht/index/spielbericht/2482113,2482113
2014-15,Ligue 1,2,sam. 16/08/2014,20:00,Toulouse,Lyon,2,1,non,E,13.275,/spielbericht/index/spielbericht/2482124,2482124
2014-15,UEFA Europa League Qualification,Tour de qualifications,jeu. 21/08/2014,20:30,Lyon,Astra Giurgiu,1,2,non,D,20.001,/spielbericht/index/spielbericht/2483425,2483425
2014-15,Ligue 1,3,dim. 24/08/2014,14:00,Lyon,RC Lens,0,1,non,D,24.636,/spielbericht/index/spielbericht/2482129,2482129
2014-15,UEFA Europa League Qualification,Tour de qualifications,jeu. 28/08/2014,18:45,Astra Giurgiu,Lyon,0,1,non,E,8.000,/spielbericht/index/spielbericht/2483455,2483455
2014-15,Ligue 1,4,dim. 31/08/2014,17:00,FC Metz,Lyon,2,1,non,E,20.168,/spielbericht/index/spielbericht/2482140,2482140
2014-15,Ligue 1,5,ven. 12/09/2014,20:30,Lyon,Monaco,2,1,non,D,34.099,/spielbericht/index/spielbericht/2482149,2482149
2014-15,Ligue 1,6,dim. 21/09/2014,21:00,PSG,Lyon,1,1,non,E,45.428,/spielbericht/index/spielbericht/2482163,2482163
2014-15,Ligue 1,7,mer. 24/09/2014,19:00,Lyon,FC Lorient,4,0,non,D,32.523,/spielbericht/index/spielbericht/2482169,2482169
2014-15,Ligue 1,8,dim. 28/09/2014,17:00,FC Nantes,Lyon,1,1,non,E,26.077,/spielbericht/index/spielbericht/2482183,2482183
2014-15,Ligue 1,9,dim. 05/10/2014,17:00,Lyon,LOSC Lille,3,0,non,D,34.349,/spielbericht/index/spielbericht/2482189,2482189
2014-15,Ligue 1,10,dim. 19/10/2014,21:00,Lyon,Montpellier,5,1,non,D,35.688,/spielbericht/index/spielbericht/2482202,2482202
2014-15,Ligue 1,11,dim. 26/10/2014,21:00,Lyon,Marseille,1,0,non,D,38.712,/spielbericht/index/spielbericht/2482209,2482209
2014-15,Ligue 1,12,sam. 01/11/2014,20:00,OGC Nice,Lyon,1,3,non,E,15.677,/spielbericht/index/spielbericht/2482224,2482224
2014-15,Ligue 1,13,dim. 09/11/2014,14:00,Lyon,EA Guingamp,3,1,non,D,36.461,/spielbericht/index/spielbericht/2482229,2482229
2014-15,Ligue 1,14,sam. 22/11/2014,17:00,SC Bastia,Lyon,0,0,non,E,12.349,/spielbericht/index/spielbericht/2482235,2482235
2014-15,Ligue 1,15,dim. 30/11/2014,21:00,Saint-Étienne,Lyon,3,0,non,E,36.004,/spielbericht/index/spielbericht/2482253,2482253
2014-15,Ligue 1,16,jeu. 04/12/2014,21:00,Lyon,Stade de Reims,2,1,non,D,32.513,/spielbericht/index/spielbericht/2482259,2482259
2014-15,Ligue 1,17,dim. 07/12/2014,14:00,FC Évian,Lyon,2,3,non,E,13.064,/spielbericht/index/spielbericht/2482267,2482267
2014-15,Ligue 1,18,ven. 12/12/2014,20:30,Lyon,SM Caen,3,0,non,D,32.972,/spielbericht/index/spielbericht/2482279,2482279
2014-15,Coupe de la Ligue,Huitièmes de finale,mer. 17/12/2014,21:00,Lyon,Monaco,5,6,oui,D,21.541,/spielbericht/index/spielbericht/2511748,2511748
2014-15,Ligue 1,19,dim. 21/12/2014,21:00,G. Bordeaux,Lyon,0,5,non,E,31.783,/spielbericht/index/spielbericht/2482285,2482285
2014-15,Coupe de France,6e tour,dim. 04/01/2015,14:15,RC Lens,Lyon,2,3,non,E,10.128,/spielbericht/index/spielbericht/2518981,2518981
2014-15,Ligue 1,20,dim. 11/01/2015,17:00,Lyon,Toulouse,3,0,non,D,35.928,/spielbericht/index/spielbericht/2482304,2482304
2014-15,Ligue 1,21,sam. 17/01/2015,17:00,RC Lens,Lyon,0,2,non,E,11.173,/spielbericht/index/spielbericht/2482309,2482309
2014-15,Coupe de France,7e tour,mar. 20/01/2015,21:00,FC Nantes,Lyon,3,2,non,E,24.158,/spielbericht/index/spielbericht/2524701,2524701
2014-15,Ligue 1,22,dim. 25/01/2015,14:00,Lyon,FC Metz,2,0,non,D,36.580,/spielbericht/index/spielbericht/2482320,2482320
2014-15,Ligue 1,23,dim. 01/02/2015,21:00,Monaco,Lyon,0,0,non,E,7.161,/spielbericht/index/spielbericht/2482329,2482329
2014-15,Ligue 1,24,dim. 08/02/2015,21:00,Lyon,PSG,1,1,non,D,37.581,/spielbericht/index/spielbericht/2482343,2482343
2014-15,Ligue 1,25,dim. 15/02/2015,21:00,FC Lorient,Lyon,1,1,non,E,14.354,/spielbericht/index/spielbericht/2482349,2482349
2014-15,Ligue 1,26,dim. 22/02/2015,17:00,Lyon,FC Nantes,1,0,non,D,36.819,/spielbericht/index/spielbericht/2482363,2482363
2014-15,Ligue 1,27,sam. 28/02/2015,16:00,LOSC Lille,Lyon,2,1,non,E,40.080,/spielbericht/index/spielbericht/2482369,2482369
2014-15,Ligue 1,28,dim. 08/03/2015,21:00,Montpellier,Lyon,1,5,non,E,16.431,/spielbericht/index/spielbericht/2482382,2482382
2014-15,Ligue 1,29,dim. 15/03/2015,21:00,Marseille,Lyon,0,0,non,E,62.832,/spielbericht/index/spielbericht/2482389,2482389
2014-15,Ligue 1,30,sam. 21/03/2015,16:00,Lyon,OGC Nice,1,2,non,D,36.300,/spielbericht/index/spielbericht/2482404,2482404
2014-15,Ligue 1,31,sam. 04/04/2015,17:00,EA Guingamp,Lyon,1,3,non,E,17.381,/spielbericht/index/spielbericht/2482409,2482409
2014-15,Ligue 1,32,mer. 15/04/2015,18:30,Lyon,SC Bastia,2,0,non,D,36.549,/spielbericht/index/spielbericht/2482415,2482415
2014-15,Ligue 1,33,dim. 19/04/2015,21:00,Lyon,Saint-Étienne,2,2,non,D,37.715,/spielbericht/index/spielbericht/2482433,2482433
2014-15,Ligue 1,34,dim. 26/04/2015,21:00,Stade de Reims,Lyon,2,4,non,E,19.270,/spielbericht/index/spielbericht/2482439,2482439
2014-15,Ligue 1,35,sam. 02/05/2015,17:00,Lyon,FC Évian,2,0,non,D,36.839,/spielbericht/index/spielbericht/2482447,2482447
2014-15,Ligue 1,36,sam. 09/05/2015,17:00,SM Caen,Lyon,3,0,non,E,19.842,/spielbericht/index/spielbericht/2482459,2482459
2014-15,Ligue 1,37,sam. 16/05/2015,21:00,Lyon,G. Bordeaux,1,1,non,D,39.961,/spielbericht/index/spielbericht/2482465,2482465
2014-15,Ligue 1,38,sam. 23/05/2015,21:00,Stade Rennais,Lyon,0,1,non,E,26.281,/spielbericht/index/spielbericht/2482479,2482479
2015-16,Trophée des Champions,Finale,sam. 01/08/2015,21:00,PSG,Lyon,2,0,non,E,20.057,/spielbericht/index/spielbericht/2605838,2605838
2015-16,Ligue 1,1,dim. 09/08/2015,21:00,Lyon,FC Lorient,0,0,non,D,28.116,/spielbericht/index/spielbericht/2586774,2586774
2015-16,Ligue 1,2,sam. 15/08/2015,20:00,EA Guingamp,Lyon,0,1,non,E,17.728,/spielbericht/index/spielbericht/2586780,2586780
2015-16,Ligue 1,3,sam. 22/08/2015,17:00,Lyon,Stade Rennais,1,2,non,D,31.470,/spielbericht/index/spielbericht/2586793,2586793
2015-16,Ligue 1,4,sam. 29/08/2015,17:00,SM Caen,Lyon,0,4,non,E,19.795,/spielbericht/index/spielbericht/2586801,2586801
2015-16,Ligue 1,5,sam. 12/09/2015,17:00,Lyon,LOSC Lille,0,0,non,D,32.137,/spielbericht/index/spielbericht/2586813,2586813
2015-16,UEFA Champions League,Phase de groupe,mer. 16/09/2015,20:45,La Gantoise,Lyon,1,1,non,E,19.601,/spielbericht/index/spielbericht/2618550,2618550
2015-16,Ligue 1,6,dim. 20/09/2015,21:00,Marseille,Lyon,1,1,non,E,56.194,/spielbericht/index/spielbericht/2586841,2586841
2015-16,Ligue 1,7,mer. 23/09/2015,19:00,Lyon,SC Bastia,2,0,non,D,25.658,/spielbericht/index/spielbericht/2586880,2586880
2015-16,Ligue 1,8,sam. 26/09/2015,20:00,G. Bordeaux,Lyon,3,1,non,E,26.593,/spielbericht/index/spielbericht/2586904,2586904
2015-16,UEFA Champions League,Phase de groupe,mar. 29/09/2015,20:45,Lyon,FC Valencia,0,1,non,D,33.534,/spielbericht/index/spielbericht/2618563,2618563
2015-16,Ligue 1,9,sam. 03/10/2015,17:30,Lyon,Stade de Reims,1,0,non,D,30.089,/spielbericht/index/spielbericht/2586912,2586912
2015-16,Ligue 1,10,ven. 16/10/2015,20:30,Monaco,Lyon,1,1,non,E,9.513,/spielbericht/index/spielbericht/2586935,2586935
2015-16,UEFA Champions League,Phase de groupe,mar. 20/10/2015,20:45,Zenit S-Pb,Lyon,3,1,non,E,17.517,/spielbericht/index/spielbericht/2618584,2618584
2015-16,Ligue 1,11,ven. 23/10/2015,20:30,Lyon,Toulouse,3,0,non,D,32.327,/spielbericht/index/spielbericht/2586964,2586964
2015-16,Ligue 1,12,sam. 31/10/2015,20:00,Troyes,Lyon,0,1,non,E,14.877,/spielbericht/index/spielbericht/2586983,2586983
2015-16,UEFA Champions League,Phase de groupe,mer. 04/11/2015,20:45,Lyon,Zenit S-Pb,0,2,non,D,30.173,/spielbericht/index/spielbericht/2618608,2618608
2015-16,Ligue 1,13,dim. 08/11/2015,21:00,Lyon,Saint-Étienne,3,0,non,D,38.752,/spielbericht/index/spielbericht/2586996,2586996
2015-16,Ligue 1,14,ven. 20/11/2015,20:30,OGC Nice,Lyon,3,0,non,E,17.872,/spielbericht/index/spielbericht/2587003,2587003
2015-16,UEFA Champions League,Phase de groupe,mar. 24/11/2015,20:45,Lyon,La Gantoise,1,2,non,D,30.206,/spielbericht/index/spielbericht/2618625,2618625
2015-16,Ligue 1,15,ven. 27/11/2015,20:30,Lyon,Montpellier,2,4,non,D,30.826,/spielbericht/index/spielbericht/2587013,2587013
2015-16,Ligue 1,16,mar. 01/12/2015,21:00,FC Nantes,Lyon,0,0,non,E,20.896,/spielbericht/index/spielbericht/2600608,2600608
2015-16,Ligue 1,17,sam. 05/12/2015,17:00,Lyon,Angers SCO,0,2,non,D,36.068,/spielbericht/index/spielbericht/2600618,2600618
2015-16,UEFA Champions League,Phase de groupe,mer. 09/12/2015,20:45,FC Valencia,Lyon,0,2,non,E,32.494,/spielbericht/index/spielbericht/2618640,2618640
2015-16,Ligue 1,18,dim. 13/12/2015,21:00,PSG,Lyon,5,1,non,E,46.650,/spielbericht/index/spielbericht/2600626,2600626
2015-16,Coupe de la Ligue,Huitièmes de finale,mer. 16/12/2015,20:00,Lyon,Tours FC,2,1,non,D,15.835,/spielbericht/index/spielbericht/2637059,2637059
2015-16,Ligue 1,19,dim. 20/12/2015,17:00,G. Ajaccio,Lyon,2,1,non,E,4.125,/spielbericht/index/spielbericht/2600639,2600639
2015-16,Coupe de France,5e tour,dim. 03/01/2016,14:15,Limoges FC,Lyon,0,7,non,E,12.000,/spielbericht/index/spielbericht/2645510,2645510
2015-16,Ligue 1,20,sam. 09/01/2016,17:00,Lyon,Troyes,4,1,non,D,55.169,/spielbericht/index/spielbericht/2609666,2609666
2015-16,Coupe de la Ligue,Quarts de finale,mer. 13/01/2016,21:00,PSG,Lyon,2,1,non,E,47.267,/spielbericht/index/spielbericht/2647288,2647288
2015-16,Ligue 1,21,dim. 17/01/2016,21:00,Saint-Étienne,Lyon,1,0,non,E,36.503,/spielbericht/index/spielbericht/2609670,2609670
2015-16,Coupe de France,6e tour,mer. 20/01/2016,18:30,FC Chambly Oise,Lyon,0,2,non,E,9.500,/spielbericht/index/spielbericht/2654389,2654389
2015-16,Ligue 1,22,dim. 24/01/2016,21:00,Lyon,Marseille,1,1,non,D,56.506,/spielbericht/index/spielbericht/2609686,2609686
2015-16,Ligue 1,23,sam. 30/01/2016,20:00,SC Bastia,Lyon,1,0,non,E,10.908,/spielbericht/index/spielbericht/2609697,2609697
2015-16,Ligue 1,24,mer. 03/02/2016,19:00,Lyon,G. Bordeaux,3,0,non,D,30.143,/spielbericht/index/spielbericht/2609706,2609706
2015-16,Ligue 1,25,sam. 06/02/2016,17:00,Angers SCO,Lyon,0,3,non,E,15.836,/spielbericht/index/spielbericht/2609710,2609710
2015-16,Coupe de France,Huitièmes de finale,mer. 10/02/2016,21:05,PSG,Lyon,3,0,non,E,42.000,/spielbericht/index/spielbericht/2658417,2658417
2015-16,Ligue 1,26,dim. 14/02/2016,14:00,Lyon,SM Caen,4,1,non,D,38.624,/spielbericht/index/spielbericht/2609726,2609726
2015-16,Ligue 1,27,dim. 21/02/2016,21:00,LOSC Lille,Lyon,1,0,non,E,32.956,/spielbericht/index/spielbericht/2609734,2609734
2015-16,Ligue 1,28,dim. 28/02/2016,21:00,Lyon,PSG,2,1,non,D,56.661,/spielbericht/index/spielbericht/2609747,2609747
2015-16,Ligue 1,29,dim. 06/03/2016,21:00,Lyon,EA Guingamp,5,1,non,D,33.133,/spielbericht/index/spielbericht/2609755,2609755
2015-16,Ligue 1,30,dim. 13/03/2016,21:00,Stade Rennais,Lyon,2,2,non,E,25.830,/spielbericht/index/spielbericht/2609768,2609768
2015-16,Ligue 1,31,sam. 19/03/2016,21:00,Lyon,FC Nantes,2,0,non,D,47.505,/spielbericht/index/spielbericht/2609776,2609776
2015-16,Ligue 1,32,dim. 03/04/2016,21:00,FC Lorient,Lyon,1,3,non,E,15.132,/spielbericht/index/spielbericht/2609783,2609783
2015-16,Ligue 1,33,ven. 08/04/2016,20:30,Montpellier,Lyon,0,2,non,E,15.066,/spielbericht/index/spielbericht/2609794,2609794
2015-16,Ligue 1,34,ven. 15/04/2016,20:30,Lyon,OGC Nice,1,1,non,D,55.744,/spielbericht/index/spielbericht/2609806,2609806
2015-16,Ligue 1,35,sam. 23/04/2016,17:30,Toulouse,Lyon,2,3,non,E,24.316,/spielbericht/index/spielbericht/2609819,2609819
2015-16,Ligue 1,36,sam. 30/04/2016,21:00,Lyon,G. Ajaccio,2,1,non,D,50.546,/spielbericht/index/spielbericht/2609826,2609826
2015-16,Ligue 1,37,sam. 07/05/2016,21:00,Lyon,Monaco,6,1,non,D,56.696,/spielbericht/index/spielbericht/2609837,2609837
2015-16,Ligue 1,38,sam. 14/05/2016,21:00,Stade de Reims,Lyon,4,1,non,E,17.432,/spielbericht/index/spielbericht/2609848,2609848
2016-17,Trophée des Champions,Finale,sam. 06/08/2016,20:45,PSG,Lyon,4,1,non,E,10.120,/spielbericht/index/spielbericht/2698559,2698559
2016-17,Ligue 1,1,dim. 14/08/2016,15:00,AS Nancy,Lyon,0,3,non,E,18.885,/spielbericht/index/spielbericht/2698549,2698549
2016-17,Ligue 1,2,ven. 19/08/2016,20:45,Lyon,SM Caen,2,0,non,D,41.171,/spielbericht/index/spielbericht/2701603,2701603
2016-17,Ligue 1,3,sam. 27/08/2016,17:00,Dijon,Lyon,4,2,non,E,10.369,/spielbericht/index/spielbericht/2701616,2701616
2016-17,Ligue 1,4,sam. 10/09/2016,17:00,Lyon,G. Bordeaux,1,3,non,D,40.976,/spielbericht/index/spielbericht/2701623,2701623
2016-17,UEFA Champions League,Phase de groupe,mer. 14/09/2016,20:45,Lyon,Dinamo Zagreb,3,0,non,D,43.754,/spielbericht/index/spielbericht/2754191,2754191
2016-17,Ligue 1,5,dim. 18/09/2016,20:45,Marseille,Lyon,0,0,non,E,32.564,/spielbericht/index/spielbericht/2701635,2701635
2016-17,Ligue 1,6,mer. 21/09/2016,19:00,Lyon,Montpellier,5,1,non,D,32.193,/spielbericht/index/spielbericht/2701642,2701642
2016-17,Ligue 1,7,sam. 24/09/2016,17:00,FC Lorient,Lyon,1,0,non,E,10.628,/spielbericht/index/spielbericht/2701652,2701652
2016-17,UEFA Champions League,Phase de groupe,mar. 27/09/2016,20:45,Séville FC,Lyon,1,0,non,E,36.741,/spielbericht/index/spielbericht/2754904,2754904
2016-17,Ligue 1,8,dim. 02/10/2016,20:45,Lyon,Saint-Étienne,2,0,non,D,57.050,/spielbericht/index/spielbericht/2701662,2701662
2016-17,Ligue 1,9,ven. 14/10/2016,20:45,OGC Nice,Lyon,2,0,non,E,28.139,/spielbericht/index/spielbericht/2701674,2701674
2016-17,UEFA Champions League,Phase de groupe,mar. 18/10/2016,20:45,Lyon,Juventus,0,1,non,D,53.907,/spielbericht/index/spielbericht/2754929,2754929
2016-17,Ligue 1,10,sam. 22/10/2016,17:00,Lyon,EA Guingamp,1,3,non,D,39.184,/spielbericht/index/spielbericht/2702719,2702719
2016-17,Ligue 1,11,sam. 29/10/2016,17:00,Toulouse,Lyon,1,2,non,E,24.141,/spielbericht/index/spielbericht/2702738,2702738
2016-17,UEFA Champions League,Phase de groupe,mer. 02/11/2016,20:45,Juventus,Lyon,1,1,non,E,40.356,/spielbericht/index/spielbericht/2755700,2755700
2016-17,Ligue 1,12,sam. 05/11/2016,20:00,Lyon,SC Bastia,2,1,non,D,33.886,/spielbericht/index/spielbericht/2702750,2702750
2016-17,Ligue 1,13,ven. 18/11/2016,20:45,LOSC Lille,Lyon,0,1,non,E,28.660,/spielbericht/index/spielbericht/2702761,2702761
2016-17,UEFA Champions League,Phase de groupe,mar. 22/11/2016,20:45,Dinamo Zagreb,Lyon,0,1,non,E,7.834,/spielbericht/index/spielbericht/2755714,2755714
2016-17,Ligue 1,14,dim. 27/11/2016,20:45,Lyon,PSG,1,2,non,D,55.107,/spielbericht/index/spielbericht/2702774,2702774
2016-17,Ligue 1,15,mer. 30/11/2016,19:00,FC Nantes,Lyon,0,6,non,E,18.964,/spielbericht/index/spielbericht/2702789,2702789
2016-17,UEFA Champions League,Phase de groupe,mer. 07/12/2016,20:45,Lyon,Séville FC,0,0,non,D,52.423,/spielbericht/index/spielbericht/2755743,2755743
2016-17,Ligue 1,17,dim. 11/12/2016,15:00,Lyon,Stade Rennais,1,0,non,D,33.901,/spielbericht/index/spielbericht/2702805,2702805
2016-17,Coupe de la Ligue,Huitièmes de finale,mer. 14/12/2016,21:05,Lyon,EA Guingamp,5,6,oui,D,17.002,/spielbericht/index/spielbericht/2770607,2770607
2016-17,Ligue 1,18,dim. 18/12/2016,20:45,Monaco,Lyon,1,3,non,E,13.129,/spielbericht/index/spielbericht/2702818,2702818
2016-17,Ligue 1,19,mer. 21/12/2016,20:50,Lyon,Angers SCO,2,0,non,D,32.098,/spielbericht/index/spielbericht/2702824,2702824
2016-17,Coupe de France,5e tour,dim. 08/01/2017,21:00,Lyon,Montpellier,5,0,non,D,32.193,/spielbericht/index/spielbericht/2814012,2814012
2016-17,Ligue 1,20,dim. 15/01/2017,17:00,SM Caen,Lyon,3,2,non,E,18.935,/spielbericht/index/spielbericht/2716703,2716703
2016-17,Ligue 1,21,dim. 22/01/2017,21:00,Lyon,Marseille,3,1,non,D,48.147,/spielbericht/index/spielbericht/2716706,2716706
2016-17,Ligue 1,22,sam. 28/01/2017,17:00,Lyon,LOSC Lille,1,2,non,D,35.479,/spielbericht/index/spielbericht/2717377,2717377
2016-17,Coupe de France,6e tour,mar. 31/01/2017,21:05,Marseille,Lyon,2,1,non,E,53.502,/spielbericht/index/spielbericht/2814017,2814017
2016-17,Ligue 1,23,dim. 05/02/2017,21:00,Saint-Étienne,Lyon,2,0,non,E,37.029,/spielbericht/index/spielbericht/2735501,2735501
2016-17,Ligue 1,24,mer. 08/02/2017,19:00,Lyon,AS Nancy,4,0,non,D,28.349,/spielbericht/index/spielbericht/2735515,2735515
2016-17,Ligue 1,25,sam. 11/02/2017,17:00,EA Guingamp,Lyon,2,1,non,E,15.242,/spielbericht/index/spielbericht/2735530,2735530
2016-17,UEFA Europa League,Tour intermédiaire,jeu. 16/02/2017,19:00,AZ Alkmaar,Lyon,1,4,non,E,16.098,/spielbericht/index/spielbericht/2805666,2805666
2016-17,Ligue 1,26,dim. 19/02/2017,17:00,Lyon,Dijon,4,2,non,D,35.197,/spielbericht/index/spielbericht/2735535,2735535
2016-17,UEFA Europa League,Tour intermédiaire,jeu. 23/02/2017,21:05,Lyon,AZ Alkmaar,7,1,non,D,25.743,/spielbericht/index/spielbericht/2805682,2805682
2016-17,Ligue 1,27,dim. 26/02/2017,17:00,Lyon,FC Metz,5,0,non,D,32.488,/spielbericht/index/spielbericht/2735546,2735546
2016-17,Ligue 1,28,ven. 03/03/2017,20:45,G. Bordeaux,Lyon,1,1,non,E,31.511,/spielbericht/index/spielbericht/2735552,2735552
2016-17,UEFA Europa League,Huitièmes de finale,jeu. 09/03/2017,21:05,Lyon,AS Roma,4,2,non,D,50.588,/spielbericht/index/spielbericht/2831520,2831520
2016-17,Ligue 1,29,dim. 12/03/2017,17:00,Lyon,Toulouse,4,0,non,D,34.463,/spielbericht/index/spielbericht/2735567,2735567
2016-17,UEFA Europa League,Huitièmes de finale,jeu. 16/03/2017,21:05,AS Roma,Lyon,2,1,non,E,46.453,/spielbericht/index/spielbericht/2831541,2831541
2016-17,Ligue 1,30,dim. 19/03/2017,21:00,PSG,Lyon,2,1,non,E,47.253,/spielbericht/index/spielbericht/2735574,2735574
2016-17,Ligue 1,31,dim. 02/04/2017,15:00,Stade Rennais,Lyon,1,1,non,E,23.673,/spielbericht/index/spielbericht/2735586,2735586
2016-17,Ligue 1,16,mer. 05/04/2017,19:00,FC Metz,Lyon,0,3,non,E,X,/spielbericht/index/spielbericht/2817414,2817414
2016-17,Ligue 1,32,sam. 08/04/2017,20:00,Lyon,FC Lorient,1,4,non,D,35.595,/spielbericht/index/spielbericht/2735595,2735595
2016-17,UEFA Europa League,Quarts de finale,jeu. 13/04/2017,21:50,Lyon,Besiktas,2,1,non,D,55.452,/spielbericht/index/spielbericht/2840956,2840956
2016-17,Ligue 1,33,dim. 16/04/2017,17:00,SC Bastia,Lyon,0,0,non,E,12.880,/spielbericht/index/spielbericht/2848788,2848788
2016-17,UEFA Europa League,Quarts de finale,jeu. 20/04/2017,21:05,Besiktas,Lyon,8,8,oui,E,39.623,/spielbericht/index/spielbericht/2840960,2840960
2016-17,Ligue 1,34,dim. 23/04/2017,21:15,Lyon,Monaco,1,2,non,D,44.411,/spielbericht/index/spielbericht/2735616,2735616
2016-17,Ligue 1,35,ven. 28/04/2017,20:45,Angers SCO,Lyon,1,2,non,E,14.699,/spielbericht/index/spielbericht/2735625,2735625
2016-17,UEFA Europa League,Demi-finales,mer. 03/05/2017,18:45,Ajax,Lyon,4,1,non,E,52.141,/spielbericht/index/spielbericht/2849358,2849358
2016-17,Ligue 1,36,dim. 07/05/2017,17:00,Lyon,FC Nantes,3,2,non,D,34.473,/spielbericht/index/spielbericht/2735636,2735636
2016-17,UEFA Europa League,Demi-finales,jeu. 11/05/2017,21:05,Lyon,Ajax,3,1,non,D,53.810,/spielbericht/index/spielbericht/2849360,2849360
2016-17,Ligue 1,37,dim. 14/05/2017,21:00,Montpellier,Lyon,1,3,non,E,13.923,/spielbericht/index/spielbericht/2735643,2735643
2016-17,Ligue 1,38,sam. 20/05/2017,21:00,Lyon,OGC Nice,3,3,non,D,50.080,/spielbericht/index/spielbericht/2735655,2735655
2017-18,Ligue 1,1,sam. 05/08/2017,20:00,Lyon,R. Strasbourg,4,0,non,D,39.177,/spielbericht/index/spielbericht/2890516,2890516
2017-18,Ligue 1,2,ven. 11/08/2017,20:45,Stade Rennais,Lyon,1,2,non,E,24.944,/spielbericht/index/spielbericht/2891823,2891823
2017-18,Ligue 1,3,sam. 19/08/2017,17:00,Lyon,G. Bordeaux,3,3,non,D,42.073,/spielbericht/index/spielbericht/2901016,2901016
2017-18,Ligue 1,4,sam. 26/08/2017,17:15,FC Nantes,Lyon,0,0,non,E,30.718,/spielbericht/index/spielbericht/2901097,2901097
2017-18,Ligue 1,5,dim. 10/09/2017,17:00,Lyon,EA Guingamp,2,1,non,D,36.697,/spielbericht/index/spielbericht/2901110,2901110
2017-18,UEFA Europa League,Phase de groupe,jeu. 14/09/2017,19:00,Apol. Limassol,Lyon,1,1,non,E,5.134,/spielbericht/index/spielbericht/2919780,2919780
2017-18,Ligue 1,6,dim. 17/09/2017,21:00,PSG,Lyon,2,0,non,E,47.191,/spielbericht/index/spielbericht/2901127,2901127
2017-18,Ligue 1,7,sam. 23/09/2017,20:00,Lyon,Dijon,3,3,non,D,33.600,/spielbericht/index/spielbericht/2901143,2901143
2017-18,UEFA Europa League,Phase de groupe,jeu. 28/09/2017,21:05,Lyon,Atalanta,1,1,non,D,27.715,/spielbericht/index/spielbericht/2919818,2919818
2017-18,Ligue 1,8,dim. 01/10/2017,17:00,Angers SCO,Lyon,3,3,non,E,11.432,/spielbericht/index/spielbericht/2901315,2901315
2017-18,Ligue 1,9,ven. 13/10/2017,20:45,Lyon,Monaco,3,2,non,D,43.295,/spielbericht/index/spielbericht/2903931,2903931
2017-18,UEFA Europa League,Phase de groupe,jeu. 19/10/2017,21:05,FC Everton,Lyon,1,2,non,E,27.160,/spielbericht/index/spielbericht/2919849,2919849
2017-18,Ligue 1,10,dim. 22/10/2017,17:00,Troyes,Lyon,0,5,non,E,14.722,/spielbericht/index/spielbericht/2903944,2903944
2017-18,Ligue 1,11,dim. 29/10/2017,15:00,Lyon,FC Metz,2,0,non,D,53.921,/spielbericht/index/spielbericht/2942657,2942657
2017-18,UEFA Europa League,Phase de groupe,jeu. 02/11/2017,19:00,Lyon,FC Everton,3,0,non,D,48.103,/spielbericht/index/spielbericht/2919860,2919860
2017-18,Ligue 1,12,dim. 05/11/2017,21:00,Saint-Étienne,Lyon,0,5,non,E,38.993,/spielbericht/index/spielbericht/2942669,2942669
2017-18,Ligue 1,13,dim. 19/11/2017,17:00,Lyon,Montpellier,0,0,non,D,47.651,/spielbericht/index/spielbericht/2942674,2942674
2017-18,UEFA Europa League,Phase de groupe,jeu. 23/11/2017,21:05,Lyon,Apol. Limassol,4,0,non,D,26.972,/spielbericht/index/spielbericht/2919896,2919896
2017-18,Ligue 1,14,dim. 26/11/2017,15:00,OGC Nice,Lyon,0,5,non,E,27.542,/spielbericht/index/spielbericht/2942685,2942685
2017-18,Ligue 1,15,mer. 29/11/2017,19:00,Lyon,LOSC Lille,1,2,non,D,31.679,/spielbericht/index/spielbericht/2942695,2942695
2017-18,Ligue 1,16,dim. 03/12/2017,17:00,SM Caen,Lyon,1,2,non,E,19.455,/spielbericht/index/spielbericht/2942708,2942708
2017-18,UEFA Europa League,Phase de groupe,jeu. 07/12/2017,19:00,Atalanta,Lyon,1,0,non,E,13.925,/spielbericht/index/spielbericht/2919909,2919909
2017-18,Ligue 1,17,dim. 10/12/2017,15:00,Amiens SC,Lyon,1,2,non,E,9.130,/spielbericht/index/spielbericht/2942718,2942718
2017-18,Coupe de la Ligue,Huitièmes de finale,mer. 13/12/2017,21:05,Montpellier,Lyon,4,1,non,E,7.447,/spielbericht/index/spielbericht/2959088,2959088
2017-18,Ligue 1,18,dim. 17/12/2017,21:00,Lyon,Marseille,2,0,non,D,57.206,/spielbericht/index/spielbericht/2942726,2942726
2017-18,Ligue 1,19,mer. 20/12/2017,20:50,Toulouse,Lyon,1,2,non,E,15.853,/spielbericht/index/spielbericht/2942733,2942733
2017-18,Coupe de France,5e tour,sam. 06/01/2018,21:00,AS Nancy,Lyon,2,3,non,E,14.201,/spielbericht/index/spielbericht/2978635,2978635
2017-18,Ligue 1,20,dim. 14/01/2018,17:00,Lyon,Angers SCO,1,1,non,D,36.691,/spielbericht/index/spielbericht/2942746,2942746
2017-18,Ligue 1,21,mer. 17/01/2018,19:00,EA Guingamp,Lyon,0,2,non,E,14.638,/spielbericht/index/spielbericht/2942751,2942751
2017-18,Ligue 1,22,dim. 21/01/2018,21:00,Lyon,PSG,2,1,non,D,57.582,/spielbericht/index/spielbericht/2942765,2942765
2017-18,Coupe de France,6e tour,mer. 24/01/2018,21:05,Monaco,Lyon,2,3,non,E,7.143,/spielbericht/index/spielbericht/2991904,2991904
2017-18,Ligue 1,23,dim. 28/01/2018,17:00,G. Bordeaux,Lyon,3,1,non,E,29.310,/spielbericht/index/spielbericht/2942775,2942775
2017-18,Ligue 1,24,dim. 04/02/2018,21:00,Monaco,Lyon,3,2,non,E,10.301,/spielbericht/index/spielbericht/2942780,2942780
2017-18,Coupe de France,Huitièmes de finale,mer. 07/02/2018,21:00,Montpellier,Lyon,1,2,non,E,7.000,/spielbericht/index/spielbericht/2993335,2993335
2017-18,Ligue 1,25,dim. 11/02/2018,21:00,Lyon,Stade Rennais,0,2,non,D,39.189,/spielbericht/index/spielbericht/2942797,2942797
2017-18,UEFA Europa League,Tour intermédiaire,jeu. 15/02/2018,21:05,Lyon,Villarreal,3,1,non,D,46.846,/spielbericht/index/spielbericht/2982080,2982080
2017-18,Ligue 1,26,dim. 18/02/2018,17:00,LOSC Lille,Lyon,2,2,non,E,39.523,/spielbericht/index/spielbericht/2942805,2942805
2017-18,UEFA Europa League,Tour intermédiaire,jeu. 22/02/2018,19:00,Villarreal,Lyon,0,1,non,E,17.028,/spielbericht/index/spielbericht/2982096,2982096
2017-18,Ligue 1,27,dim. 25/02/2018,17:00,Lyon,Saint-Étienne,1,1,non,D,58.069,/spielbericht/index/spielbericht/2942815,2942815
2017-18,Coupe de France,Quarts de finale,jeu. 01/03/2018,21:00,SM Caen,Lyon,1,0,non,E,17.000,/spielbericht/index/spielbericht/3000613,3000613
2017-18,Ligue 1,28,dim. 04/03/2018,17:00,Montpellier,Lyon,1,1,non,E,15.160,/spielbericht/index/spielbericht/2942824,2942824
2017-18,UEFA Europa League,Huitièmes de finale,jeu. 08/03/2018,19:00,CSKA Moscou,Lyon,0,1,non,E,13.990,/spielbericht/index/spielbericht/3009816,3009816
2017-18,Ligue 1,29,dim. 11/03/2018,17:00,Lyon,SM Caen,1,0,non,D,39.530,/spielbericht/index/spielbericht/2942835,2942835
2017-18,UEFA Europa League,Huitièmes de finale,jeu. 15/03/2018,21:05,Lyon,CSKA Moscou,2,3,non,D,38.622,/spielbericht/index/spielbericht/3009824,3009824
2017-18,Ligue 1,30,dim. 18/03/2018,21:00,Marseille,Lyon,2,3,non,E,60.009,/spielbericht/index/spielbericht/2942847,2942847
2017-18,Ligue 1,31,dim. 01/04/2018,21:00,Lyon,Toulouse,2,0,non,D,48.548,/spielbericht/index/spielbericht/2942854,2942854
2017-18,Ligue 1,32,dim. 08/04/2018,17:00,FC Metz,Lyon,0,5,non,E,15.540,/spielbericht/index/spielbericht/2942863,2942863
2017-18,Ligue 1,33,sam. 14/04/2018,17:00,Lyon,Amiens SC,3,0,non,D,47.513,/spielbericht/index/spielbericht/2942873,2942873
2017-18,Ligue 1,34,ven. 20/04/2018,21:00,Dijon,Lyon,2,5,non,E,15.102,/spielbericht/index/spielbericht/2942881,2942881
2017-18,Ligue 1,35,sam. 28/04/2018,17:00,Lyon,FC Nantes,2,0,non,D,50.443,/spielbericht/index/spielbericht/2942894,2942894
2017-18,Ligue 1,36,dim. 06/05/2018,16:30,Lyon,Troyes,3,0,non,D,54.274,/spielbericht/index/spielbericht/2942905,2942905
2017-18,Ligue 1,37,sam. 12/05/2018,21:00,R. Strasbourg,Lyon,3,2,non,E,25.503,/spielbericht/index/spielbericht/2942917,2942917
2017-18,Ligue 1,38,sam. 19/05/2018,21:00,Lyon,OGC Nice,3,2,non,D,56.953,/spielbericht/index/spielbericht/2942926,2942926
2018-19,Ligue 1,1,dim. 12/08/2018,15:00,Lyon,Amiens SC,2,0,non,D,48.263,/spielbericht/index/spielbericht/3047434,3047434
2018-19,Ligue 1,2,ven. 17/08/2018,20:45,Stade de Reims,Lyon,1,0,non,E,18.917,/spielbericht/index/spielbericht/3047447,3047447
2018-19,Ligue 1,3,ven. 24/08/2018,20:45,Lyon,R. Strasbourg,2,0,non,D,47.341,/spielbericht/index/spielbericht/3047454,3047454
2018-19,Ligue 1,4,ven. 31/08/2018,20:45,Lyon,OGC Nice,0,1,non,D,53.438,/spielbericht/index/spielbericht/3047464,3047464
2018-19,Ligue 1,5,sam. 15/09/2018,17:00,SM Caen,Lyon,2,2,non,E,17.676,/spielbericht/index/spielbericht/3047473,3047473
2018-19,UEFA Champions League,Phase de groupe,mer. 19/09/2018,21:00,Man City,Lyon,1,2,non,E,40.111,/spielbericht/index/spielbericht/3097966,3097966
2018-19,Ligue 1,6,dim. 23/09/2018,21:00,Lyon,Marseille,4,2,non,D,57.287,/spielbericht/index/spielbericht/3047514,3047514
2018-19,Ligue 1,7,mer. 26/09/2018,19:00,Dijon,Lyon,0,3,non,E,14.651,/spielbericht/index/spielbericht/3047524,3047524
2018-19,Ligue 1,8,sam. 29/09/2018,20:00,Lyon,FC Nantes,1,1,non,D,50.319,/spielbericht/index/spielbericht/3047534,3047534
2018-19,UEFA Champions League,Phase de groupe,mar. 02/10/2018,21:00,Lyon,Shakhtar D.,2,2,non,D,X,/spielbericht/index/spielbericht/3097990,3097990
2018-19,Ligue 1,9,dim. 07/10/2018,21:00,PSG,Lyon,5,0,non,E,47.443,/spielbericht/index/spielbericht/3047549,3047549
2018-19,Ligue 1,10,ven. 19/10/2018,20:45,Lyon,Nîmes Olympique,2,0,non,D,42.896,/spielbericht/index/spielbericht/3047553,3047553
2018-19,UEFA Champions League,Phase de groupe,mar. 23/10/2018,21:00,Hoffenheim,Lyon,3,3,non,E,24.144,/spielbericht/index/spielbericht/3098006,3098006
2018-19,Ligue 1,11,sam. 27/10/2018,17:00,Angers SCO,Lyon,1,2,non,E,14.186,/spielbericht/index/spielbericht/3047562,3047562
2018-19,Ligue 1,12,sam. 03/11/2018,17:00,Lyon,G. Bordeaux,1,1,non,D,46.653,/spielbericht/index/spielbericht/3047573,3047573
2018-19,UEFA Champions League,Phase de groupe,mer. 07/11/2018,21:00,Lyon,Hoffenheim,2,2,non,D,53.850,/spielbericht/index/spielbericht/3098022,3098022
2018-19,Ligue 1,13,sam. 10/11/2018,17:00,EA Guingamp,Lyon,2,4,non,E,14.171,/spielbericht/index/spielbericht/3047583,3047583
2018-19,Ligue 1,14,ven. 23/11/2018,21:00,Lyon,Saint-Étienne,1,0,non,D,55.701,/spielbericht/index/spielbericht/3047594,3047594
2018-19,UEFA Champions League,Phase de groupe,mar. 27/11/2018,21:00,Lyon,Man City,2,2,non,D,56.039,/spielbericht/index/spielbericht/3098037,3098037
2018-19,Ligue 1,15,sam. 01/12/2018,17:00,LOSC Lille,Lyon,2,2,non,E,38.755,/spielbericht/index/spielbericht/3047604,3047604
2018-19,Ligue 1,16,mer. 05/12/2018,19:00,Lyon,Stade Rennais,0,2,non,D,47.278,/spielbericht/index/spielbericht/3047615,3047615
2018-19,UEFA Champions League,Phase de groupe,mer. 12/12/2018,21:00,Shakhtar D.,Lyon,1,1,non,E,38.916,/spielbericht/index/spielbericht/3098053,3098053
2018-19,Ligue 1,18,dim. 16/12/2018,21:00,Lyon,Monaco,3,0,non,D,46.477,/spielbericht/index/spielbericht/3047693,3047693
2018-19,Coupe de la Ligue,Huitièmes de finale,mer. 19/12/2018,18:45,Amiens SC,Lyon,2,3,non,E,7.327,/spielbericht/index/spielbericht/3125449,3125449
2018-19,Ligue 1,19,sam. 22/12/2018,21:00,Montpellier,Lyon,1,1,non,E,17.275,/spielbericht/index/spielbericht/3047704,3047704
2018-19,Coupe de France,5e tour,sam. 05/01/2019,20:55,Bourges Foot,Lyon,0,2,non,E,8.187,/spielbericht/index/spielbericht/3135774,3135774
2018-19,Coupe de la Ligue,Quarts de finale,mar. 08/01/2019,21:00,Lyon,R. Strasbourg,1,2,non,D,21.721,/spielbericht/index/spielbericht/3136579,3136579
2018-19,Ligue 1,20,ven. 11/01/2019,20:45,Lyon,Stade de Reims,1,1,non,D,42.512,/spielbericht/index/spielbericht/3047715,3047715
2018-19,Ligue 1,17,mer. 16/01/2019,19:00,Toulouse,Lyon,2,2,non,E,16.587,/spielbericht/index/spielbericht/3047660,3047660
2018-19,Ligue 1,21,dim. 20/01/2019,21:00,Saint-Étienne,Lyon,1,2,non,E,41.594,/spielbericht/index/spielbericht/3047730,3047730
2018-19,Coupe de France,6e tour,jeu. 24/01/2019,21:00,Amiens SC,Lyon,0,2,non,E,6.647,/spielbericht/index/spielbericht/3142690,3142690
2018-19,Ligue 1,22,dim. 27/01/2019,17:00,Amiens SC,Lyon,0,1,non,E,10.017,/spielbericht/index/spielbericht/3047731,3047731
2018-19,Ligue 1,23,dim. 03/02/2019,21:00,Lyon,PSG,2,1,non,D,57.624,/spielbericht/index/spielbericht/3047745,3047745
2018-19,Coupe de France,Huitièmes de finale,jeu. 07/02/2019,21:00,EA Guingamp,Lyon,1,2,non,E,8.768,/spielbericht/index/spielbericht/3150635,3150635
2018-19,Ligue 1,24,dim. 10/02/2019,21:00,OGC Nice,Lyon,1,0,non,E,22.193,/spielbericht/index/spielbericht/3047756,3047756
2018-19,Ligue 1,25,ven. 15/02/2019,20:45,Lyon,EA Guingamp,2,1,non,D,40.305,/spielbericht/index/spielbericht/3047765,3047765
2018-19,UEFA Champions League,Huitièmes de finale,mar. 19/02/2019,21:00,Lyon,Barcelone,0,0,non,D,57.889,/spielbericht/index/spielbericht/3135805,3135805
2018-19,Ligue 1,26,dim. 24/02/2019,21:00,Monaco,Lyon,2,0,non,E,10.157,/spielbericht/index/spielbericht/3047774,3047774
2018-19,Coupe de France,Quarts de finale,mer. 27/02/2019,21:00,Lyon,SM Caen,3,1,non,D,27.493,/spielbericht/index/spielbericht/3156893,3156893
2018-19,Ligue 1,27,dim. 03/03/2019,17:00,Lyon,Toulouse,5,1,non,D,44.881,/spielbericht/index/spielbericht/3047786,3047786
2018-19,Ligue 1,28,sam. 09/03/2019,17:00,R. Strasbourg,Lyon,2,2,non,E,25.463,/spielbericht/index/spielbericht/3047799,3047799
2018-19,UEFA Champions League,Huitièmes de finale,mer. 13/03/2019,21:00,Barcelone,Lyon,5,1,non,E,92.346,/spielbericht/index/spielbericht/3135810,3135810
2018-19,Ligue 1,29,dim. 17/03/2019,14:30,Lyon,Montpellier,3,2,non,D,47.134,/spielbericht/index/spielbericht/3047806,3047806
2018-19,Ligue 1,30,ven. 29/03/2019,20:45,Stade Rennais,Lyon,0,1,non,E,27.094,/spielbericht/index/spielbericht/3047816,3047816
2018-19,Coupe de France,Demi-finales,mar. 02/04/2019,21:10,Lyon,Stade Rennais,2,3,non,D,47.195,/spielbericht/index/spielbericht/3162653,3162653
2018-19,Ligue 1,31,sam. 06/04/2019,17:00,Lyon,Dijon,1,3,non,D,52.431,/spielbericht/index/spielbericht/3047824,3047824
2018-19,Ligue 1,32,ven. 12/04/2019,20:45,FC Nantes,Lyon,2,1,non,E,25.050,/spielbericht/index/spielbericht/3047836,3047836
2018-19,Ligue 1,33,ven. 19/04/2019,20:45,Lyon,Angers SCO,2,1,non,D,43.917,/spielbericht/index/spielbericht/3047842,3047842
2018-19,Ligue 1,34,ven. 26/04/2019,20:45,G. Bordeaux,Lyon,2,3,non,E,27.455,/spielbericht/index/spielbericht/3047852,3047852
2018-19,Ligue 1,35,dim. 05/05/2019,21:00,Lyon,LOSC Lille,2,2,non,D,56.642,/spielbericht/index/spielbericht/3047862,3047862
2018-19,Ligue 1,36,dim. 12/05/2019,21:00,Marseille,Lyon,0,3,non,E,61.707,/spielbericht/index/spielbericht/3047875,3047875
2018-19,Ligue 1,37,sam. 18/05/2019,21:00,Lyon,SM Caen,4,0,non,D,51.408,/spielbericht/index/spielbericht/3047883,3047883
2018-19,Ligue 1,38,ven. 24/05/2019,21:05,Nîmes Olympique,Lyon,2,3,non,E,14.986,/spielbericht/index/spielbericht/3047897,3047897
2019-20,Ligue 1,1,ven. 09/08/2019,20:45,Monaco,Lyon,0,3,non,E,12.663,/spielbericht/index/spielbericht/3195016,3195016
2019-20,Ligue 1,2,ven. 16/08/2019,20:45,Lyon,Angers SCO,6,0,non,D,49.871,/spielbericht/index/spielbericht/3195256,3195256
2019-20,Ligue 1,3,mar. 27/08/2019,19:00,Montpellier,Lyon,1,0,non,E,19.387,/spielbericht/index/spielbericht/3199384,3199384
2019-20,Ligue 1,4,sam. 31/08/2019,17:30,Lyon,G. Bordeaux,1,1,non,D,52.327,/spielbericht/index/spielbericht/3199392,3199392
2019-20,Ligue 1,5,ven. 13/09/2019,20:45,Amiens SC,Lyon,2,2,non,E,12.577,/spielbericht/index/spielbericht/3199405,3199405
2019-20,UEFA Champions League,Phase de groupe,mar. 17/09/2019,18:55,Lyon,Zenit S-Pb,1,1,non,D,47.201,/spielbericht/index/spielbericht/3252158,3252158
2019-20,Ligue 1,6,dim. 22/09/2019,21:00,Lyon,PSG,0,1,non,D,54.583,/spielbericht/index/spielbericht/3199409,3199409
2019-20,Ligue 1,7,mer. 25/09/2019,19:00,Stade Brestois,Lyon,2,2,non,E,14.472,/spielbericht/index/spielbericht/3199418,3199418
2019-20,Ligue 1,8,sam. 28/09/2019,13:30,Lyon,FC Nantes,0,1,non,D,46.647,/spielbericht/index/spielbericht/3199432,3199432
2019-20,UEFA Champions League,Phase de groupe,mer. 02/10/2019,21:00,Leipzig,Lyon,0,2,non,E,40.194,/spielbericht/index/spielbericht/3252174,3252174
2019-20,Ligue 1,9,dim. 06/10/2019,21:00,Saint-Étienne,Lyon,1,0,non,E,34.071,/spielbericht/index/spielbericht/3199445,3199445
2019-20,Ligue 1,10,sam. 19/10/2019,17:30,Lyon,Dijon,0,0,non,D,48.454,/spielbericht/index/spielbericht/3199455,3199455
2019-20,UEFA Champions League,Phase de groupe,mer. 23/10/2019,21:00,Benfica,Lyon,2,1,non,E,53.035,/spielbericht/index/spielbericht/3252199,3252199
2019-20,Ligue 1,11,sam. 26/10/2019,20:00,Lyon,FC Metz,2,0,non,D,48.889,/spielbericht/index/spielbericht/3199461,3199461
2019-20,Ligue 1,12,sam. 02/11/2019,20:00,Toulouse,Lyon,2,3,non,E,16.270,/spielbericht/index/spielbericht/3199472,3199472
2019-20,UEFA Champions League,Phase de groupe,mar. 05/11/2019,21:00,Lyon,Benfica,3,1,non,D,51.077,/spielbericht/index/spielbericht/3252207,3252207
2019-20,Ligue 1,13,dim. 10/11/2019,21:00,Marseille,Lyon,2,1,non,E,65.421,/spielbericht/index/spielbericht/3199477,3199477
2019-20,Ligue 1,14,sam. 23/11/2019,17:30,Lyon,OGC Nice,2,1,non,D,49.401,/spielbericht/index/spielbericht/3199489,3199489
2019-20,UEFA Champions League,Phase de groupe,mer. 27/11/2019,18:55,Zenit S-Pb,Lyon,2,0,non,E,51.183,/spielbericht/index/spielbericht/3252230,3252230
2019-20,Ligue 1,15,sam. 30/11/2019,20:00,R. Strasbourg,Lyon,1,2,non,E,25.455,/spielbericht/index/spielbericht/3199497,3199497
2019-20,Ligue 1,16,mar. 03/12/2019,21:05,Lyon,LOSC Lille,0,1,non,D,42.535,/spielbericht/index/spielbericht/3199513,3199513
2019-20,Ligue 1,17,ven. 06/12/2019,20:45,Nîmes Olympique,Lyon,0,4,non,E,12.801,/spielbericht/index/spielbericht/3199518,3199518
2019-20,UEFA Champions League,Phase de groupe,mar. 10/12/2019,21:00,Lyon,Leipzig,2,2,non,D,53.288,/spielbericht/index/spielbericht/3252239,3252239
2019-20,Ligue 1,18,dim. 15/12/2019,17:00,Lyon,Stade Rennais,0,1,non,D,45.010,/spielbericht/index/spielbericht/3199530,3199530
2019-20,Coupe de la Ligue,Huitièmes de finale,mer. 18/12/2019,18:45,Lyon,Toulouse,4,1,non,D,21.902,/spielbericht/index/spielbericht/3280965,3280965
2019-20,Ligue 1,19,sam. 21/12/2019,20:45,Stade de Reims,Lyon,1,1,non,E,17.257,/spielbericht/index/spielbericht/3199543,3199543
2019-20,Coupe de France,5e tour,sam. 04/01/2020,20:55,Bourg-en-Bresse,Lyon,0,7,non,E,8.000,/spielbericht/index/spielbericht/3290281,3290281
2019-20,Coupe de la Ligue,Quarts de finale,mer. 08/01/2020,18:45,Lyon,Stade Brestois,3,1,non,D,20.096,/spielbericht/index/spielbericht/3293296,3293296
2019-20,Ligue 1,20,sam. 11/01/2020,17:30,G. Bordeaux,Lyon,1,2,non,E,28.737,/spielbericht/index/spielbericht/3199550,3199550
2019-20,Coupe de France,6e tour,sam. 18/01/2020,20:55,FC Nantes,Lyon,3,4,non,E,24.511,/spielbericht/index/spielbericht/3302572,3302572
2019-20,Coupe de la Ligue,Demi-finales,mar. 21/01/2020,21:10,Lyon,LOSC Lille,6,5,oui,D,35.248,/spielbericht/index/spielbericht/3304318,3304318
2019-20,Ligue 1,21,dim. 26/01/2020,15:00,Lyon,Toulouse,3,0,non,D,42.582,/spielbericht/index/spielbericht/3199565,3199565
2019-20,Coupe de France,Huitièmes de finale,jeu. 30/01/2020,20:55,OGC Nice,Lyon,1,2,non,E,9.646,/spielbericht/index/spielbericht/3307465,3307465
2019-20,Ligue 1,22,dim. 02/02/2020,15:00,OGC Nice,Lyon,2,1,non,E,23.553,/spielbericht/index/spielbericht/3199569,3199569
2019-20,Ligue 1,23,mer. 05/02/2020,19:00,Lyon,Amiens SC,0,0,non,D,36.670,/spielbericht/index/spielbericht/3199589,3199589
2019-20,Ligue 1,24,dim. 09/02/2020,21:05,PSG,Lyon,4,2,non,E,47.000,/spielbericht/index/spielbericht/3199592,3199592
2019-20,Coupe de France,Quarts de finale,mer. 12/02/2020,21:05,Lyon,Marseille,1,0,non,D,36.000,/spielbericht/index/spielbericht/3312633,3312633
2019-20,Ligue 1,25,dim. 16/02/2020,15:00,Lyon,R. Strasbourg,1,1,non,D,45.141,/spielbericht/index/spielbericht/3199609,3199609
2019-20,Ligue 1,26,ven. 21/02/2020,20:45,FC Metz,Lyon,0,2,non,E,18.247,/spielbericht/index/spielbericht/3199619,3199619
2019-20,UEFA Champions League,Huitièmes de finale,mer. 26/02/2020,21:00,Lyon,Juventus,1,0,non,D,57.335,/spielbericht/index/spielbericht/3291932,3291932
2019-20,Ligue 1,27,dim. 01/03/2020,21:00,Lyon,Saint-Étienne,2,0,non,D,52.772,/spielbericht/index/spielbericht/3199629,3199629
2019-20,Coupe de France,Demi-finales,mer. 04/03/2020,21:10,Lyon,PSG,1,5,non,D,45.754,/spielbericht/index/spielbericht/3323313,3323313
2019-20,Ligue 1,28,dim. 08/03/2020,21:00,LOSC Lille,Lyon,1,0,non,E,40.164,/spielbericht/index/spielbericht/3199642,3199642
2019-20,Coupe de la Ligue,Finale,ven. 31/07/2020,21:10,PSG,Lyon,6,5,oui,E,3.500,/spielbericht/index/spielbericht/3309600,3309600
2019-20,UEFA Champions League,Huitièmes de finale,ven. 07/08/2020,21:00,Juventus,Lyon,2,1,non,E,X,/spielbericht/index/spielbericht/3291940,3291940
2019-20,UEFA Champions League,Quarts de finale,sam. 15/08/2020,21:00,Man City,Lyon,1,3,non,E,X,/spielbericht/index/spielbericht/3414689,3414689
2019-20,UEFA Champions League,Demi-finales,mer. 19/08/2020,21:00,Lyon,Bayern,0,3,non,D,X,/spielbericht/index/spielbericht/3418670,3418670
2020-21,Ligue 1,2,ven. 28/08/2020,21:00,Lyon,Dijon,4,1,non,D,3.706,/spielbericht/index/spielbericht/3394578,3394578
2020-21,Ligue 1,3,ven. 11/09/2020,21:00,G. Bordeaux,Lyon,0,0,non,E,4.428,/spielbericht/index/spielbericht/3394583,3394583
2020-21,Ligue 1,1,mar. 15/09/2020,21:00,Montpellier,Lyon,2,1,non,E,4.114,/spielbericht/index/spielbericht/3393965,3393965
2020-21,Ligue 1,4,ven. 18/09/2020,21:00,Lyon,Nîmes Olympique,0,0,non,D,4.385,/spielbericht/index/spielbericht/3394595,3394595
2020-21,Ligue 1,5,dim. 27/09/2020,17:00,FC Lorient,Lyon,1,1,non,E,4.977,/spielbericht/index/spielbericht/3394604,3394604
2020-21,Ligue 1,6,dim. 04/10/2020,21:00,Lyon,Marseille,1,1,non,D,1.000,/spielbericht/index/spielbericht/3394617,3394617
2020-21,Ligue 1,7,dim. 18/10/2020,13:00,R. Strasbourg,Lyon,2,3,non,E,5.000,/spielbericht/index/spielbericht/3394627,3394627
2020-21,Ligue 1,8,dim. 25/10/2020,21:00,Lyon,Monaco,4,1,non,D,X,/spielbericht/index/spielbericht/3394638,3394638
2020-21,Ligue 1,9,dim. 01/11/2020,21:00,LOSC Lille,Lyon,1,1,non,E,X,/spielbericht/index/spielbericht/3394649,3394649
2020-21,Ligue 1,10,dim. 08/11/2020,21:00,Lyon,Saint-Étienne,2,1,non,D,X,/spielbericht/index/spielbericht/3394655,3394655
2020-21,Ligue 1,11,dim. 22/11/2020,17:00,Angers SCO,Lyon,0,1,non,E,X,/spielbericht/index/spielbericht/3394670,3394670
2020-21,Ligue 1,12,dim. 29/11/2020,13:00,Lyon,Stade de Reims,3,0,non,D,X,/spielbericht/index/spielbericht/3394680,3394680
2020-21,Ligue 1,13,dim. 06/12/2020,21:00,FC Metz,Lyon,1,3,non,E,X,/spielbericht/index/spielbericht/3394684,3394684
2020-21,Ligue 1,14,dim. 13/12/2020,21:00,PSG,Lyon,0,1,non,E,X,/spielbericht/index/spielbericht/3394699,3394699
2020-21,Ligue 1,15,mer. 16/12/2020,21:00,Lyon,Stade Brestois,2,2,non,D,X,/spielbericht/index/spielbericht/3394711,3394711
2020-21,Ligue 1,16,sam. 19/12/2020,21:00,OGC Nice,Lyon,1,4,non,E,X,/spielbericht/index/spielbericht/3394723,3394723
2020-21,Ligue 1,17,mer. 23/12/2020,21:00,Lyon,FC Nantes,3,0,non,D,X,/spielbericht/index/spielbericht/3394725,3394725
2020-21,Ligue 1,18,mer. 06/01/2021,21:00,Lyon,RC Lens,3,2,non,D,X,/spielbericht/index/spielbericht/3394741,3394741
2020-21,Ligue 1,19,sam. 09/01/2021,21:00,Stade Rennais,Lyon,2,2,non,E,X,/spielbericht/index/spielbericht/3394748,3394748
2020-21,Ligue 1,20,dim. 17/01/2021,21:00,Lyon,FC Metz,0,1,non,D,X,/spielbericht/index/spielbericht/3394760,3394760
2020-21,Ligue 1,21,dim. 24/01/2021,21:00,Saint-Étienne,Lyon,0,5,non,E,X,/spielbericht/index/spielbericht/3394765,3394765
2020-21,Ligue 1,22,ven. 29/01/2021,21:00,Lyon,G. Bordeaux,2,1,non,D,X,/spielbericht/index/spielbericht/3394776,3394776
2020-21,Ligue 1,23,mer. 03/02/2021,21:00,Dijon,Lyon,0,1,non,E,X,/spielbericht/index/spielbericht/3394790,3394790
2020-21,Ligue 1,24,sam. 06/02/2021,19:00,Lyon,R. Strasbourg,3,0,non,D,X,/spielbericht/index/spielbericht/3394797,3394797
2020-21,Coupe de France,5e tour,mar. 09/02/2021,21:00,Lyon,AC Ajaccio,5,1,non,D,X,/spielbericht/index/spielbericht/3530095,3530095
2020-21,Ligue 1,25,sam. 13/02/2021,21:00,Lyon,Montpellier,1,2,non,D,X,/spielbericht/index/spielbericht/3394807,3394807
2020-21,Ligue 1,26,ven. 19/02/2021,21:00,Stade Brestois,Lyon,2,3,non,E,X,/spielbericht/index/spielbericht/3394823,3394823
2020-21,Ligue 1,27,dim. 28/02/2021,21:00,Marseille,Lyon,1,1,non,E,X,/spielbericht/index/spielbericht/3394839,3394839
2020-21,Ligue 1,28,mer. 03/03/2021,19:00,Lyon,Stade Rennais,1,0,non,D,X,/spielbericht/index/spielbericht/3394858,3394858
2020-21,Coupe de France,6e tour,sam. 06/03/2021,18:45,Lyon,FC Sochaux,5,2,non,D,X,/spielbericht/index/spielbericht/3525122,3525122
2020-21,Ligue 1,29,ven. 12/03/2021,21:00,Stade de Reims,Lyon,1,1,non,E,X,/spielbericht/index/spielbericht/3394891,3394891
2020-21,Ligue 1,30,dim. 21/03/2021,21:00,Lyon,PSG,2,4,non,D,X,/spielbericht/index/spielbericht/3394911,3394911
2020-21,Ligue 1,31,sam. 03/04/2021,21:00,RC Lens,Lyon,1,1,non,E,X,/spielbericht/index/spielbericht/3394915,3394915
2020-21,Coupe de France,Huitièmes de finale,jeu. 08/04/2021,19:00,Red Star FC,Lyon,6,7,oui,E,X,/spielbericht/index/spielbericht/3532739,3532739
2020-21,Ligue 1,32,dim. 11/04/2021,21:00,Lyon,Angers SCO,3,0,non,D,X,/spielbericht/index/spielbericht/3394925,3394925
2020-21,Ligue 1,33,dim. 18/04/2021,21:00,FC Nantes,Lyon,1,2,non,E,X,/spielbericht/index/spielbericht/3394940,3394940
2020-21,Coupe de France,Quarts de finale,mer. 21/04/2021,21:10,Lyon,Monaco,0,2,non,D,X,/spielbericht/index/spielbericht/3549065,3549065
2020-21,Ligue 1,34,dim. 25/04/2021,21:00,Lyon,LOSC Lille,2,3,non,D,X,/spielbericht/index/spielbericht/3394945,3394945
2020-21,Ligue 1,35,dim. 02/05/2021,21:00,Monaco,Lyon,2,3,non,E,X,/spielbericht/index/spielbericht/3394963,3394963
2020-21,Ligue 1,36,sam. 08/05/2021,17:00,Lyon,FC Lorient,4,1,non,D,X,/spielbericht/index/spielbericht/3394977,3394977
2020-21,Ligue 1,37,dim. 16/05/2021,21:00,Nîmes Olympique,Lyon,2,5,non,E,X,/spielbericht/index/spielbericht/3394992,3394992
2020-21,Ligue 1,38,dim. 23/05/2021,21:00,Lyon,OGC Nice,2,3,non,D,X,/spielbericht/index/spielbericht/3394994,3394994
2021-22,Ligue 1,1,sam. 07/08/2021,17:00,Lyon,Stade Brestois,1,1,non,D,29.018,/spielbericht/index/spielbericht/3588765,3588765
2021-22,Ligue 1,2,dim. 15/08/2021,13:00,Angers SCO,Lyon,3,0,non,E,6.154,/spielbericht/index/spielbericht/3588781,3588781
2021-22,Ligue 1,3,dim. 22/08/2021,13:00,Lyon,Clermont Foot,3,3,non,D,34.713,/spielbericht/index/spielbericht/3588816,3588816
2021-22,Ligue 1,4,ven. 27/08/2021,21:00,FC Nantes,Lyon,0,1,non,E,23.177,/spielbericht/index/spielbericht/3588835,3588835
2021-22,Ligue 1,5,dim. 12/09/2021,20:45,Lyon,R. Strasbourg,3,1,non,D,33.267,/spielbericht/index/spielbericht/3588843,3588843
2021-22,UEFA Europa League,Phase de groupe,jeu. 16/09/2021,21:00,Glasgow Rangers,Lyon,0,2,non,E,44.906,/spielbericht/index/spielbericht/3651676,3651676
2021-22,Ligue 1,6,dim. 19/09/2021,20:45,PSG,Lyon,2,1,non,E,47.611,/spielbericht/index/spielbericht/3588917,3588917
2021-22,Ligue 1,7,mer. 22/09/2021,21:00,Lyon,Troyes,3,1,non,D,29.714,/spielbericht/index/spielbericht/3588932,3588932
2021-22,Ligue 1,8,sam. 25/09/2021,21:00,Lyon,FC Lorient,1,1,non,D,36.424,/spielbericht/index/spielbericht/3589100,3589100
2021-22,UEFA Europa League,Phase de groupe,jeu. 30/09/2021,18:45,Lyon,Bröndby IF,3,0,non,D,25.466,/spielbericht/index/spielbericht/3651682,3651682
2021-22,Ligue 1,9,dim. 03/10/2021,20:45,Saint-Étienne,Lyon,1,1,non,E,33.643,/spielbericht/index/spielbericht/3589116,3589116
2021-22,Ligue 1,10,sam. 16/10/2021,21:00,Lyon,Monaco,2,0,non,D,50.585,/spielbericht/index/spielbericht/3589120,3589120
2021-22,UEFA Europa League,Phase de groupe,jeu. 21/10/2021,21:00,Sparta Prague,Lyon,3,4,non,E,12.427,/spielbericht/index/spielbericht/3651935,3651935
2021-22,Ligue 1,11,dim. 24/10/2021,13:00,OGC Nice,Lyon,3,2,non,E,24.519,/spielbericht/index/spielbericht/3589133,3589133
2021-22,Ligue 1,12,sam. 30/10/2021,21:00,Lyon,RC Lens,2,1,non,D,50.373,/spielbericht/index/spielbericht/3589141,3589141
2021-22,UEFA Europa League,Phase de groupe,jeu. 04/11/2021,18:45,Lyon,Sparta Prague,3,0,non,D,33.934,/spielbericht/index/spielbericht/3660448,3660448
2021-22,Ligue 1,13,dim. 07/11/2021,20:45,Stade Rennais,Lyon,4,1,non,E,28.222,/spielbericht/index/spielbericht/3589174,3589174
2021-22,UEFA Europa League,Phase de groupe,jeu. 25/11/2021,21:00,Bröndby IF,Lyon,1,3,non,E,16.645,/spielbericht/index/spielbericht/3683196,3683196
2021-22,Ligue 1,15,dim. 28/11/2021,17:00,Montpellier,Lyon,0,1,non,E,14.747,/spielbericht/index/spielbericht/3589228,3589228
2021-22,Ligue 1,16,mer. 01/12/2021,21:00,Lyon,Stade de Reims,1,2,non,D,X,/spielbericht/index/spielbericht/3589259,3589259
2021-22,Ligue 1,17,dim. 05/12/2021,20:45,G. Bordeaux,Lyon,2,2,non,E,25.210,/spielbericht/index/spielbericht/3589272,3589272
2021-22,UEFA Europa League,Phase de groupe,jeu. 09/12/2021,18:45,Lyon,Glasgow Rangers,1,1,non,D,26.842,/spielbericht/index/spielbericht/3683251,3683251
2021-22,Ligue 1,18,dim. 12/12/2021,13:00,LOSC Lille,Lyon,0,0,non,E,40.248,/spielbericht/index/spielbericht/3589289,3589289
2021-22,Ligue 1,19,mer. 22/12/2021,21:00,Lyon,FC Metz,1,1,non,D,34.867,/spielbericht/index/spielbericht/3589305,3589305
2021-22,Ligue 1,20,dim. 09/01/2022,20:45,Lyon,PSG,1,1,non,D,4.977,/spielbericht/index/spielbericht/3589327,3589327
2021-22,Ligue 1,21,dim. 16/01/2022,17:05,Troyes,Lyon,0,1,non,E,4.224,/spielbericht/index/spielbericht/3589340,3589340
2021-22,Ligue 1,22,ven. 21/01/2022,21:00,Lyon,Saint-Étienne,1,0,non,D,5.000,/spielbericht/index/spielbericht/3589355,3589355
2021-22,Ligue 1,14,mar. 01/02/2022,21:00,Lyon,Marseille,2,1,non,D,X,/spielbericht/index/spielbericht/3589203,3589203
2021-22,Ligue 1,23,sam. 05/02/2022,21:00,Monaco,Lyon,2,0,non,E,6.550,/spielbericht/index/spielbericht/3589363,3589363
2021-22,Ligue 1,24,sam. 12/02/2022,21:00,Lyon,OGC Nice,2,0,non,D,41.974,/spielbericht/index/spielbericht/3589383,3589383
2021-22,Ligue 1,25,sam. 19/02/2022,17:00,RC Lens,Lyon,1,1,non,E,36.624,/spielbericht/index/spielbericht/3589399,3589399
2021-22,Ligue 1,26,dim. 27/02/2022,20:45,Lyon,LOSC Lille,0,1,non,D,42.657,/spielbericht/index/spielbericht/3589421,3589421
2021-22,Ligue 1,27,ven. 04/03/2022,21:00,FC Lorient,Lyon,1,4,non,E,13.497,/spielbericht/index/spielbericht/3589431,3589431
2021-22,UEFA Europa League,Huitièmes de finale,mer. 09/03/2022,18:45,FC Porto,Lyon,0,1,non,E,26.309,/spielbericht/index/spielbericht/3757959,3757959
2021-22,Ligue 1,28,dim. 13/03/2022,17:05,Lyon,Stade Rennais,2,4,non,D,46.597,/spielbericht/index/spielbericht/3589443,3589443
2021-22,UEFA Europa League,Huitièmes de finale,jeu. 17/03/2022,21:00,Lyon,FC Porto,1,1,non,D,54.551,/spielbericht/index/spielbericht/3757967,3757967
2021-22,Ligue 1,29,dim. 20/03/2022,17:05,Stade de Reims,Lyon,0,0,non,E,14.091,/spielbericht/index/spielbericht/3589463,3589463
2021-22,Ligue 1,30,dim. 03/04/2022,17:05,Lyon,Angers SCO,3,2,non,D,34.376,/spielbericht/index/spielbericht/3589473,3589473
2021-22,UEFA Europa League,Quarts de finale,jeu. 07/04/2022,21:00,West Ham Utd.,Lyon,1,1,non,E,59.978,/spielbericht/index/spielbericht/3773621,3773621
2021-22,Ligue 1,31,dim. 10/04/2022,19:00,R. Strasbourg,Lyon,1,1,non,E,26.000,/spielbericht/index/spielbericht/3589506,3589506
2021-22,UEFA Europa League,Quarts de finale,jeu. 14/04/2022,21:00,Lyon,West Ham Utd.,0,3,non,D,50.065,/spielbericht/index/spielbericht/3773625,3773625
2021-22,Ligue 1,32,dim. 17/04/2022,17:05,Lyon,G. Bordeaux,6,1,non,D,38.713,/spielbericht/index/spielbericht/3589525,3589525
2021-22,Ligue 1,33,mer. 20/04/2022,21:00,Stade Brestois,Lyon,2,1,non,E,14.028,/spielbericht/index/spielbericht/3589536,3589536
2021-22,Ligue 1,34,sam. 23/04/2022,17:00,Lyon,Montpellier,5,2,non,D,46.608,/spielbericht/index/spielbericht/3589553,3589553
2021-22,Ligue 1,35,dim. 01/05/2022,20:45,Marseille,Lyon,0,3,non,E,64.784,/spielbericht/index/spielbericht/3589565,3589565
2021-22,Ligue 1,36,dim. 08/05/2022,13:00,FC Metz,Lyon,3,2,non,E,20.405,/spielbericht/index/spielbericht/3589576,3589576
2021-22,Ligue 1,37,sam. 14/05/2022,21:00,Lyon,FC Nantes,3,2,non,D,54.404,/spielbericht/index/spielbericht/3589582,3589582
2021-22,Ligue 1,38,sam. 21/05/2022,21:00,Clermont Foot,Lyon,1,2,non,E,12.000,/spielbericht/index/spielbericht/3589600,3589600
2022-23,Ligue 1,1,ven. 05/08/2022,21:00,Lyon,AC Ajaccio,2,1,non,D,48.516,/spielbericht/index/spielbericht/3839732,3839732
2022-23,Ligue 1,3,ven. 19/08/2022,21:00,Lyon,Troyes,4,1,non,D,44.289,/spielbericht/index/spielbericht/3839821,3839821
2022-23,Ligue 1,4,dim. 28/08/2022,17:05,Stade de Reims,Lyon,1,1,non,E,14.930,/spielbericht/index/spielbericht/3839848,3839848
2022-23,Ligue 1,5,mer. 31/08/2022,19:00,Lyon,AJ Auxerre,2,1,non,D,38.609,/spielbericht/index/spielbericht/3839867,3839867
2022-23,Ligue 1,6,sam. 03/09/2022,19:00,Lyon,Angers SCO,5,0,non,D,39.586,/spielbericht/index/spielbericht/3840013,3840013
2022-23,Ligue 1,2,mer. 07/09/2022,19:00,FC Lorient,Lyon,3,1,non,E,13.685,/spielbericht/index/spielbericht/3839777,3839777
2022-23,Ligue 1,7,dim. 11/09/2022,20:45,Monaco,Lyon,2,1,non,E,7.000,/spielbericht/index/spielbericht/3840018,3840018
2022-23,Ligue 1,8,dim. 18/09/2022,20:45,Lyon,PSG,0,1,non,D,58.230,/spielbericht/index/spielbericht/3840033,3840033
2022-23,Ligue 1,9,dim. 02/10/2022,20:45,RC Lens,Lyon,1,0,non,E,36.674,/spielbericht/index/spielbericht/3840045,3840045
2022-23,Ligue 1,10,ven. 07/10/2022,21:00,Lyon,Toulouse,1,1,non,D,41.295,/spielbericht/index/spielbericht/3840054,3840054
2022-23,Ligue 1,11,dim. 16/10/2022,15:00,Stade Rennais,Lyon,3,2,non,E,28.152,/spielbericht/index/spielbericht/3840066,3840066
2022-23,Ligue 1,12,sam. 22/10/2022,17:00,Montpellier,Lyon,1,2,non,E,15.339,/spielbericht/index/spielbericht/3840073,3840073
2022-23,Ligue 1,13,dim. 30/10/2022,20:45,Lyon,LOSC Lille,1,0,non,D,55.790,/spielbericht/index/spielbericht/3840083,3840083
2022-23,Ligue 1,14,dim. 06/11/2022,20:45,Marseille,Lyon,1,0,non,E,62.975,/spielbericht/index/spielbericht/3840095,3840095
2022-23,Ligue 1,15,ven. 11/11/2022,21:00,Lyon,OGC Nice,1,1,non,D,57.000,/spielbericht/index/spielbericht/3840103,3840103
2022-23,Ligue 1,16,mer. 28/12/2022,21:00,Stade Brestois,Lyon,2,4,non,E,14.601,/spielbericht/index/spielbericht/3840116,3840116
2022-23,Ligue 1,17,dim. 01/01/2023,17:00,Lyon,Clermont Foot,0,1,non,D,30.000,/spielbericht/index/spielbericht/3840124,3840124
2022-23,Coupe de France,5e tour,sam. 07/01/2023,15:30,Lyon,FC Metz,2,1,non,D,29.763,/spielbericht/index/spielbericht/3969296,3969296
2022-23,Ligue 1,18,mer. 11/01/2023,19:00,FC Nantes,Lyon,0,0,non,E,27.657,/spielbericht/index/spielbericht/3840133,3840133
2022-23,Ligue 1,19,sam. 14/01/2023,21:00,Lyon,R. Strasbourg,1,2,non,D,38.473,/spielbericht/index/spielbericht/3840143,3840143
2022-23,Coupe de France,6e tour,sam. 21/01/2023,15:30,Chambéry SF,Lyon,0,3,non,E,18.344,/spielbericht/index/spielbericht/3998069,3998069
2022-23,Ligue 1,20,dim. 29/01/2023,17:05,AC Ajaccio,Lyon,0,2,non,E,9.788,/spielbericht/index/spielbericht/3840149,3840149
2022-23,Ligue 1,21,mer. 01/02/2023,21:00,Lyon,Stade Brestois,0,0,non,D,30.837,/spielbericht/index/spielbericht/3840164,3840164
2022-23,Ligue 1,22,sam. 04/02/2023,19:00,Troyes,Lyon,1,3,non,E,10.240,/spielbericht/index/spielbericht/3840178,3840178
2022-23,Coupe de France,Huitièmes de finale,mer. 08/02/2023,18:15,Lyon,LOSC Lille,6,4,oui,D,24.779,/spielbericht/index/spielbericht/4007543,4007543
2022-23,Ligue 1,23,dim. 12/02/2023,20:45,Lyon,RC Lens,2,1,non,D,53.426,/spielbericht/index/spielbericht/3840186,3840186
2022-23,Ligue 1,24,ven. 17/02/2023,21:00,AJ Auxerre,Lyon,2,1,non,E,16.396,/spielbericht/index/spielbericht/3840189,3840189
2022-23,Ligue 1,25,sam. 25/02/2023,17:00,Angers SCO,Lyon,1,3,non,E,12.031,/spielbericht/index/spielbericht/3840201,3840201
2022-23,Coupe de France,Quarts de finale,mar. 28/02/2023,21:10,Lyon,Grenoble,2,1,non,D,34.017,/spielbericht/index/spielbericht/4022487,4022487
2022-23,Ligue 1,26,dim. 05/03/2023,17:05,Lyon,FC Lorient,0,0,non,D,38.568,/spielbericht/index/spielbericht/3840211,3840211
2022-23,Ligue 1,27,ven. 10/03/2023,21:00,LOSC Lille,Lyon,3,3,non,E,40.314,/spielbericht/index/spielbericht/3840226,3840226
2022-23,Ligue 1,28,ven. 17/03/2023,21:00,Lyon,FC Nantes,1,1,non,D,38.880,/spielbericht/index/spielbericht/3840232,3840232
2022-23,Ligue 1,29,dim. 02/04/2023,20:45,PSG,Lyon,0,1,non,E,47.000,/spielbericht/index/spielbericht/3840253,3840253
2022-23,Coupe de France,Demi-finales,mer. 05/04/2023,21:10,FC Nantes,Lyon,1,0,non,E,34.687,/spielbericht/index/spielbericht/4035012,4035012
2022-23,Ligue 1,30,dim. 09/04/2023,13:00,Lyon,Stade Rennais,3,1,non,D,44.671,/spielbericht/index/spielbericht/3840262,3840262
2022-23,Ligue 1,31,ven. 14/04/2023,21:00,Toulouse,Lyon,1,2,non,E,28.302,/spielbericht/index/spielbericht/3840275,3840275
2022-23,Ligue 1,32,dim. 23/04/2023,20:45,Lyon,Marseille,1,2,non,D,57.509,/spielbericht/index/spielbericht/3840283,3840283
2022-23,Ligue 1,33,ven. 28/04/2023,21:00,R. Strasbourg,Lyon,1,2,non,E,25.360,/spielbericht/index/spielbericht/3840291,3840291
2022-23,Ligue 1,34,dim. 07/05/2023,17:05,Lyon,Montpellier,5,4,non,D,49.531,/spielbericht/index/spielbericht/3840411,3840411
2022-23,Ligue 1,35,dim. 14/05/2023,13:00,Clermont Foot,Lyon,2,1,non,E,13.191,/spielbericht/index/spielbericht/3840416,3840416
2022-23,Ligue 1,36,ven. 19/05/2023,21:00,Lyon,Monaco,3,1,non,D,53.980,/spielbericht/index/spielbericht/3840431,3840431
2022-23,Ligue 1,37,sam. 27/05/2023,21:00,Lyon,Stade de Reims,3,0,non,D,56.874,/spielbericht/index/spielbericht/3840439,3840439
2022-23,Ligue 1,38,sam. 03/06/2023,21:00,OGC Nice,Lyon,3,1,non,E,25.243,/spielbericht/index/spielbericht/3840450,3840450
2023-24,Ligue 1,1,dim. 13/08/2023,20:45,R. Strasbourg,Lyon,2,1,non,E,25.410,/spielbericht/index/spielbericht/4094579,4094579
2023-24,Ligue 1,2,sam. 19/08/2023,19:00,Lyon,Montpellier,1,4,non,D,42.576,/spielbericht/index/spielbericht/4094591,4094591
2023-24,Ligue 1,3,dim. 27/08/2023,20:45,OGC Nice,Lyon,0,0,non,E,28.033,/spielbericht/index/spielbericht/4094601,4094601
2023-24,Ligue 1,4,dim. 03/09/2023,20:45,Lyon,PSG,1,4,non,D,51.657,/spielbericht/index/spielbericht/4094608,4094608
2023-24,Ligue 1,5,dim. 17/09/2023,20:45,Lyon,Le Havre AC,0,0,non,D,35.507,/spielbericht/index/spielbericht/4094619,4094619
2023-24,Ligue 1,6,sam. 23/09/2023,21:00,Stade Brestois,Lyon,1,0,non,E,14.636,/spielbericht/index/spielbericht/4094631,4094631
2023-24,Ligue 1,7,dim. 01/10/2023,13:00,Stade de Reims,Lyon,2,0,non,E,16.477,/spielbericht/index/spielbericht/4094639,4094639
2023-24,Ligue 1,8,dim. 08/10/2023,15:00,Lyon,FC Lorient,3,3,non,D,43.100,/spielbericht/index/spielbericht/4094644,4094644
2023-24,Ligue 1,9,dim. 22/10/2023,20:45,Lyon,Clermont Foot,1,2,non,D,43.999,/spielbericht/index/spielbericht/4094655,4094655
2023-24,Ligue 1,11,dim. 05/11/2023,13:00,Lyon,FC Metz,1,1,non,D,42.040,/spielbericht/index/spielbericht/4094674,4094674
2023-24,Ligue 1,12,dim. 12/11/2023,17:05,Stade Rennais,Lyon,0,1,non,E,28.441,/spielbericht/index/spielbericht/4094677,4094677
2023-24,Ligue 1,13,dim. 26/11/2023,20:45,Lyon,LOSC Lille,0,2,non,D,40.029,/spielbericht/index/spielbericht/4094690,4094690
2023-24,Ligue 1,14,sam. 02/12/2023,17:00,RC Lens,Lyon,3,2,non,E,38.130,/spielbericht/index/spielbericht/4094700,4094700
2023-24,Ligue 1,10,mer. 06/12/2023,21:00,Marseille,Lyon,3,0,non,E,X,/spielbericht/index/spielbericht/4094660,4094660
2023-24,Ligue 1,15,dim. 10/12/2023,17:05,Lyon,Toulouse,3,0,non,D,36.777,/spielbericht/index/spielbericht/4094708,4094708
2023-24,Ligue 1,16,ven. 15/12/2023,21:00,Monaco,Lyon,0,1,non,E,5.324,/spielbericht/index/spielbericht/4094716,4094716
2023-24,Ligue 1,17,mer. 20/12/2023,21:00,Lyon,FC Nantes,1,0,non,D,40.028,/spielbericht/index/spielbericht/4094725,4094725
2023-24,Coupe de France,5e tour,dim. 07/01/2024,14:30,CA Pontarlier,Lyon,0,3,non,E,10.215,/spielbericht/index/spielbericht/4240667,4240667
2023-24,Ligue 1,18,dim. 14/01/2024,17:05,Le Havre AC,Lyon,3,1,non,E,23.146,/spielbericht/index/spielbericht/4094737,4094737
2023-24,Coupe de France,6e tour,ven. 19/01/2024,20:45,Bergerac,Lyon,1,2,non,E,9.000,/spielbericht/index/spielbericht/4259227,4259227
2023-24,Ligue 1,19,ven. 26/01/2024,21:00,Lyon,Stade Rennais,2,3,non,D,40.516,/spielbericht/index/spielbericht/4094744,4094744
2023-24,Ligue 1,20,dim. 04/02/2024,20:45,Lyon,Marseille,1,0,non,D,46.380,/spielbericht/index/spielbericht/4094753,4094753
2023-24,Coupe de France,Huitièmes de finale,mer. 07/02/2024,18:30,Lyon,LOSC Lille,2,1,non,D,29.085,/spielbericht/index/spielbericht/4271194,4271194
2023-24,Ligue 1,21,dim. 11/02/2024,17:05,Montpellier,Lyon,1,2,non,E,15.519,/spielbericht/index/spielbericht/4094766,4094766
2023-24,Ligue 1,22,ven. 16/02/2024,21:00,Lyon,OGC Nice,1,0,non,D,48.033,/spielbericht/index/spielbericht/4094771,4094771
2023-24,Ligue 1,23,ven. 23/02/2024,21:00,FC Metz,Lyon,1,2,non,E,27.560,/spielbericht/index/spielbericht/4094784,4094784
2023-24,Coupe de France,Quarts de finale,mar. 27/02/2024,20:45,Lyon,R. Strasbourg,4,3,oui,D,56.602,/spielbericht/index/spielbericht/4284622,4284622
2023-24,Ligue 1,24,dim. 03/03/2024,20:45,Lyon,RC Lens,0,3,non,D,48.242,/spielbericht/index/spielbericht/4094788,4094788
2023-24,Ligue 1,25,sam. 09/03/2024,17:00,FC Lorient,Lyon,0,2,non,E,16.426,/spielbericht/index/spielbericht/4094797,4094797
2023-24,Ligue 1,26,ven. 15/03/2024,21:00,Toulouse,Lyon,2,3,non,E,28.436,/spielbericht/index/spielbericht/4094804,4094804
2023-24,Ligue 1,27,sam. 30/03/2024,21:00,Lyon,Stade de Reims,1,1,non,D,43.097,/spielbericht/index/spielbericht/4094816,4094816
2023-24,Coupe de France,Demi-finales,mar. 02/04/2024,20:45,Lyon,Valenciennes FC,3,0,non,D,56.719,/spielbericht/index/spielbericht/4306321,4306321
2023-24,Ligue 1,28,dim. 07/04/2024,20:45,FC Nantes,Lyon,1,3,non,E,X,/spielbericht/index/spielbericht/4094827,4094827
2023-24,Ligue 1,29,dim. 14/04/2024,20:45,Lyon,Stade Brestois,4,3,non,D,47.958,/spielbericht/index/spielbericht/4094835,4094835
2023-24,Ligue 1,30,dim. 21/04/2024,21:00,PSG,Lyon,4,1,non,E,47.700,/spielbericht/index/spielbericht/4094839,4094839
2023-24,Ligue 1,31,dim. 28/04/2024,19:00,Lyon,Monaco,3,2,non,D,55.939,/spielbericht/index/spielbericht/4094853,4094853
2023-24,Ligue 1,32,lun. 06/05/2024,21:00,LOSC Lille,Lyon,3,4,non,E,45.227,/spielbericht/index/spielbericht/4094859,4094859
2023-24,Ligue 1,33,dim. 12/05/2024,21:00,Clermont Foot,Lyon,0,1,non,E,10.603,/spielbericht/index/spielbericht/4094871,4094871
2023-24,Ligue 1,34,dim. 19/05/2024,21:00,Lyon,R. Strasbourg,2,1,non,D,57.027,/spielbericht/index/spielbericht/4094879,4094879
2023-24,Coupe de France,Finale,sam. 25/05/2024,21:00,Lyon,PSG,1,2,non,D,46.577,/spielbericht/index/spielbericht/4323552,4323552
2024-25,Ligue 1,1,dim. 18/08/2024,20:45,Stade Rennais,Lyon,3,0,non,E,26.026,/spielbericht/index/spielbericht/4363751,4363751
2024-25,Ligue 1,2,sam. 24/08/2024,17:00,Lyon,Monaco,0,2,non,D,54.392,/spielbericht/index/spielbericht/4363759,4363759
2024-25,Ligue 1,3,ven. 30/08/2024,20:45,Lyon,R. Strasbourg,4,3,non,D,43.805,/spielbericht/index/spielbericht/4363762,4363762
2024-25,Ligue 1,4,dim. 15/09/2024,20:45,RC Lens,Lyon,0,0,non,E,38.116,/spielbericht/index/spielbericht/4363772,4363772
2024-25,Ligue 1,5,dim. 22/09/2024,20:45,Lyon,Marseille,2,3,non,D,53.228,/spielbericht/index/spielbericht/4363779,4363779
2024-25,UEFA Europa League,Phase de groupe,jeu. 26/09/2024,21:00,Lyon,Olympiakos,2,0,non,D,24.412,/spielbericht/index/spielbericht/4445401,4445401
2024-25,Ligue 1,6,dim. 29/09/2024,15:00,Toulouse,Lyon,1,2,non,E,30.026,/spielbericht/index/spielbericht/4363794,4363794
2024-25,UEFA Europa League,Phase de groupe,jeu. 03/10/2024,21:00,Glasgow Rangers,Lyon,1,4,non,E,41.981,/spielbericht/index/spielbericht/4445356,4445356
2024-25,Ligue 1,7,dim. 06/10/2024,15:00,Lyon,FC Nantes,2,0,non,D,51.888,/spielbericht/index/spielbericht/4363797,4363797
2024-25,Ligue 1,8,dim. 20/10/2024,15:00,Le Havre AC,Lyon,0,4,non,E,22.490,/spielbericht/index/spielbericht/4363808,4363808
2024-25,UEFA Europa League,Phase de groupe,jeu. 24/10/2024,21:00,Lyon,Besiktas,0,1,non,D,27.350,/spielbericht/index/spielbericht/4445402,4445402
2024-25,Ligue 1,9,dim. 27/10/2024,15:00,Lyon,AJ Auxerre,2,2,non,D,54.868,/spielbericht/index/spielbericht/4363818,4363818
2024-25,Ligue 1,10,ven. 01/11/2024,21:00,LOSC Lille,Lyon,1,1,non,E,45.084,/spielbericht/index/spielbericht/4363829,4363829
2024-25,UEFA Europa League,Phase de groupe,jeu. 07/11/2024,21:00,Hoffenheim,Lyon,2,2,non,E,18.227,/spielbericht/index/spielbericht/4445417,4445417
2024-25,Ligue 1,11,dim. 10/11/2024,20:45,Lyon,Saint-Étienne,1,0,non,D,58.082,/spielbericht/index/spielbericht/4363834,4363834
2024-25,Ligue 1,12,sam. 23/11/2024,21:00,Stade de Reims,Lyon,1,1,non,E,18.274,/spielbericht/index/spielbericht/4363850,4363850
2024-25,UEFA Europa League,Phase de groupe,jeu. 28/11/2024,18:45,Qarabağ,Lyon,1,4,non,E,22.563,/spielbericht/index/spielbericht/4445452,4445452
2024-25,Ligue 1,13,dim. 01/12/2024,17:00,Lyon,OGC Nice,4,1,non,D,50.977,/spielbericht/index/spielbericht/4363859,4363859
2024-25,Ligue 1,14,sam. 07/12/2024,21:00,Angers SCO,Lyon,0,3,non,E,16.301,/spielbericht/index/spielbericht/4363863,4363863
2024-25,UEFA Europa League,Phase de groupe,jeu. 12/12/2024,21:00,Lyon,Francfort,3,2,non,D,41.091,/spielbericht/index/spielbericht/4445399,4445399
2024-25,Ligue 1,15,dim. 15/12/2024,20:45,PSG,Lyon,3,1,non,E,47.926,/spielbericht/index/spielbericht/4363877,4363877
2024-25,Coupe de France,5e tour,sam. 21/12/2024,18:00,EFAFC,Lyon,1,2,non,E,10.219,/spielbericht/index/spielbericht/4502430,4502430
2024-25,Ligue 1,16,sam. 04/01/2025,21:00,Lyon,Montpellier,1,0,non,D,48.162,/spielbericht/index/spielbericht/4363879,4363879
2024-25,Ligue 1,17,sam. 11/01/2025,17:00,Stade Brestois,Lyon,2,1,non,E,14.735,/spielbericht/index/spielbericht/4363893,4363893
2024-25,Coupe de France,6e tour,mer. 15/01/2025,18:00,Bourgoin-Jall.,Lyon,6,4,oui,E,6.359,/spielbericht/index/spielbericht/4515308,4515308
2024-25,Ligue 1,18,sam. 18/01/2025,21:05,Lyon,Toulouse,0,0,non,D,42.750,/spielbericht/index/spielbericht/4363899,4363899
2024-25,UEFA Europa League,Phase de groupe,jeu. 23/01/2025,18:45,Fenerbahçe,Lyon,0,0,non,E,36.722,/spielbericht/index/spielbericht/4445405,4445405
2024-25,Ligue 1,19,dim. 26/01/2025,17:15,FC Nantes,Lyon,1,1,non,E,32.690,/spielbericht/index/spielbericht/4363906,4363906
2024-25,UEFA Europa League,Phase de groupe,jeu. 30/01/2025,21:00,Lyon,Ludogorets,1,1,non,D,35.448,/spielbericht/index/spielbericht/4445400,4445400
2024-25,Ligue 1,20,dim. 02/02/2025,20:45,Marseille,Lyon,3,2,non,E,66.096,/spielbericht/index/spielbericht/4363914,4363914
2024-25,Ligue 1,21,dim. 09/02/2025,15:00,Lyon,Stade de Reims,4,0,non,D,43.489,/spielbericht/index/spielbericht/4363929,4363929
2024-25,Ligue 1,22,dim. 16/02/2025,15:00,Montpellier,Lyon,1,4,non,E,16.573,/spielbericht/index/spielbericht/4363934,4363934
2024-25,Ligue 1,23,dim. 23/02/2025,20:45,Lyon,PSG,2,3,non,D,57.777,/spielbericht/index/spielbericht/4363949,4363949
2024-25,Ligue 1,24,dim. 02/03/2025,15:00,Lyon,Stade Brestois,2,1,non,D,47.804,/spielbericht/index/spielbericht/4363952,4363952
2024-25,UEFA Europa League,Huitièmes de finale,jeu. 06/03/2025,18:45,FCSB,Lyon,1,3,non,E,53.028,/spielbericht/index/spielbericht/4547688,4547688
2024-25,Ligue 1,25,dim. 09/03/2025,20:45,OGC Nice,Lyon,0,2,non,E,23.840,/spielbericht/index/spielbericht/4363963,4363963
2024-25,UEFA Europa League,Huitièmes de finale,jeu. 13/03/2025,21:00,Lyon,FCSB,4,0,non,D,37.322,/spielbericht/index/spielbericht/4547696,4547696
2024-25,Ligue 1,26,dim. 16/03/2025,15:00,Lyon,Le Havre AC,4,2,non,D,39.991,/spielbericht/index/spielbericht/4363972,4363972
2024-25,Ligue 1,27,ven. 28/03/2025,20:45,R. Strasbourg,Lyon,4,2,non,E,19.496,/spielbericht/index/spielbericht/4363980,4363980
2024-25,Ligue 1,28,sam. 05/04/2025,21:05,Lyon,LOSC Lille,2,1,non,D,53.771,/spielbericht/index/spielbericht/4363990,4363990
2024-25,UEFA Europa League,Quarts de finale,jeu. 10/04/2025,21:00,Lyon,Manchester Utd.,2,2,non,D,58.018,/spielbericht/index/spielbericht/4547798,4547798
2024-25,Ligue 1,29,dim. 13/04/2025,20:45,AJ Auxerre,Lyon,1,3,non,E,17.511,/spielbericht/index/spielbericht/4363997,4363997
2024-25,UEFA Europa League,Quarts de finale,jeu. 17/04/2025,21:00,Manchester Utd.,Lyon,5,4,non,E,73.228,/spielbericht/index/spielbericht/4547802,4547802
2024-25,Ligue 1,30,dim. 20/04/2025,20:45,Saint-Étienne,Lyon,2,1,non,E,40.372,/spielbericht/index/spielbericht/4364004,4364004
2024-25,Ligue 1,31,sam. 26/04/2025,21:05,Lyon,Stade Rennais,4,1,non,D,51.034,/spielbericht/index/spielbericht/4364021,4364021
2024-25,Ligue 1,32,dim. 04/05/2025,17:15,Lyon,RC Lens,1,2,non,D,52.020,/spielbericht/index/spielbericht/4364022,4364022
2024-25,Ligue 1,33,sam. 10/05/2025,21:00,Monaco,Lyon,2,0,non,E,13.578,/spielbericht/index/spielbericht/4364039,4364039
2024-25,Ligue 1,34,sam. 17/05/2025,21:00,Lyon,Angers SCO,2,0,non,D,56.517,/spielbericht/index/spielbericht/4364041,4364041
2025-26,Ligue 1,1,sam. 16/08/2025,17:00,RC Lens,Lyon,0,1,non,E,38.137,/spielbericht/index/spielbericht/4635007,4635007
2025-26,Ligue 1,2,sam. 23/08/2025,21:05,Lyon,FC Metz,3,0,non,D,49.853,/spielbericht/index/spielbericht/4635021,4635021
2025-26,Ligue 1,3,dim. 31/08/2025,20:45,Lyon,Marseille,1,0,non,D,52.095,/spielbericht/index/spielbericht/4635032,4635032
2025-26,Ligue 1,4,dim. 14/09/2025,20:45,Stade Rennais,Lyon,3,1,non,E,27.392,/spielbericht/index/spielbericht/4635041,4635041
2025-26,Ligue 1,5,ven. 19/09/2025,20:45,Lyon,Angers SCO,1,0,non,D,44.437,/spielbericht/index/spielbericht/4635049,4635049
2025-26,UEFA Europa League,Phase de groupe,jeu. 25/09/2025,21:00,FC Utrecht,Lyon,0,1,non,E,22.083,/spielbericht/index/spielbericht/4716044,4716044
2025-26,Ligue 1,6,dim. 28/09/2025,17:15,LOSC Lille,Lyon,0,1,non,E,45.287,/spielbericht/index/spielbericht/4635058,4635058
2025-26,UEFA Europa League,Phase de groupe,jeu. 02/10/2025,21:00,Lyon,RB Salzbourg,2,0,non,D,31.767,/spielbericht/index/spielbericht/4715963,4715963
2025-26,Ligue 1,7,dim. 05/10/2025,15:00,Lyon,Toulouse,1,2,non,D,51.414,/spielbericht/index/spielbericht/4635062,4635062
2025-26,Ligue 1,8,sam. 18/10/2025,17:00,OGC Nice,Lyon,3,2,non,E,24.122,/spielbericht/index/spielbericht/4635070,4635070
2025-26,UEFA Europa League,Phase de groupe,jeu. 23/10/2025,18:45,Lyon,FC Bâle,2,0,non,D,35.586,/spielbericht/index/spielbericht/4715965,4715965
2025-26,Ligue 1,9,dim. 26/10/2025,20:45,Lyon,R. Strasbourg,2,1,non,D,49.058,/spielbericht/index/spielbericht/4635078,4635078
2025-26,Ligue 1,10,mer. 29/10/2025,21:05,Paris FC,Lyon,3,3,non,E,18.445,/spielbericht/index/spielbericht/4635091,4635091
2025-26,Ligue 1,11,dim. 02/11/2025,20:45,Stade Brestois,Lyon,0,0,non,E,14.534,/spielbericht/index/spielbericht/4635101,4635101
2025-26,UEFA Europa League,Phase de groupe,jeu. 06/11/2025,21:00,Real Betis,Lyon,2,0,non,E,55.836,/spielbericht/index/spielbericht/4715940,4715940
2025-26,Ligue 1,12,dim. 09/11/2025,20:45,Lyon,PSG,2,3,non,D,58.257,/spielbericht/index/spielbericht/4635106,4635106
2025-26,Ligue 1,13,dim. 23/11/2025,15:00,AJ Auxerre,Lyon,0,0,non,E,17.359,/spielbericht/index/spielbericht/4635120,4635120
2025-26,UEFA Europa League,Phase de groupe,jeu. 27/11/2025,21:00,M. Tel Aviv,Lyon,0,6,non,E,320,/spielbericht/index/spielbericht/4715984,4715984
2025-26,Ligue 1,14,dim. 30/11/2025,20:45,Lyon,FC Nantes,3,0,non,D,46.449,/spielbericht/index/spielbericht/4635123,4635123
2025-26,Ligue 1,15,dim. 07/12/2025,20:45,FC Lorient,Lyon,1,0,non,E,16.213,/spielbericht/index/spielbericht/4635138,4635138
2025-26,UEFA Europa League,Phase de groupe,jeu. 11/12/2025,21:00,Lyon,Go Ahead Eagles,2,1,non,D,26.403,/spielbericht/index/spielbericht/4715966,4715966
2025-26,Ligue 1,16,dim. 14/12/2025,15:00,Lyon,Le Havre AC,1,0,non,D,42.168,/spielbericht/index/spielbericht/4635145,4635145
2025-26,Coupe de France,5e tour,dim. 21/12/2025,21:00,Lyon,St-Cyr Coll.,3,0,non,D,28.607,/spielbericht/index/spielbericht/4778381,4778381
2025-26,Ligue 1,17,sam. 03/01/2026,17:00,Monaco,Lyon,1,3,non,E,11.828,/spielbericht/index/spielbericht/4635152,4635152
2025-26,Coupe de France,Seizièmes de finale,dim. 11/01/2026,21:00,LOSC Lille,Lyon,1,2,non,E,20.333,/spielbericht/index/spielbericht/4788533,4788533
2025-26,Ligue 1,18,dim. 18/01/2026,20:45,Lyon,Stade Brestois,2,1,non,D,46.046,/spielbericht/index/spielbericht/4635161,4635161
2025-26,UEFA Europa League,Phase de groupe,jeu. 22/01/2026,18:45,BSC Young Boys,Lyon,0,1,non,E,22.746,/spielbericht/index/spielbericht/4715988,4715988
2025-26,Ligue 1,19,dim. 25/01/2026,17:15,FC Metz,Lyon,2,5,non,E,28.244,/spielbericht/index/spielbericht/4635173,4635173
2025-26,UEFA Europa League,Phase de groupe,jeu. 29/01/2026,21:00,Lyon,PAOK Saloniki,4,2,non,D,26.149,/spielbericht/index/spielbericht/4715964,4715964
2025-26,Ligue 1,20,dim. 01/02/2026,15:00,Lyon,LOSC Lille,1,0,non,D,56.150,/spielbericht/index/spielbericht/4635178,4635178
2025-26,Coupe de France,Huitièmes de finale,mer. 04/02/2026,20:30,Lyon,Stade Lavallois,2,0,non,D,24.678,/spielbericht/index/spielbericht/4803951,4803951
2025-26,Ligue 1,21,sam. 07/02/2026,21:05,FC Nantes,Lyon,0,1,non,E,30.849,/spielbericht/index/spielbericht/4635191,4635191
2025-26,Ligue 1,22,dim. 15/02/2026,20:45,Lyon,OGC Nice,2,0,non,D,48.618,/spielbericht/index/spielbericht/4635195,4635195
2025-26,Ligue 1,23,dim. 22/02/2026,20:45,R. Strasbourg,Lyon,3,1,non,E,29.000,/spielbericht/index/spielbericht/4635204,4635204
2025-26,Ligue 1,24,dim. 01/03/2026,20:45,Marseille,Lyon,3,2,non,E,66.225,/spielbericht/index/spielbericht/4635221,4635221
2025-26,Coupe de France,Quarts de finale,jeu. 05/03/2026,21:10,Lyon,RC Lens,6,7,oui,D,47.879,/spielbericht/index/spielbericht/4818818,4818818
2025-26,Ligue 1,25,dim. 08/03/2026,20:45,Lyon,Paris FC,1,1,non,D,42.148,/spielbericht/index/spielbericht/4635225,4635225
2025-26,UEFA Europa League,Huitièmes de finale,jeu. 12/03/2026,21:00,Celta de Vigo,Lyon,1,1,non,E,21.673,/spielbericht/index/spielbericht/4805907,4805907
2025-26,Ligue 1,26,dim. 15/03/2026,17:15,Le Havre AC,Lyon,0,0,non,E,22.264,/spielbericht/index/spielbericht/4635233,4635233
2025-26,UEFA Europa League,Huitièmes de finale,jeu. 19/03/2026,18:45,Lyon,Celta de Vigo,0,2,non,D,41.764,/spielbericht/index/spielbericht/4805915,4805915
2025-26,Ligue 1,27,dim. 22/03/2026,15:00,Lyon,Monaco,1,2,non,D,56.039,/spielbericht/index/spielbericht/4635240,4635240
2025-26,Ligue 1,28,dim. 05/04/2026,15:00,Angers SCO,Lyon,0,0,non,E,14.674,/spielbericht/index/spielbericht/4635251,4635251
2025-26,Ligue 1,29,dim. 12/04/2026,20:45,Lyon,FC Lorient,2,0,non,D,43.551,/spielbericht/index/spielbericht/4635259,4635259
2025-26,Ligue 1,30,dim. 19/04/2026,20:45,PSG,Lyon,1,2,non,E,47.926,/spielbericht/index/spielbericht/4635275,4635275
2025-26,Ligue 1,31,sam. 25/04/2026,15:00,Lyon,AJ Auxerre,3,2,non,D,51.440,/spielbericht/index/spielbericht/4635281,4635281
2025-26,Ligue 1,32,dim. 03/05/2026,20:45,Lyon,Stade Rennais,4,2,non,D,51.460,/spielbericht/index/spielbericht/4635290,4635290
2025-26,Ligue 1,33,dim. 10/05/2026,21:00,Toulouse,Lyon,2,1,non,E,26.683,/spielbericht/index/spielbericht/4635296,4635296
2025-26,Ligue 1,34,dim. 17/05/2026,21:00,Lyon,RC Lens,0,4,non,D,58.227,/spielbericht/index/spielbericht/4635311,4635311
