kind,name,local_path,image_url,commons_title,licence,author,file_page,verdict
player,Michel Bastos,public/images/players/michel-bastos.png,http://commons.wikimedia.org/wiki/Special:FilePath/Michel%20Bastos.jpg,File:Michel Bastos.jpg,CC BY 2.0,Ronnie Macdonald,https://commons.wikimedia.org/wiki/File:Michel_Bastos.jpg,libre
player,Steve Marlet,public/images/players/steve-marlet.png,http://commons.wikimedia.org/wiki/Special:FilePath/Steve%20Marlet%202024.jpg,File:Steve Marlet 2024.jpg,CC BY 4.0,Chris93,https://commons.wikimedia.org/wiki/File:Steve_Marlet_2024.jpg,libre
player,Jérémy Pied,public/images/players/jeremy-pied.png,http://commons.wikimedia.org/wiki/Special:FilePath/RC%20Lens%20-%20Lille%20OSC%20%2817-09-2021%29%2026.jpg,File:RC Lens - Lille OSC (17-09-2021) 26.jpg,CC0,Supporterhéninois,https://commons.wikimedia.org/wiki/File:RC_Lens_-_Lille_OSC_(17-09-2021)_26.jpg,libre
player,Kader Keïta,public/images/players/kader-keita.png,http://commons.wikimedia.org/wiki/Special:FilePath/Abdul%20Kader%20Keita%202011%20%281%29.jpg,File:Abdul Kader Keita 2011 (1).jpg,CC BY 2.0,Doha Stadium Plus Qatar,https://commons.wikimedia.org/wiki/File:Abdul_Kader_Keita_2011_(1).jpg,libre
player,Grégory Coupet,public/images/players/gregory-coupet.png,http://commons.wikimedia.org/wiki/Special:FilePath/Gr%C3%A9gory%20Coupet.jpg,File:Grégory Coupet.jpg,CC BY 2.0,psgmag.net,https://commons.wikimedia.org/wiki/File:Gr%C3%A9gory_Coupet.jpg,libre
player,Rémy Vercoutre,public/images/players/remy-vercoutre.png,http://commons.wikimedia.org/wiki/Special:FilePath/SM%20Caen%20vs%20UNFP%2C%20July%2030th%202016%20-%20R%C3%A9my%20Vercoutre%201.jpg,"File:SM Caen vs UNFP, July 30th 2016 - Rémy Vercoutre 1.jpg",CC BY-SA 4.0,S. Plaine,"https://commons.wikimedia.org/wiki/File:SM_Caen_vs_UNFP,_July_30th_2016_-_R%C3%A9my_Vercoutre_1.jpg",libre
player,Hugo Lloris,public/images/players/hugo-lloris.png,http://commons.wikimedia.org/wiki/Special:FilePath/Lloris%202018%20%28cropped%29.jpg,File:Lloris 2018 (cropped).jpg,CC BY-SA 3.0,Кирилл Венедиктов,https://commons.wikimedia.org/wiki/File:Lloris_2018_(cropped).jpg,libre
player,Anthony Lopes,public/images/players/anthony-lopes.png,http://commons.wikimedia.org/wiki/Special:FilePath/20191002%20Fu%C3%9Fball%2C%20M%C3%A4nner%2C%20UEFA%20Champions%20League%2C%20RB%20Leipzig%20-%20Olympique%20Lyonnais%20by%20Stepro%20StP%200103.jpg,"File:20191002 Fußball, Männer, UEFA Champions League, RB Leipzig - Olympique Lyonnais by Stepro StP 0103.jpg",CC BY-SA 4.0,Steffen Prößdorf,"https://commons.wikimedia.org/wiki/File:20191002_Fu%C3%9Fball,_M%C3%A4nner,_UEFA_Champions_League,_RB_Leipzig_-_Olympique_Lyonnais_by_Stepro_StP_0103.jpg",libre
player,Rémy Riou,public/images/players/remy-riou.png,http://commons.wikimedia.org/wiki/Special:FilePath/R%C3%A9my%20Riou.JPG,File:Rémy Riou.JPG,CC BY-SA 3.0,GuillaumeG,https://commons.wikimedia.org/wiki/File:R%C3%A9my_Riou.JPG,libre
player,Mathieu Gorgelin,public/images/players/mathieu-gorgelin.png,http://commons.wikimedia.org/wiki/Special:FilePath/2013-03-03%20Match%20Brest-OL%20-%20Gorgelin.JPG,File:2013-03-03 Match Brest-OL - Gorgelin.JPG,CC BY-SA 3.0,Jejecam,https://commons.wikimedia.org/wiki/File:2013-03-03_Match_Brest-OL_-_Gorgelin.JPG,libre
player,Lucas Perri,public/images/players/lucas-perri.png,http://commons.wikimedia.org/wiki/Special:FilePath/Lucas%20Perri.jpg,File:Lucas Perri.jpg,CC BY-SA 2.0,Agencia de Noticias ANDES,https://commons.wikimedia.org/wiki/File:Lucas_Perri.jpg,libre
player,Rémy Descamps,public/images/players/remy-descamps.png,http://commons.wikimedia.org/wiki/Special:FilePath/Descamps%20asse%20ol%202425.png,File:Descamps asse ol 2425.png,CC0,Paté kroute,https://commons.wikimedia.org/wiki/File:Descamps_asse_ol_2425.png,libre
player,Dominik Greif,public/images/players/dominik-greif.png,http://commons.wikimedia.org/wiki/Special:FilePath/Zen-Slovan%20%281%29.jpg,File:Zen-Slovan (1).jpg,CC BY-SA 3.0,Вячеслав Евдокимов,https://commons.wikimedia.org/wiki/File:Zen-Slovan_(1).jpg,libre
player,Anthony Réveillère,public/images/players/anthony-reveillere.png,http://commons.wikimedia.org/wiki/Special:FilePath/Anthony%20R%C3%A9veill%C3%A8re%20Euro%202012%20vs%20Spain%20cropped.jpg,File:Anthony Réveillère Euro 2012 vs Spain cropped.jpg,CC BY-SA 3.0,Anthony_Réveillère_Euro_2012_vs_Spain.jpg : Станислав Ведмидь derivative work: Simo82,https://commons.wikimedia.org/wiki/File:Anthony_R%C3%A9veill%C3%A8re_Euro_2012_vs_Spain_cropped.jpg,libre
player,Éric Abidal,public/images/players/eric-abidal.png,http://commons.wikimedia.org/wiki/Special:FilePath/%C3%89ric%20Abidal%20-%20001.jpg,File:Éric Abidal - 001.jpg,Public domain,"Mutari 16:30, 5 March 2008 (UTC)",https://commons.wikimedia.org/wiki/File:%C3%89ric_Abidal_-_001.jpg,libre
player,Cris,public/images/players/cris.png,http://commons.wikimedia.org/wiki/Special:FilePath/Cristiano%20Ronaldo%20Croatia%20v%20Portugal%202%20July%202026-075%20%28cropped%29.jpg,File:Cristiano Ronaldo Croatia v Portugal 2 July 2026-075 (cropped).jpg,CC BY-SA 4.0,Bryan Berlin,https://commons.wikimedia.org/wiki/File:Cristiano_Ronaldo_Croatia_v_Portugal_2_July_2026-075_(cropped).jpg,libre
player,Cláudio Caçapa,public/images/players/claudio-cacapa.png,http://commons.wikimedia.org/wiki/Special:FilePath/Cacapa.jpg,File:Cacapa.jpg,CC BY-SA 2.0,thetelf,https://commons.wikimedia.org/wiki/File:Cacapa.jpg,libre
player,Patrick Müller,public/images/players/patrick-muller.png,http://commons.wikimedia.org/wiki/Special:FilePath/Patrick%20M%C3%BCller%20%28cropped%29.jpg,File:Patrick Müller (cropped).jpg,CC BY-SA 3.0,R. Niemeyer,https://commons.wikimedia.org/wiki/File:Patrick_M%C3%BCller_(cropped).jpg,libre
player,Sébastien Squillaci,public/images/players/sebastien-squillaci.png,http://commons.wikimedia.org/wiki/Special:FilePath/Sebastien%20Squillaci%20Arsenal%20vs%20Birmingham%202010-11.jpg,File:Sebastien Squillaci Arsenal vs Birmingham 2010-11.jpg,CC BY 2.0,Ronnie Macdonald,https://commons.wikimedia.org/wiki/File:Sebastien_Squillaci_Arsenal_vs_Birmingham_2010-11.jpg,libre
player,Jean-Alain Boumsong,public/images/players/jean-alain-boumsong.png,http://commons.wikimedia.org/wiki/Special:FilePath/Jean-Alain%20Boumsong%20%28novembre%202013%29.JPG,File:Jean-Alain Boumsong (novembre 2013).JPG,CC0,Benoît Prieur,https://commons.wikimedia.org/wiki/File:Jean-Alain_Boumsong_(novembre_2013).JPG,libre
player,Fabio Grosso,public/images/players/fabio-grosso.png,http://commons.wikimedia.org/wiki/Special:FilePath/Fabio%20Grosso%20-%20Frosinone%20Calcio%20-%20DSC%202731%20AF%20%28cropped%29.jpg,File:Fabio Grosso - Frosinone Calcio - DSC 2731 AF (cropped).jpg,CC BY-SA 4.0,Original: Antonio Fraioli Derivative work: Lorenzo De Leonardis2,https://commons.wikimedia.org/wiki/File:Fabio_Grosso_-_Frosinone_Calcio_-_DSC_2731_AF_(cropped).jpg,libre
player,Fábio Santos,public/images/players/fabio-santos.png,http://commons.wikimedia.org/wiki/Special:FilePath/F%C3%A1bio%20Santos%20vs%20Chelsea%202012%20FIFA%20Club%20World%20Cup%20%28cropped%29.jpg,File:Fábio Santos vs Chelsea 2012 FIFA Club World Cup (cropped).jpg,CC BY-SA 2.0,Christopher Johnson,https://commons.wikimedia.org/wiki/File:F%C3%A1bio_Santos_vs_Chelsea_2012_FIFA_Club_World_Cup_(cropped).jpg,libre
player,Aly Cissokho,public/images/players/aly-cissokho.png,http://commons.wikimedia.org/wiki/Special:FilePath/Aly%20Cissokho.jpg,File:Aly Cissokho.jpg,CC BY-SA 2.0,Alejandro Ramos,https://commons.wikimedia.org/wiki/File:Aly_Cissokho.jpg,libre
player,Dejan Lovren,public/images/players/dejan-lovren.png,http://commons.wikimedia.org/wiki/Special:FilePath/Lovren%20in%20Zenit%20%28cropped%29.jpg,File:Lovren in Zenit (cropped).jpg,CC BY-SA 3.0,Vyacheslav Yevdokimov,https://commons.wikimedia.org/wiki/File:Lovren_in_Zenit_(cropped).jpg,libre
player,Samuel Umtiti,public/images/players/samuel-umtiti.png,http://commons.wikimedia.org/wiki/Special:FilePath/Samuel%20Umtiti%202018.jpg,File:Samuel Umtiti 2018.jpg,CC BY-SA 3.0,Антон Зайцев,https://commons.wikimedia.org/wiki/File:Samuel_Umtiti_2018.jpg,libre
player,Mapou Yanga-Mbiwa,public/images/players/mapou-yanga-mbiwa.png,http://commons.wikimedia.org/wiki/Special:FilePath/Mapou%20YANGA-MBIWA.JPG,File:Mapou YANGA-MBIWA.JPG,CC BY-SA 3.0,34 super héros,https://commons.wikimedia.org/wiki/File:Mapou_YANGA-MBIWA.JPG,libre
player,Jason Denayer,public/images/players/jason-denayer.png,http://commons.wikimedia.org/wiki/Special:FilePath/Jason%20Denayer%202019.jpg,File:Jason Denayer 2019.jpg,CC BY-SA 3.0,Кирилл Венедиктов,https://commons.wikimedia.org/wiki/File:Jason_Denayer_2019.jpg,libre
player,Marcelo,public/images/players/marcelo.png,http://commons.wikimedia.org/wiki/Special:FilePath/20180610%20FIFA%20Friendly%20Match%20Austria%20vs.%20Brazil%20Marcelo%20850%201622.jpg,File:20180610 FIFA Friendly Match Austria vs. Brazil Marcelo 850 1622.jpg,CC BY-SA 4.0,Granada,https://commons.wikimedia.org/wiki/File:20180610_FIFA_Friendly_Match_Austria_vs._Brazil_Marcelo_850_1622.jpg,libre
player,Léo Dubois,public/images/players/leo-dubois.png,http://commons.wikimedia.org/wiki/Special:FilePath/FBBP01%20-%20FCN%20-%2020151028%20-%20Coupe%20de%20la%20Ligue%20-%20L%C3%A9o%20Dubois%201.jpg,File:FBBP01 - FCN - 20151028 - Coupe de la Ligue - Léo Dubois 1.jpg,CC BY-SA 3.0,Clément Bucco-Lechat,https://commons.wikimedia.org/wiki/File:FBBP01_-_FCN_-_20151028_-_Coupe_de_la_Ligue_-_L%C3%A9o_Dubois_1.jpg,libre
player,Kenny Tete,public/images/players/kenny-tete.png,http://commons.wikimedia.org/wiki/Special:FilePath/20191002%20Fu%C3%9Fball%2C%20M%C3%A4nner%2C%20UEFA%20Champions%20League%2C%20RB%20Leipzig%20-%20Olympique%20Lyonnais%20by%20Stepro%20StP%200018-2%20%28cropped%29.jpg,"File:20191002 Fußball, Männer, UEFA Champions League, RB Leipzig - Olympique Lyonnais by Stepro StP 0018-2 (cropped).jpg",CC BY-SA 4.0,Steffen Prößdorf,"https://commons.wikimedia.org/wiki/File:20191002_Fu%C3%9Fball,_M%C3%A4nner,_UEFA_Champions_League,_RB_Leipzig_-_Olympique_Lyonnais_by_Stepro_StP_0018-2_(cropped).jpg",libre
player,Rafael,public/images/players/rafael.png,http://commons.wikimedia.org/wiki/Special:FilePath/Rafael%20Man%20Utd%202011.jpg,File:Rafael Man Utd 2011.jpg,CC BY 2.0,Andrea Sartorati,https://commons.wikimedia.org/wiki/File:Rafael_Man_Utd_2011.jpg,libre
player,Maxwel Cornet,public/images/players/maxwel-cornet.png,http://commons.wikimedia.org/wiki/Special:FilePath/Cornet%20West%20Ham.jpeg,File:Cornet West Ham.jpeg,CC BY-SA 4.0,Egghead06,https://commons.wikimedia.org/wiki/File:Cornet_West_Ham.jpeg,libre
player,Youssouf Koné,public/images/players/youssouf-kone.png,http://commons.wikimedia.org/wiki/Special:FilePath/20191002%20Fu%C3%9Fball%2C%20M%C3%A4nner%2C%20UEFA%20Champions%20League%2C%20RB%20Leipzig%20-%20Olympique%20Lyonnais%20by%20Stepro%20StP%200328%20%28cropped%29.jpg,"File:20191002 Fußball, Männer, UEFA Champions League, RB Leipzig - Olympique Lyonnais by Stepro StP 0328 (cropped).jpg",CC BY-SA 4.0,Steffen Prößdorf,"https://commons.wikimedia.org/wiki/File:20191002_Fu%C3%9Fball,_M%C3%A4nner,_UEFA_Champions_League,_RB_Leipzig_-_Olympique_Lyonnais_by_Stepro_StP_0328_(cropped).jpg",libre
player,Ferland Mendy,public/images/players/ferland-mendy.png,http://commons.wikimedia.org/wiki/Special:FilePath/Ferland%20Mendy%2C%20June%202019.jpg,"File:Ferland Mendy, June 2019.jpg",CC BY 3.0,Real Madrid,"https://commons.wikimedia.org/wiki/File:Ferland_Mendy,_June_2019.jpg",libre
player,Melvin Bard,public/images/players/melvin-bard.png,http://commons.wikimedia.org/wiki/Special:FilePath/RC%20Lens%20-%20OGC%20Nice%20%2810-04-2022%29%2042.jpg,File:RC Lens - OGC Nice (10-04-2022) 42.jpg,CC0,Supporterhéninois,https://commons.wikimedia.org/wiki/File:RC_Lens_-_OGC_Nice_(10-04-2022)_42.jpg,libre
player,Malo Gusto,public/images/players/malo-gusto.png,http://commons.wikimedia.org/wiki/Special:FilePath/Malo%20Gusto%20France%20v%20Senegal%2016%20June%202026-399.jpg,File:Malo Gusto France v Senegal 16 June 2026-399.jpg,CC BY-SA 4.0,Bryan Berlin,https://commons.wikimedia.org/wiki/File:Malo_Gusto_France_v_Senegal_16_June_2026-399.jpg,libre
player,Nicolás Tagliafico,public/images/players/nicolas-tagliafico.png,http://commons.wikimedia.org/wiki/Special:FilePath/Nicolas%20Tagliafico%20Argentina%20v%20Spain%2019%20July%202026-165.jpg,File:Nicolas Tagliafico Argentina v Spain 19 July 2026-165.jpg,CC BY-SA 4.0,Bryan Berlin,https://commons.wikimedia.org/wiki/File:Nicolas_Tagliafico_Argentina_v_Spain_19_July_2026-165.jpg,libre
player,Duje Ćaleta-Car,public/images/players/duje-caleta-car.png,http://commons.wikimedia.org/wiki/Special:FilePath/Duje%20Caleta-Car%20Croatia%20v%20Portugal%202%20July%202026-019.jpg,File:Duje Caleta-Car Croatia v Portugal 2 July 2026-019.jpg,CC BY-SA 4.0,Bryan Berlin,https://commons.wikimedia.org/wiki/File:Duje_Caleta-Car_Croatia_v_Portugal_2_July_2026-019.jpg,libre
player,Castello Lukeba,public/images/players/castello-lukeba.png,http://commons.wikimedia.org/wiki/Special:FilePath/Castello%20Lukeba%20in%202022.png,File:Castello Lukeba in 2022.png,CC BY-SA 3.0,ESTAC Troyes,https://commons.wikimedia.org/wiki/File:Castello_Lukeba_in_2022.png,libre
player,Moussa Niakhaté,public/images/players/moussa-niakhate.png,http://commons.wikimedia.org/wiki/Special:FilePath/Moussa%20Niakhate%20France%20v%20Senegal%2016%20June%202026-343.jpg,File:Moussa Niakhate France v Senegal 16 June 2026-343.jpg,CC BY-SA 4.0,Bryan Berlin,https://commons.wikimedia.org/wiki/File:Moussa_Niakhate_France_v_Senegal_16_June_2026-343.jpg,libre
player,Clinton Mata,public/images/players/clinton-mata.png,http://commons.wikimedia.org/wiki/Special:FilePath/Mata%20asse%20ol%202425.png,File:Mata asse ol 2425.png,CC0,Paté kroute,https://commons.wikimedia.org/wiki/File:Mata_asse_ol_2425.png,libre
player,Jérémy Berthod,public/images/players/jeremy-berthod.png,http://commons.wikimedia.org/wiki/Special:FilePath/J%C3%A9r%C3%A9my%20Berthod%20%28Ain%20Sud%29%20le%2029%20juin%202022.jpg,File:Jérémy Berthod (Ain Sud) le 29 juin 2022.jpg,CC0,Benoît Prieur,https://commons.wikimedia.org/wiki/File:J%C3%A9r%C3%A9my_Berthod_(Ain_Sud)_le_29_juin_2022.jpg,libre
player,Lamine Diatta,public/images/players/lamine-diatta.png,http://commons.wikimedia.org/wiki/Special:FilePath/Lamine%20Diatta.jpg,File:Lamine Diatta.jpg,CC BY-SA 2.0,manuel on flickr uploaded by latouffedisco,https://commons.wikimedia.org/wiki/File:Lamine_Diatta.jpg,libre
player,François Clerc,public/images/players/francois-clerc.png,http://commons.wikimedia.org/wiki/Special:FilePath/Fran%C3%A7ois%20Clerc%20Asse.JPG,File:François Clerc Asse.JPG,CC BY-SA 3.0,Estelle.Choteau,https://commons.wikimedia.org/wiki/File:Fran%C3%A7ois_Clerc_Asse.JPG,libre
player,Michaël Ciani,public/images/players/michael-ciani.png,http://commons.wikimedia.org/wiki/Special:FilePath/Micha%C3%ABl%20Ciani.jpg,File:Michaël Ciani.jpg,Public domain,Fcgb260,https://commons.wikimedia.org/wiki/File:Micha%C3%ABl_Ciani.jpg,libre
player,Tiago Gomes,public/images/players/tiago-gomes.png,http://commons.wikimedia.org/wiki/Special:FilePath/Tiago%20en%20el%20Ayuntamiento%20de%20Alicante%20en%202010.JPG,File:Tiago en el Ayuntamiento de Alicante en 2010.JPG,CC BY 3.0,Dilema,https://commons.wikimedia.org/wiki/File:Tiago_en_el_Ayuntamiento_de_Alicante_en_2010.JPG,libre
player,Mouctar Diakhaby,public/images/players/mouctar-diakhaby.png,http://commons.wikimedia.org/wiki/Special:FilePath/Mouctar%20Diakhaby%202019.jpg,File:Mouctar Diakhaby 2019.jpg,CC BY-SA 3.0,Дмитрий Пукалик,https://commons.wikimedia.org/wiki/File:Mouctar_Diakhaby_2019.jpg,libre
player,Rachid Ghezzal,public/images/players/rachid-ghezzal.png,http://commons.wikimedia.org/wiki/Special:FilePath/Rachid%20Ghezzal%2020231008%201%20%28cropped%29.jpg,File:Rachid Ghezzal 20231008 1 (cropped).jpg,CC BY 2.0,Beşiktaş JK,https://commons.wikimedia.org/wiki/File:Rachid_Ghezzal_20231008_1_(cropped).jpg,libre
player,Christophe Jallet,public/images/players/christophe-jallet.png,http://commons.wikimedia.org/wiki/Special:FilePath/Christophe%20Jallet%20-%20France%20v%20Armenia.jpg,File:Christophe Jallet - France v Armenia.jpg,CC BY-SA 2.0,Xavier NALTCHAYAN from France,https://commons.wikimedia.org/wiki/File:Christophe_Jallet_-_France_v_Armenia.jpg,libre
player,Vincent Muratori,public/images/players/vincent-muratori.png,http://commons.wikimedia.org/wiki/Special:FilePath/RC%20Lens%20-%20AS%20Nancy-Lorraine%20%2819-01-2019%29%2025.jpg,File:RC Lens - AS Nancy-Lorraine (19-01-2019) 25.jpg,CC0,Supporterhéninois,https://commons.wikimedia.org/wiki/File:RC_Lens_-_AS_Nancy-Lorraine_(19-01-2019)_25.jpg,libre
player,Henri Bedimo,public/images/players/henri-bedimo.png,http://commons.wikimedia.org/wiki/Special:FilePath/Henry%20BEDIMO.JPG,File:Henry BEDIMO.JPG,CC BY-SA 3.0,34 super héros,https://commons.wikimedia.org/wiki/File:Henry_BEDIMO.JPG,libre
player,Milan Baroš,public/images/players/milan-baros.png,http://commons.wikimedia.org/wiki/Special:FilePath/Milan%20Baro%C5%A13%2C%20FCB-SLAVIA%2030092018.jpg,"File:Milan Baroš3, FCB-SLAVIA 30092018.jpg",CC BY-SA 4.0,Tadeáš Bednarz,"https://commons.wikimedia.org/wiki/File:Milan_Baro%C5%A13,_FCB-SLAVIA_30092018.jpg",libre
player,Jérémy Toulalan,public/images/players/jeremy-toulalan.png,http://commons.wikimedia.org/wiki/Special:FilePath/Toulalan3.jpg,File:Toulalan3.jpg,CC BY-SA 3.0,Jarl93,https://commons.wikimedia.org/wiki/File:Toulalan3.jpg,libre
player,Mahamadou Diarra,public/images/players/mahamadou-diarra.png,http://commons.wikimedia.org/wiki/Special:FilePath/Mahamadou%20Diarra.JPG,File:Mahamadou Diarra.JPG,CC BY-SA 3.0,Florian K,https://commons.wikimedia.org/wiki/File:Mahamadou_Diarra.JPG,libre
player,Alou Diarra,public/images/players/alou-diarra.png,http://commons.wikimedia.org/wiki/Special:FilePath/AlouDiarra.JPG,File:AlouDiarra.JPG,CC BY-SA 3.0,Stanislav Vedmid,https://commons.wikimedia.org/wiki/File:AlouDiarra.JPG,libre
player,Michael Essien,public/images/players/michael-essien.png,http://commons.wikimedia.org/wiki/Special:FilePath/Chelsea%20Legends%201%20Inter%20Forever%204%20%2828453496098%29%20%28cropped%29.jpg,File:Chelsea Legends 1 Inter Forever 4 (28453496098) (cropped).jpg,CC BY-SA 2.0,"@cfcunofficial (Chelsea Debs) London from London, UK",https://commons.wikimedia.org/wiki/File:Chelsea_Legends_1_Inter_Forever_4_(28453496098)_(cropped).jpg,libre
player,Juninho Pernambucano,public/images/players/juninho-pernambucano.png,http://commons.wikimedia.org/wiki/Special:FilePath/Juninho%20Pernambucano.JPG,File:Juninho Pernambucano.JPG,CC BY 3.0 br,TV Brasil,https://commons.wikimedia.org/wiki/File:Juninho_Pernambucano.JPG,libre
player,Florent Malouda,public/images/players/florent-malouda.png,http://commons.wikimedia.org/wiki/Special:FilePath/Malouda2012.JPG,File:Malouda2012.JPG,CC BY-SA 3.0,Stanislav Vedmid,https://commons.wikimedia.org/wiki/File:Malouda2012.JPG,libre
player,Sidney Govou,public/images/players/sidney-govou.png,http://commons.wikimedia.org/wiki/Special:FilePath/KL%202018%20%2816%29.jpg,File:KL 2018 (16).jpg,CC BY-SA 3.0,Антон Зайцев,https://commons.wikimedia.org/wiki/File:KL_2018_(16).jpg,libre
player,Kim Källström,public/images/players/kim-kallstrom.png,http://commons.wikimedia.org/wiki/Special:FilePath/Kim%20K%C3%A4llstr%C3%B6m%202012.jpg,File:Kim Källström 2012.jpg,CC BY-SA 3.0,Голубович Дмитрий,https://commons.wikimedia.org/wiki/File:Kim_K%C3%A4llstr%C3%B6m_2012.jpg,libre
player,Fred,public/images/players/fred.png,http://commons.wikimedia.org/wiki/Special:FilePath/Fred%20Silver%20Boot%2C%20Confederations%20Cup%202013.jpg,"File:Fred Silver Boot, Confederations Cup 2013.jpg",CC BY 3.0 br,Tânia Rêgo/ABr,"https://commons.wikimedia.org/wiki/File:Fred_Silver_Boot,_Confederations_Cup_2013.jpg",libre
player,John Carew,public/images/players/john-carew.png,http://commons.wikimedia.org/wiki/Special:FilePath/Carew.jpg,File:Carew.jpg,Public domain,A Mozman 's friend,https://commons.wikimedia.org/wiki/File:Carew.jpg,libre
player,Sylvain Wiltord,public/images/players/sylvain-wiltord.png,http://commons.wikimedia.org/wiki/Special:FilePath/Sylvain%20Wiltord%20Rennes%20081229.jpg,File:Sylvain Wiltord Rennes 081229.jpg,CC BY-SA 3.0,Pymouss44,https://commons.wikimedia.org/wiki/File:Sylvain_Wiltord_Rennes_081229.jpg,libre
player,Sonny Anderson,public/images/players/sonny-anderson.png,http://commons.wikimedia.org/wiki/Special:FilePath/Sonny%20Anderson%20-%20Portrait%202022.jpg,File:Sonny Anderson - Portrait 2022.jpg,CC BY-SA 4.0,Sebleouf,https://commons.wikimedia.org/wiki/File:Sonny_Anderson_-_Portrait_2022.jpg,libre
player,Peguy Luyindula,public/images/players/peguy-luyindula.png,http://commons.wikimedia.org/wiki/Special:FilePath/Peguy%20Luyindula%2020110724%20%28cropped%29.jpg,File:Peguy Luyindula 20110724 (cropped).jpg,CC BY 2.0,PSGMAG.NET,https://commons.wikimedia.org/wiki/File:Peguy_Luyindula_20110724_(cropped).jpg,libre
player,Karim Benzema,public/images/players/karim-benzema.png,http://commons.wikimedia.org/wiki/Special:FilePath/Karim%20Benzema%20Pick.jpg,File:Karim Benzema Pick.jpg,CC BY 4.0,Zack,https://commons.wikimedia.org/wiki/File:Karim_Benzema_Pick.jpg,libre
player,Hatem Ben Arfa,public/images/players/hatem-ben-arfa.png,http://commons.wikimedia.org/wiki/Special:FilePath/Hatem%20Ben%20Arfa%20Cannes%202016%202.jpg,File:Hatem Ben Arfa Cannes 2016 2.jpg,CC BY-SA 3.0,Georges Biard,https://commons.wikimedia.org/wiki/File:Hatem_Ben_Arfa_Cannes_2016_2.jpg,libre
player,Bafétimbi Gomis,public/images/players/bafetimbi-gomis.png,http://commons.wikimedia.org/wiki/Special:FilePath/Gomis%20asse%20ol%202425.png,File:Gomis asse ol 2425.png,CC0,Paté kroute,https://commons.wikimedia.org/wiki/File:Gomis_asse_ol_2425.png,libre
player,Lisandro López,public/images/players/lisandro-lopez.png,http://commons.wikimedia.org/wiki/Special:FilePath/Lopez%20%283%29.JPG,File:Lopez (3).JPG,CC BY-SA 3.0,cropped by Shory (extracted from Jejecam 's image),https://commons.wikimedia.org/wiki/File:Lopez_(3).JPG,libre
player,Yoann Gourcuff,public/images/players/yoann-gourcuff.png,http://commons.wikimedia.org/wiki/Special:FilePath/Stade%20rennais%20vs%20USM%20Alger%2C%20July%2016th%202016%20-%20Yoann%20Gourcuff%201.jpg,"File:Stade rennais vs USM Alger, July 16th 2016 - Yoann Gourcuff 1.jpg",CC BY-SA 4.0,S. Plaine,"https://commons.wikimedia.org/wiki/File:Stade_rennais_vs_USM_Alger,_July_16th_2016_-_Yoann_Gourcuff_1.jpg",libre
player,Maxime Gonalons,public/images/players/maxime-gonalons.png,http://commons.wikimedia.org/wiki/Special:FilePath/Zenit-Lion15%20%283%29.jpg,File:Zenit-Lion15 (3).jpg,CC BY-SA 3.0,Вячеслав Евдокимов,https://commons.wikimedia.org/wiki/File:Zenit-Lion15_(3).jpg,libre
player,Alexandre Lacazette,public/images/players/alexandre-lacazette.png,http://commons.wikimedia.org/wiki/Special:FilePath/Alexandre%20Lacazette%20at%20Baku%20before%202019%20UEFA%20Europe%20League%20Final.jpg,File:Alexandre Lacazette at Baku before 2019 UEFA Europe League Final.jpg,CC BY 4.0,Amir Hosseini,https://commons.wikimedia.org/wiki/File:Alexandre_Lacazette_at_Baku_before_2019_UEFA_Europe_League_Final.jpg,libre
player,Nabil Fekir,public/images/players/nabil-fekir.png,http://commons.wikimedia.org/wiki/Special:FilePath/Fekir%202018%20%28cropped%292.jpg,File:Fekir 2018 (cropped)2.jpg,CC BY-SA 3.0,Кирилл Венедиктов,https://commons.wikimedia.org/wiki/File:Fekir_2018_(cropped)2.jpg,libre
player,Corentin Tolisso,public/images/players/corentin-tolisso.png,http://commons.wikimedia.org/wiki/Special:FilePath/Tolisso%20asse%20ol%202425.png,File:Tolisso asse ol 2425.png,CC0,Paté kroute,https://commons.wikimedia.org/wiki/File:Tolisso_asse_ol_2425.png,libre
player,Jordan Ferri,public/images/players/jordan-ferri.png,http://commons.wikimedia.org/wiki/Special:FilePath/Jordan%20Ferri%202019.png,File:Jordan Ferri 2019.png,CC BY 3.0,MHSC TV - Montpellier Hérault Sport Club,https://commons.wikimedia.org/wiki/File:Jordan_Ferri_2019.png,libre
player,Mathieu Valbuena,public/images/players/mathieu-valbuena.png,http://commons.wikimedia.org/wiki/Special:FilePath/Mathieu%20Valbuena%202019.jpg,File:Mathieu Valbuena 2019.jpg,CC BY-SA 3.0,Дмитрий Пукалик,https://commons.wikimedia.org/wiki/File:Mathieu_Valbuena_2019.jpg,libre
player,Tanguy Ndombele,public/images/players/tanguy-ndombele.png,http://commons.wikimedia.org/wiki/Special:FilePath/Tanguy%20Ndombele%202024.png,File:Tanguy Ndombele 2024.png,CC BY 3.0,MHSC TV - Montpellier Hérault Sport Club,https://commons.wikimedia.org/wiki/File:Tanguy_Ndombele_2024.png,libre
player,Houssem Aouar,public/images/players/houssem-aouar.png,http://commons.wikimedia.org/wiki/Special:FilePath/Houssem%20Aouar%202017.jpg,File:Houssem Aouar 2017.jpg,CC BY 2.0,Laura Jonin,https://commons.wikimedia.org/wiki/File:Houssem_Aouar_2017.jpg,libre
player,Bertrand Traoré,public/images/players/bertrand-traore.png,http://commons.wikimedia.org/wiki/Special:FilePath/Rostov-Ajax%20%285%29.jpg,File:Rostov-Ajax (5).jpg,CC BY-SA 3.0,Светлана Бекетова,https://commons.wikimedia.org/wiki/File:Rostov-Ajax_(5).jpg,libre
player,Memphis Depay,public/images/players/memphis-depay.png,http://commons.wikimedia.org/wiki/Special:FilePath/Memphis%20Depay%202019.jpg,File:Memphis Depay 2019.jpg,CC BY-SA 4.0,Derivative work: Joe Sins,https://commons.wikimedia.org/wiki/File:Memphis_Depay_2019.jpg,libre
player,Moussa Dembélé,public/images/players/moussa-dembele.png,http://commons.wikimedia.org/wiki/Special:FilePath/20170701%20SK%20Rapid%20Wien%20vs%20Celtic%20FC%201243%20%28cropped%29.jpg,File:20170701 SK Rapid Wien vs Celtic FC 1243 (cropped).jpg,CC BY-SA 3.0 at,"Ailura , Derivative work by Serg Stallone",https://commons.wikimedia.org/wiki/File:20170701_SK_Rapid_Wien_vs_Celtic_FC_1243_(cropped).jpg,libre
player,Martin Terrier,public/images/players/martin-terrier.png,http://commons.wikimedia.org/wiki/Special:FilePath/20191002%20Fu%C3%9Fball%2C%20M%C3%A4nner%2C%20UEFA%20Champions%20League%2C%20RB%20Leipzig%20-%20Olympique%20Lyonnais%20by%20Stepro%20StP%200291.jpg,"File:20191002 Fußball, Männer, UEFA Champions League, RB Leipzig - Olympique Lyonnais by Stepro StP 0291.jpg",CC BY-SA 4.0,Steffen Prößdorf,"https://commons.wikimedia.org/wiki/File:20191002_Fu%C3%9Fball,_M%C3%A4nner,_UEFA_Champions_League,_RB_Leipzig_-_Olympique_Lyonnais_by_Stepro_StP_0291.jpg",libre
player,Jeff Reine-Adélaïde,public/images/players/jeff-reine-adelaide.png,http://commons.wikimedia.org/wiki/Special:FilePath/Jeff%20Reine-Ad%C3%A9la%C3%AFde%202019.jpg,File:Jeff Reine-Adélaïde 2019.jpg,CC BY-SA 3.0,Кирилл Венедиктов,https://commons.wikimedia.org/wiki/File:Jeff_Reine-Ad%C3%A9la%C3%AFde_2019.jpg,libre
player,Bruno Guimarães,public/images/players/bruno-guimaraes.png,http://commons.wikimedia.org/wiki/Special:FilePath/Bruno%20Guimaraes%20Brazil%20V%20Morocco%2013%20June%202026-78%20%28cropped%29.jpg,File:Bruno Guimaraes Brazil V Morocco 13 June 2026-78 (cropped).jpg,CC BY-SA 4.0,Bryan Berlin,https://commons.wikimedia.org/wiki/File:Bruno_Guimaraes_Brazil_V_Morocco_13_June_2026-78_(cropped).jpg,libre
player,Lucas Paquetá,public/images/players/lucas-paqueta.png,http://commons.wikimedia.org/wiki/Special:FilePath/Brazil%20World%20Cup%20Roster%20Brazil%20V%20Morocco%2013%20June%202026-72%20%28Lucas%20Paquet%C3%A1%29.jpg,File:Brazil World Cup Roster Brazil V Morocco 13 June 2026-72 (Lucas Paquetá).jpg,CC BY-SA 4.0,Bryan Berlin,https://commons.wikimedia.org/wiki/File:Brazil_World_Cup_Roster_Brazil_V_Morocco_13_June_2026-72_(Lucas_Paquet%C3%A1).jpg,libre
player,Karl Toko Ekambi,public/images/players/karl-toko-ekambi.png,http://commons.wikimedia.org/wiki/Special:FilePath/Karl%20Brillant%20Toko%20Ekambi.jpg,File:Karl Brillant Toko Ekambi.jpg,CC BY-SA 4.0,Franco237,https://commons.wikimedia.org/wiki/File:Karl_Brillant_Toko_Ekambi.jpg,libre
player,Islam Slimani,public/images/players/islam-slimani.png,http://commons.wikimedia.org/wiki/Special:FilePath/Alg%C3%A9rie%20-%20Arm%C3%A9nie%20-%2020140531%20-%20Islam%20Slimani.jpg,File:Algérie - Arménie - 20140531 - Islam Slimani.jpg,CC BY-SA 3.0,Clément Bucco-Lechat,https://commons.wikimedia.org/wiki/File:Alg%C3%A9rie_-_Arm%C3%A9nie_-_20140531_-_Islam_Slimani.jpg,libre
player,Tino Kadewere,public/images/players/tino-kadewere.png,http://commons.wikimedia.org/wiki/Special:FilePath/Lens%20-%20Le%20Havre%20AC%20%2801-04-2019%29%203.jpg,File:Lens - Le Havre AC (01-04-2019) 3.jpg,CC0,Supporterhéninois,https://commons.wikimedia.org/wiki/File:Lens_-_Le_Havre_AC_(01-04-2019)_3.jpg,libre
player,Rayan Cherki,public/images/players/rayan-cherki.png,http://commons.wikimedia.org/wiki/Special:FilePath/Rayan%20Cherki%20France%20v%20Norway%2026%20June%2026-114.jpg,File:Rayan Cherki France v Norway 26 June 26-114.jpg,CC BY-SA 4.0,Bryan Berlin,https://commons.wikimedia.org/wiki/File:Rayan_Cherki_France_v_Norway_26_June_26-114.jpg,libre
player,Maxence Caqueret,public/images/players/maxence-caqueret.png,http://commons.wikimedia.org/wiki/Special:FilePath/Maxence%20Caqueret%20%28cropped%29.jpg,File:Maxence Caqueret (cropped).jpg,CC0,Jim Easton,https://commons.wikimedia.org/wiki/File:Maxence_Caqueret_(cropped).jpg,libre
player,Thiago Mendes,public/images/players/thiago-mendes.png,http://commons.wikimedia.org/wiki/Special:FilePath/Thiago%20Mendes%20%28LOSC%29.jpg,File:Thiago Mendes (LOSC).jpg,CC BY-SA 4.0,Liondartois,https://commons.wikimedia.org/wiki/File:Thiago_Mendes_(LOSC).jpg,libre
player,Xherdan Shaqiri,public/images/players/xherdan-shaqiri.png,http://commons.wikimedia.org/wiki/Special:FilePath/Xherdan%20Shaqiri%202018.jpg,File:Xherdan Shaqiri 2018.jpg,CC BY-SA 3.0,Антон Зайцев,https://commons.wikimedia.org/wiki/File:Xherdan_Shaqiri_2018.jpg,libre
player,Johann Lepenant,public/images/players/johann-lepenant.png,http://commons.wikimedia.org/wiki/Special:FilePath/Lepenant%20asse%20fcn%202425.png,File:Lepenant asse fcn 2425.png,CC0,Paté kroute,https://commons.wikimedia.org/wiki/File:Lepenant_asse_fcn_2425.png,libre
player,Bradley Barcola,public/images/players/bradley-barcola.png,http://commons.wikimedia.org/wiki/Special:FilePath/Bradley%20Barcola%20France%20v%20Spain%207.24.26-112%20%28cropped%29.jpg,File:Bradley Barcola France v Spain 7.24.26-112 (cropped).jpg,CC BY-SA 4.0,Bryan Berlin,https://commons.wikimedia.org/wiki/File:Bradley_Barcola_France_v_Spain_7.24.26-112_(cropped).jpg,libre
player,Malick Fofana,public/images/players/malick-fofana.png,http://commons.wikimedia.org/wiki/Special:FilePath/Fofana%20asse%20ol%202425.png,File:Fofana asse ol 2425.png,CC0,Paté kroute,https://commons.wikimedia.org/wiki/File:Fofana_asse_ol_2425.png,libre
player,Ernest Nuamah,public/images/players/ernest-nuamah.png,http://commons.wikimedia.org/wiki/Special:FilePath/Ernest%20Nuamah%20England%20v%20Ghana%2023%20June%202026-113.jpg,File:Ernest Nuamah England v Ghana 23 June 2026-113.jpg,CC BY-SA 4.0,Bryan Berlin,https://commons.wikimedia.org/wiki/File:Ernest_Nuamah_England_v_Ghana_23_June_2026-113.jpg,libre
player,Saïd Benrahma,public/images/players/said-benrahma.png,http://commons.wikimedia.org/wiki/Special:FilePath/Sa%C3%AFd%20Benrahma%20-%2020240326.jpg,File:Saïd Benrahma - 20240326.jpg,CC BY 4.0,Mohamed Assil Chaibainou,https://commons.wikimedia.org/wiki/File:Sa%C3%AFd_Benrahma_-_20240326.jpg,libre
player,Nemanja Matić,public/images/players/nemanja-matic.png,http://commons.wikimedia.org/wiki/Special:FilePath/Nemanja%20Mati%C4%87%202018%20%28cropped%29.jpg,File:Nemanja Matić 2018 (cropped).jpg,CC BY-SA 3.0,Екатерина Лаут,https://commons.wikimedia.org/wiki/File:Nemanja_Mati%C4%87_2018_(cropped).jpg,libre
player,Georges Mikautadze,public/images/players/georges-mikautadze.png,http://commons.wikimedia.org/wiki/Special:FilePath/Mikautadze%20asse%20ol%202425.png,File:Mikautadze asse ol 2425.png,CC0,Paté kroute,https://commons.wikimedia.org/wiki/File:Mikautadze_asse_ol_2425.png,libre
player,Thiago Almada,public/images/players/thiago-almada.png,http://commons.wikimedia.org/wiki/Special:FilePath/Thiago%20Almada%20Argentina%20v%20Egypt%207%20July%202026-045.jpg,File:Thiago Almada Argentina v Egypt 7 July 2026-045.jpg,CC BY-SA 4.0,Bryan Berlin,https://commons.wikimedia.org/wiki/File:Thiago_Almada_Argentina_v_Egypt_7_July_2026-045.jpg,libre
player,Pavel Šulc,public/images/players/pavel-sulc.png,http://commons.wikimedia.org/wiki/Special:FilePath/Pavel%20%C5%A0ulc%20%28cropped%29.jpg,File:Pavel Šulc (cropped).jpg,CC BY-SA 4.0,Patourek,https://commons.wikimedia.org/wiki/File:Pavel_%C5%A0ulc_(cropped).jpg,libre
player,Tanner Tessmann,public/images/players/tanner-tessmann.png,http://commons.wikimedia.org/wiki/Special:FilePath/Tanner%20Tessmann%20USMNT%20v%20Belgium%20Mar%2028%202026-82%20%28cropped%29.jpg,File:Tanner Tessmann USMNT v Belgium Mar 28 2026-82 (cropped).jpg,CC BY-SA 4.0,Bryan Berlin,https://commons.wikimedia.org/wiki/File:Tanner_Tessmann_USMNT_v_Belgium_Mar_28_2026-82_(cropped).jpg,libre
player,Ainsley Maitland-Niles,public/images/players/ainsley-maitland-niles.png,http://commons.wikimedia.org/wiki/Special:FilePath/Miles%20asse%20ol%202425.png,File:Miles asse ol 2425.png,CC0,Paté kroute,https://commons.wikimedia.org/wiki/File:Miles_asse_ol_2425.png,libre
player,Amine Gouiri,public/images/players/amine-gouiri.png,http://commons.wikimedia.org/wiki/Special:FilePath/RC%20Lens%20-%20OGC%20Nice%20%2810-04-2022%29%2025%20Amine%20Gouiri.jpg,File:RC Lens - OGC Nice (10-04-2022) 25 Amine Gouiri.jpg,CC0,Supporterhéninois,https://commons.wikimedia.org/wiki/File:RC_Lens_-_OGC_Nice_(10-04-2022)_25_Amine_Gouiri.jpg,libre
player,Mariano Díaz,public/images/players/mariano-diaz.png,http://commons.wikimedia.org/wiki/Special:FilePath/CSKA-RM18%20%2821%29%20Mariano%20D%C3%ADaz%20Mej%C3%ADa%202018-10-03.jpg,File:CSKA-RM18 (21) Mariano Díaz Mejía 2018-10-03.jpg,CC BY-SA 3.0,Антон Зайцев,https://commons.wikimedia.org/wiki/File:CSKA-RM18_(21)_Mariano_D%C3%ADaz_Mej%C3%ADa_2018-10-03.jpg,libre
player,Steed Malbranque,public/images/players/steed-malbranque.png,http://commons.wikimedia.org/wiki/Special:FilePath/SM%20Caen%20vs%20UNFP%2C%20July%2030th%202016%20-%20Steed%20Malbranque%201.jpg,"File:SM Caen vs UNFP, July 30th 2016 - Steed Malbranque 1.jpg",CC BY-SA 4.0,S. Plaine,"https://commons.wikimedia.org/wiki/File:SM_Caen_vs_UNFP,_July_30th_2016_-_Steed_Malbranque_1.jpg",libre
player,Vikash Dhorasoo,public/images/players/vikash-dhorasoo.png,http://commons.wikimedia.org/wiki/Special:FilePath/Vikash%20Dhorasoo%20%28cropped%29.jpg,File:Vikash Dhorasoo (cropped).jpg,CC BY-SA 4.0,Manuel Menal,https://commons.wikimedia.org/wiki/File:Vikash_Dhorasoo_(cropped).jpg,libre
player,Edmílson,public/images/players/edmilson.png,http://commons.wikimedia.org/wiki/Special:FilePath/Edm%C3%ADlson%20-%20001.jpg,File:Edmílson - 001.jpg,Public domain,Mutari,https://commons.wikimedia.org/wiki/File:Edm%C3%ADlson_-_001.jpg,libre
player,Éric Carrière,public/images/players/eric-carriere.png,http://commons.wikimedia.org/wiki/Special:FilePath/KL%202018%20%2812%29%20%28cropped%29.jpg,File:KL 2018 (12) (cropped).jpg,CC BY-SA 3.0,Антон Зайцев,https://commons.wikimedia.org/wiki/File:KL_2018_(12)_(cropped).jpg,libre
player,Christophe Delmotte,public/images/players/christophe-delmotte.png,http://commons.wikimedia.org/wiki/Special:FilePath/Christophe%20Delmotte.png,File:Christophe Delmotte.png,CC BY-SA 4.0,Valenciennes FC,https://commons.wikimedia.org/wiki/File:Christophe_Delmotte.png,libre
player,Nilmar,public/images/players/nilmar.png,http://commons.wikimedia.org/wiki/Special:FilePath/Nilmar%20playing%20for%20Brazil.jpg,File:Nilmar playing for Brazil.jpg,CC BY-SA 3.0 br,Jangadeiro Online (Regional news portal of Ceará),https://commons.wikimedia.org/wiki/File:Nilmar_playing_for_Brazil.jpg,libre
player,Ederson,public/images/players/ederson.png,http://commons.wikimedia.org/wiki/Special:FilePath/Ederson1.JPG,File:Ederson1.JPG,CC BY 3.0,Y.F.,https://commons.wikimedia.org/wiki/File:Ederson1.JPG,libre
player,Franck Béria,public/images/players/franck-beria.png,http://commons.wikimedia.org/wiki/Special:FilePath/Franck%20Beria%202011.jpg,File:Franck Beria 2011.jpg,CC BY-SA 3.0,Владимир Майоров/Vladimir Mayorov/Władimir Majorow,https://commons.wikimedia.org/wiki/File:Franck_Beria_2011.jpg,libre
player,Pape Diakhaté,public/images/players/pape-diakhate.png,http://commons.wikimedia.org/wiki/Special:FilePath/Pape%20Diakhat%C3%A9.jpg,File:Pape Diakhaté.jpg,CC BY-SA 3.0,Смирнов Влад,https://commons.wikimedia.org/wiki/File:Pape_Diakhat%C3%A9.jpg,libre
player,Miralem Pjanić,public/images/players/miralem-pjanic.png,http://commons.wikimedia.org/wiki/Special:FilePath/Miralem%20Pjani%C4%87%202025.jpg,File:Miralem Pjanić 2025.jpg,CC BY-SA 3.0,Вячеслав Евдокимов / ФК «Зенит»,https://commons.wikimedia.org/wiki/File:Miralem_Pjani%C4%87_2025.jpg,libre
player,Cesar Delgado,public/images/players/cesar-delgado.png,http://commons.wikimedia.org/wiki/Special:FilePath/Chelito%20Delgado.jpg,File:Chelito Delgado.jpg,CC BY 2.0,Hefebreo,https://commons.wikimedia.org/wiki/File:Chelito_Delgado.jpg,libre
player,Anthony Mounier,public/images/players/anthony-mounier.png,http://commons.wikimedia.org/wiki/Special:FilePath/Anthony-Mounier.JPG,File:Anthony-Mounier.JPG,CC BY-SA 3.0,34 super héros,https://commons.wikimedia.org/wiki/File:Anthony-Mounier.JPG,libre
player,Frédéric Piquionne,public/images/players/frederic-piquionne.png,http://commons.wikimedia.org/wiki/Special:FilePath/Fr%C3%A9d%C3%A9ric%20Piquionne.jpg,File:Frédéric Piquionne.jpg,CC BY 2.0,julien haler,https://commons.wikimedia.org/wiki/File:Fr%C3%A9d%C3%A9ric_Piquionne.jpg,libre
player,Bakary Koné,public/images/players/bakary-kone.png,http://commons.wikimedia.org/wiki/Special:FilePath/Bakary%20Kon%C3%A9%20-%20Troph%C3%A9e%20des%20champions%202015.jpg,File:Bakary Koné - Trophée des champions 2015.jpg,CC BY 2.0,Chaloos,https://commons.wikimedia.org/wiki/File:Bakary_Kon%C3%A9_-_Troph%C3%A9e_des_champions_2015.jpg,libre
player,Miguel Lopes,public/images/players/miguel-lopes.png,http://commons.wikimedia.org/wiki/Special:FilePath/Hugo%20Miguel%20Almeida%20Costa%20Lopes.jpg,File:Hugo Miguel Almeida Costa Lopes.jpg,CC BY 3.0,Roger Gor,https://commons.wikimedia.org/wiki/File:Hugo_Miguel_Almeida_Costa_Lopes.jpg,libre
player,Mouhamadou Dabo,public/images/players/mouhamadou-dabo.png,http://commons.wikimedia.org/wiki/Special:FilePath/Mouhamadou%20Dabo.jpg,File:Mouhamadou Dabo.jpg,CC BY-SA 1.0,The original uploader was Altrensa at French Wikipedia .,https://commons.wikimedia.org/wiki/File:Mouhamadou_Dabo.jpg,libre
player,Yassine Benzia,public/images/players/yassine-benzia.png,http://commons.wikimedia.org/wiki/Special:FilePath/U-19%20EC-Qualifikation%20Austria%20vs.%20France%202013-06-10%20%28120%29.jpg,File:U-19 EC-Qualifikation Austria vs. France 2013-06-10 (120).jpg,CC BY-SA 3.0,"Steindy ( talk ) 22:56, 13 June 2013 (UTC)",https://commons.wikimedia.org/wiki/File:U-19_EC-Qualifikation_Austria_vs._France_2013-06-10_(120).jpg,libre
player,Clinton N'Jie,public/images/players/clinton-n-jie.png,http://commons.wikimedia.org/wiki/Special:FilePath/Clinton%20N%27Jie%202019.jpg,File:Clinton N'Jie 2019.jpg,CC BY-SA 3.0,Анна Нэсси,https://commons.wikimedia.org/wiki/File:Clinton_N%27Jie_2019.jpg,libre
player,Sergi Darder,public/images/players/sergi-darder.png,http://commons.wikimedia.org/wiki/Special:FilePath/BHA%205%20v%20Espanyol%201%20pre%20season%2030%2007%202022%2038%20%28cropped%29.jpg,File:BHA 5 v Espanyol 1 pre season 30 07 2022 38 (cropped).jpg,CC BY 2.0,jamesboyes,https://commons.wikimedia.org/wiki/File:BHA_5_v_Espanyol_1_pre_season_30_07_2022_38_(cropped).jpg,libre
player,Farès Bahlouli,public/images/players/fares-bahlouli.png,http://commons.wikimedia.org/wiki/Special:FilePath/FaresBahlouli.jpg,File:FaresBahlouli.jpg,CC BY-SA 4.0,Dim4ikoo1,https://commons.wikimedia.org/wiki/File:FaresBahlouli.jpg,libre
player,Nicolas N'Koulou,public/images/players/nicolas-n-koulou.png,http://commons.wikimedia.org/wiki/Special:FilePath/N%27Koulou%20Nicolas%20%C3%A0%20la%20commanderie.JPG,File:N'Koulou Nicolas à la commanderie.JPG,CC BY-SA 3.0,VINSPROD10,https://commons.wikimedia.org/wiki/File:N%27Koulou_Nicolas_%C3%A0_la_commanderie.JPG,libre
player,Maciej Rybus,public/images/players/maciej-rybus.png,http://commons.wikimedia.org/wiki/Special:FilePath/Maciej%20Rybus%202019.jpg,File:Maciej Rybus 2019.jpg,CC BY-SA 3.0,Светлана Бекетова,https://commons.wikimedia.org/wiki/File:Maciej_Rybus_2019.jpg,libre
player,Emanuel Mammana,public/images/players/emanuel-mammana.png,http://commons.wikimedia.org/wiki/Special:FilePath/Mammana.jpg,File:Mammana.jpg,CC BY-SA 3.0,Вячеслав Евдокимов,https://commons.wikimedia.org/wiki/File:Mammana.jpg,libre
player,Willem Geubbels,public/images/players/willem-geubbels.png,http://commons.wikimedia.org/wiki/Special:FilePath/Willem%20Geubbels%20%282017%29.jpg,File:Willem Geubbels (2017).jpg,CC BY 2.0,Laura Jonin,https://commons.wikimedia.org/wiki/File:Willem_Geubbels_(2017).jpg,libre
player,Ciprian Tătărușanu,public/images/players/ciprian-tatarusanu.png,http://commons.wikimedia.org/wiki/Special:FilePath/Ciprian%20T%C4%83t%C4%83ru%C8%99anu%20-%20AUT-ROM-freundschaftsspiel%20-%202012-06-05.jpg,File:Ciprian Tătărușanu - AUT-ROM-freundschaftsspiel - 2012-06-05.jpg,CC BY-SA 3.0,Ralf Roletschek ( talk ) - Infos über Fahrräder auf fahrradmonteur.de Wiki-Technologie für Schulen und Unternehmen,https://commons.wikimedia.org/wiki/File:Ciprian_T%C4%83t%C4%83ru%C8%99anu_-_AUT-ROM-freundschaftsspiel_-_2012-06-05.jpg,libre
player,Damien Da Silva,public/images/players/damien-da-silva.png,http://commons.wikimedia.org/wiki/Special:FilePath/Caen%20-%20Rennes%2020140709%20-%20Damien%20Da%20Silva.JPG,File:Caen - Rennes 20140709 - Damien Da Silva.JPG,CC BY-SA 3.0,S. Plaine,https://commons.wikimedia.org/wiki/File:Caen_-_Rennes_20140709_-_Damien_Da_Silva.JPG,libre
player,Emerson Palmieri,public/images/players/emerson-palmieri.png,http://commons.wikimedia.org/wiki/Special:FilePath/Chelsea%20vs.%20Arsenal%2C%2029%20May%202019%2028%20%28cropped%29.jpg,"File:Chelsea vs. Arsenal, 29 May 2019 28 (cropped).jpg",CC BY 4.0,Amir Hosseini,"https://commons.wikimedia.org/wiki/File:Chelsea_vs._Arsenal,_29_May_2019_28_(cropped).jpg",libre
player,Jerome Boateng,public/images/players/jerome-boateng.png,http://commons.wikimedia.org/wiki/Special:FilePath/MJK30405%20J%C3%A9r%C3%B4me%20Boateng%20%28Berlinale%202017%29.jpg,File:MJK30405 Jérôme Boateng (Berlinale 2017).jpg,CC BY-SA 3.0,Martin Kraft,https://commons.wikimedia.org/wiki/File:MJK30405_J%C3%A9r%C3%B4me_Boateng_(Berlinale_2017).jpg,libre
player,Henrique,public/images/players/henrique.png,http://commons.wikimedia.org/wiki/Special:FilePath/Henrique2013.jpg,File:Henrique2013.jpg,CC BY 4.0,Ministério da Saúde,https://commons.wikimedia.org/wiki/File:Henrique2013.jpg,libre
player,Rominigue Kouamé,public/images/players/rominigue-kouame.png,http://commons.wikimedia.org/wiki/Special:FilePath/Rominigue%20Kouam%C3%A9%20Philadelphia%20Chicago%2010.26.25-073%20%28cropped%29.jpg,File:Rominigue Kouamé Philadelphia Chicago 10.26.25-073 (cropped).jpg,CC BY-SA 4.0,Bryan Berlin,https://commons.wikimedia.org/wiki/File:Rominigue_Kouam%C3%A9_Philadelphia_Chicago_10.26.25-073_(cropped).jpg,libre
player,Orel Mangala,public/images/players/orel-mangala.png,http://commons.wikimedia.org/wiki/Special:FilePath/Orel%20mangala.jpg,File:Orel mangala.jpg,CC BY-SA 3.0,Jeollo von http://www.vfb-exklusiv.de,https://commons.wikimedia.org/wiki/File:Orel_mangala.jpg,libre
player,Abdoulaye Ndiaye,public/images/players/abdoulaye-ndiaye.png,http://commons.wikimedia.org/wiki/Special:FilePath/Ndiaye%20asse%20sb%202425.png,File:Ndiaye asse sb 2425.png,CC0,Paté kroute,https://commons.wikimedia.org/wiki/File:Ndiaye_asse_sb_2425.png,libre
player,Adam Karabec,public/images/players/adam-karabec.png,http://commons.wikimedia.org/wiki/Special:FilePath/2025-03-05%20Adam%20Karabec%20HSV%20pic1.jpg,File:2025-03-05 Adam Karabec HSV pic1.jpg,CC BY-SA 4.0,Lanthan2003,https://commons.wikimedia.org/wiki/File:2025-03-05_Adam_Karabec_HSV_pic1.jpg,libre
player,Adryelson,public/images/players/adryelson.png,http://commons.wikimedia.org/wiki/Special:FilePath/Adryelson%20RSC%20Anderlecht%202025.jpg,File:Adryelson RSC Anderlecht 2025.jpg,CC BY-SA 4.0,Sidney.Cortez,https://commons.wikimedia.org/wiki/File:Adryelson_RSC_Anderlecht_2025.jpg,libre
player,Alejandro Gomes Rodríguez,public/images/players/alejandro-gomes-rodriguez.png,http://commons.wikimedia.org/wiki/Special:FilePath/Rodriguez%20asse%20ol%202425.png,File:Rodriguez asse ol 2425.png,CC0,Paté kroute,https://commons.wikimedia.org/wiki/File:Rodriguez_asse_ol_2425.png,libre
player,Anthony Racioppi,public/images/players/anthony-racioppi.png,http://commons.wikimedia.org/wiki/Special:FilePath/Lens%20-%20Dijon%20%2821-02-2021%29%2062.jpg,File:Lens - Dijon (21-02-2021) 62.jpg,CC0,Supporterhéninois,https://commons.wikimedia.org/wiki/File:Lens_-_Dijon_(21-02-2021)_62.jpg,libre
player,Christopher Martins,public/images/players/christopher-martins.png,http://commons.wikimedia.org/wiki/Special:FilePath/Christopher%20Martins.jpg,File:Christopher Martins.jpg,CC BY-SA 3.0,Светлана Бекетова,https://commons.wikimedia.org/wiki/File:Christopher_Martins.jpg,libre
player,Diego Moreira,public/images/players/diego-moreira.png,http://commons.wikimedia.org/wiki/Special:FilePath/Diego%20Moreira.jpg,File:Diego Moreira.jpg,CC BY 3.0,Sport Lisboa e Benfica,https://commons.wikimedia.org/wiki/File:Diego_Moreira.jpg,libre
player,Endrick,public/images/players/endrick.png,http://commons.wikimedia.org/wiki/Special:FilePath/Team%20Brazil%20at%202026%20FIFA%20World%20Cup%20by%20YantsImages%20%28Endrick%29.jpg,File:Team Brazil at 2026 FIFA World Cup by YantsImages (Endrick).jpg,CC BY-SA 4.0,YantsImages,https://commons.wikimedia.org/wiki/File:Team_Brazil_at_2026_FIFA_World_Cup_by_YantsImages_(Endrick).jpg,libre
player,Fallou Fall,public/images/players/fallou-fall.png,http://commons.wikimedia.org/wiki/Special:FilePath/Lens%20-%20Reims%20%2812-05-2023%29%2042%20%28cropped%29.jpg,File:Lens - Reims (12-05-2023) 42 (cropped).jpg,CC0,Supporterhéninois,https://commons.wikimedia.org/wiki/File:Lens_-_Reims_(12-05-2023)_42_(cropped).jpg,libre
player,Hans Hateboer,public/images/players/hans-hateboer.png,http://commons.wikimedia.org/wiki/Special:FilePath/Hanshateboer.jpg,File:Hanshateboer.jpg,CC BY-SA 3.0,Rickazio,https://commons.wikimedia.org/wiki/File:Hanshateboer.jpg,libre
player,Jake O'Brien,public/images/players/jake-o-brien.png,http://commons.wikimedia.org/wiki/Special:FilePath/Jake%20O%27Brien%20in%202024.png,File:Jake O'Brien in 2024.png,CC BY 3.0,Irish Football Fan TV,https://commons.wikimedia.org/wiki/File:Jake_O%27Brien_in_2024.png,libre
player,Jeffinho,public/images/players/jeffinho.png,http://commons.wikimedia.org/wiki/Special:FilePath/Jeffinho%20vs%20MHSC%207%20May%202023.png,File:Jeffinho vs MHSC 7 May 2023.png,CC BY 3.0,MHSC TV - Montpellier Hérault Sport Club,https://commons.wikimedia.org/wiki/File:Jeffinho_vs_MHSC_7_May_2023.png,libre
player,Joachim Andersen,public/images/players/joachim-andersen.png,http://commons.wikimedia.org/wiki/Special:FilePath/Joachim%20Andersen%2022122024%20%283%29.jpg,File:Joachim Andersen 22122024 (3).jpg,CC0,Timmy96,https://commons.wikimedia.org/wiki/File:Joachim_Andersen_22122024_(3).jpg,libre
player,Jordan Veretout,public/images/players/jordan-veretout.png,http://commons.wikimedia.org/wiki/Special:FilePath/Veretout%20asse%20ol%202425.png,File:Veretout asse ol 2425.png,CC0,Paté kroute,https://commons.wikimedia.org/wiki/File:Veretout_asse_ol_2425.png,libre
player,Jérémy Morel,public/images/players/jeremy-morel.png,http://commons.wikimedia.org/wiki/Special:FilePath/FC%20Lorient%202010-211%20-%20J%C3%A9r%C3%A9my%20Morel.jpg,File:FC Lorient 2010-211 - Jérémy Morel.jpg,CC BY-SA 2.0,User Kermaguer on Flickr : https://www.flickr.com/photos/39839693@N04/,https://commons.wikimedia.org/wiki/File:FC_Lorient_2010-211_-_J%C3%A9r%C3%A9my_Morel.jpg,libre
player,Lassine Diarra,public/images/players/lassine-diarra.png,http://commons.wikimedia.org/wiki/Special:FilePath/Diarra%20asse%20ol%202425.png,File:Diarra asse ol 2425.png,CC0,Paté kroute,https://commons.wikimedia.org/wiki/File:Diarra_asse_ol_2425.png,libre
player,Lenny Pintor,public/images/players/lenny-pintor.png,http://commons.wikimedia.org/wiki/Special:FilePath/Lens%20-%20Troyes%20%2804-02-2020%29%2018.jpg,File:Lens - Troyes (04-02-2020) 18.jpg,CC0,Supporterhéninois,https://commons.wikimedia.org/wiki/File:Lens_-_Troyes_(04-02-2020)_18.jpg,libre
player,Mama Baldé,public/images/players/mama-balde.png,http://commons.wikimedia.org/wiki/Special:FilePath/Mama%20Bald%C3%A9.png,File:Mama Baldé.png,CC BY 3.0,ESTAC Troyes,https://commons.wikimedia.org/wiki/File:Mama_Bald%C3%A9.png,libre
player,Mamadou Sarr,public/images/players/mamadou-sarr.png,http://commons.wikimedia.org/wiki/Special:FilePath/Sarr%20asse%20rcsa%202425.jpg,File:Sarr asse rcsa 2425.jpg,CC0,Paté kroute,https://commons.wikimedia.org/wiki/File:Sarr_asse_rcsa_2425.jpg,libre
player,Oumar Solet,public/images/players/oumar-solet.png,http://commons.wikimedia.org/wiki/Special:FilePath/FC%20RB%20Salzburg%20gegen%20WSG%20Tirol%20%28%20mit%20Meisterteller%C3%BCbergabe%2022.%20Mai%202021%29%2005.jpg,File:FC RB Salzburg gegen WSG Tirol ( mit Meistertellerübergabe 22. Mai 2021) 05.jpg,CC BY-SA 4.0,Werner100359,https://commons.wikimedia.org/wiki/File:FC_RB_Salzburg_gegen_WSG_Tirol_(_mit_Meisterteller%C3%BCbergabe_22._Mai_2021)_05.jpg,libre
player,Pape Cheikh,public/images/players/pape-cheikh.png,http://commons.wikimedia.org/wiki/Special:FilePath/Pape%20Cheikh%20Diop%20Gueye.JPG,File:Pape Cheikh Diop Gueye.JPG,CC BY-SA 4.0,Roi González Villa (Vivaelcelta),https://commons.wikimedia.org/wiki/File:Pape_Cheikh_Diop_Gueye.JPG,libre
player,Pierre Kalulu,public/images/players/pierre-kalulu.png,http://commons.wikimedia.org/wiki/Special:FilePath/PierreKalulu2022.jpg,File:PierreKalulu2022.jpg,CC BY-SA 4.0,Werner100359,https://commons.wikimedia.org/wiki/File:PierreKalulu2022.jpg,libre
player,Roman Yaremchuk,public/images/players/roman-yaremchuk.png,http://commons.wikimedia.org/wiki/Special:FilePath/Roman%20Yaremchuk%202021.jpg,File:Roman Yaremchuk 2021.jpg,CC BY 3.0,Sport Lisboa e Benfica,https://commons.wikimedia.org/wiki/File:Roman_Yaremchuk_2021.jpg,libre
player,Ruben Kluivert,public/images/players/ruben-kluivert.png,http://commons.wikimedia.org/wiki/Special:FilePath/Ruben%20Kluivert%201%20%2806-09-2022%29.jpg,File:Ruben Kluivert 1 (06-09-2022).jpg,CC BY-SA 4.0,Niels98,https://commons.wikimedia.org/wiki/File:Ruben_Kluivert_1_(06-09-2022).jpg,libre
player,Saël Kumbedi,public/images/players/sael-kumbedi.png,http://commons.wikimedia.org/wiki/Special:FilePath/Kumbedi%20asse%20ol%202425.png,File:Kumbedi asse ol 2425.png,CC0,Paté kroute,https://commons.wikimedia.org/wiki/File:Kumbedi_asse_ol_2425.png,libre
coach,Alain Perrin,public/images/coaches/alain-perrin.png,http://commons.wikimedia.org/wiki/Special:FilePath/Alain%20Perrin%20al%20khor.jpg,File:Alain Perrin al khor.jpg,CC BY 2.0,Doha Stadium Plus Qatar,https://commons.wikimedia.org/wiki/File:Alain_Perrin_al_khor.jpg,libre
coach,Bruno Génésio,public/images/coaches/bruno-genesio.png,http://commons.wikimedia.org/wiki/Special:FilePath/BrunoGenesio2020.png,File:BrunoGenesio2020.png,CC BY-SA 4.0,Sebastien Lucas,https://commons.wikimedia.org/wiki/File:BrunoGenesio2020.png,libre
coach,Claude Puel,public/images/coaches/claude-puel.png,http://commons.wikimedia.org/wiki/Special:FilePath/Claude%20Puel%20%28cropped%29.jpg,File:Claude Puel (cropped).jpg,CC BY-SA 3.0,Pymouss44,https://commons.wikimedia.org/wiki/File:Claude_Puel_(cropped).jpg,libre
coach,Fabio Grosso,public/images/coaches/fabio-grosso.png,http://commons.wikimedia.org/wiki/Special:FilePath/Fabio%20Grosso%20-%20Frosinone%20Calcio%20-%20DSC%202731%20AF%20%28cropped%29.jpg,File:Fabio Grosso - Frosinone Calcio - DSC 2731 AF (cropped).jpg,CC BY-SA 4.0,Original: Antonio Fraioli Derivative work: Lorenzo De Leonardis2,https://commons.wikimedia.org/wiki/File:Fabio_Grosso_-_Frosinone_Calcio_-_DSC_2731_AF_(cropped).jpg,libre
coach,Gérard Houllier,public/images/coaches/gerard-houllier.png,http://commons.wikimedia.org/wiki/Special:FilePath/G%C3%A9rard%20Houllier%20%28cropped%29.jpg,File:Gérard Houllier (cropped).jpg,CC BY 2.0,gordonflood,https://commons.wikimedia.org/wiki/File:G%C3%A9rard_Houllier_(cropped).jpg,libre
coach,Hubert Fournier,public/images/coaches/hubert-fournier.png,http://commons.wikimedia.org/wiki/Special:FilePath/H%20Fournier%2011578.JPG,File:H Fournier 11578.JPG,CC BY-SA 3.0,G.Garitan,https://commons.wikimedia.org/wiki/File:H_Fournier_11578.JPG,libre
coach,Jacques Santini,public/images/coaches/jacques-santini.png,http://commons.wikimedia.org/wiki/Special:FilePath/Jacques%20Santini%20en%201974.jpg,File:Jacques Santini en 1974.jpg,Public domain,Panini,https://commons.wikimedia.org/wiki/File:Jacques_Santini_en_1974.jpg,libre
coach,Laurent Blanc,public/images/coaches/laurent-blanc.png,http://commons.wikimedia.org/wiki/Special:FilePath/Laurent%20blanc%2011%2011%202013%20reves%20de%20Clara.jpg,File:Laurent blanc 11 11 2013 reves de Clara.jpg,CC BY-SA 4.0,Julien Manceau,https://commons.wikimedia.org/wiki/File:Laurent_blanc_11_11_2013_reves_de_Clara.jpg,libre
coach,Paul Le Guen,public/images/coaches/paul-le-guen.png,http://commons.wikimedia.org/wiki/Special:FilePath/Paul%20Le%20Guen.JPG,File:Paul Le Guen.JPG,CC BY-SA 3.0,Igor Snisarenko,https://commons.wikimedia.org/wiki/File:Paul_Le_Guen.JPG,libre
coach,Peter Bosz,public/images/coaches/peter-bosz.png,http://commons.wikimedia.org/wiki/Special:FilePath/Peter%20Bosz%20crop.png,File:Peter Bosz crop.png,CC BY-SA 3.0,User:Conceited_2,https://commons.wikimedia.org/wiki/File:Peter_Bosz_crop.png,libre
coach,Pierre Sage,public/images/coaches/pierre-sage.png,http://commons.wikimedia.org/wiki/Special:FilePath/Pierre%20Sage%20lors%20d%E2%80%99un%20entra%C3%AEnement.jpg,File:Pierre Sage lors d’un entraînement.jpg,CC BY-SA 4.0,Zz42,https://commons.wikimedia.org/wiki/File:Pierre_Sage_lors_d%E2%80%99un_entra%C3%AEnement.jpg,libre
coach,Rudi Garcia,public/images/coaches/rudi-garcia.png,http://commons.wikimedia.org/wiki/Special:FilePath/Rudi%20Garcia%20Troph%C3%A9e%20des%20champions%202011%20%28cropped%29.jpg,File:Rudi Garcia Trophée des champions 2011 (cropped).jpg,CC BY 2.0,mustapha_ennaimi,https://commons.wikimedia.org/wiki/File:Rudi_Garcia_Troph%C3%A9e_des_champions_2011_(cropped).jpg,libre
coach,Rémi Garde,public/images/coaches/remi-garde.png,http://commons.wikimedia.org/wiki/Special:FilePath/R%C3%A9mi%20Garde%20%283%29.JPG,File:Rémi Garde (3).JPG,CC BY-SA 3.0,cropped by Shory (extracted from Jejecam 's image),https://commons.wikimedia.org/wiki/File:R%C3%A9mi_Garde_(3).JPG,libre
coach,Sylvinho,public/images/coaches/sylvinho.png,http://commons.wikimedia.org/wiki/Special:FilePath/20180610%20FIFA%20Friendly%20Match%20Austria%20vs.%20Brazil%20Sylvinho%20850%200232.jpg,File:20180610 FIFA Friendly Match Austria vs. Brazil Sylvinho 850 0232.jpg,CC BY-SA 4.0,Granada,https://commons.wikimedia.org/wiki/File:20180610_FIFA_Friendly_Match_Austria_vs._Brazil_Sylvinho_850_0232.jpg,libre
club,AC Milan,public/images/clubs/ac-milan.png,https://upload.wikimedia.org/wikipedia/commons/d/d0/Logo_of_AC_Milan.svg,File:Logo_of_AC_Milan.svg,,,,hors-commons
club,AJ Auxerre,public/images/clubs/aj-auxerre.png,https://upload.wikimedia.org/wikipedia/fr/e/ed/Logo_AJ_Auxerre_-_1997.svg,,,,,non-libre (import local fr.wikipedia)
club,AS Cannes,public/images/clubs/as-cannes.png,https://upload.wikimedia.org/wikipedia/fr/7/72/AS_Cannes_foot_Logo_2017.svg,,,,,non-libre (import local fr.wikipedia)
club,AS Lyon-Duchère,public/images/clubs/as-lyon-duchere.png,https://upload.wikimedia.org/wikipedia/fr/2/2f/Logo_Lyon_La_Duch%C3%A8re_-_2021.svg,,,,,non-libre (import local fr.wikipedia)
club,AS Monaco,public/images/clubs/as-monaco.png,https://upload.wikimedia.org/wikipedia/fr/1/1d/Logo_AS_Monaco_FC_2021.svg,,,,,non-libre (import local fr.wikipedia)
club,AS Nancy-Lorraine,public/images/clubs/as-nancy-lorraine.png,https://upload.wikimedia.org/wikipedia/fr/f/fd/Logo_AS_Nancy_Lorraine_2018.svg,,,,,non-libre (import local fr.wikipedia)
club,AS Saint-Étienne,public/images/clubs/as-saint-etienne.png,https://upload.wikimedia.org/wikipedia/fr/3/3e/AS_Saint-Etienne-logo_2022.svg,,,,,non-libre (import local fr.wikipedia)
club,Africa Sports,public/images/clubs/africa-sports.png,https://upload.wikimedia.org/wikipedia/fr/4/4e/Africa_Sports_Logo.png?utm_source=fr.wikipedia.org&utm_campaign=parser&utm_content=thumbnail_unscaled,,,,,non-libre (import local fr.wikipedia)
club,Ajaccio,public/images/clubs/ajaccio.png,https://upload.wikimedia.org/wikipedia/fr/5/53/Logo_AC_Ajaccio_2015.svg,,,,,non-libre (import local fr.wikipedia)
club,Ajax,public/images/clubs/ajax.png,https://upload.wikimedia.org/wikipedia/commons/0/0d/Logo_AFC_Ajax_%281928-1991%2C_2025-%29.png,"File:Logo_AFC_Ajax_(1928-1991,_2025-).png",,,,hors-commons
club,Al Ahli SC,public/images/clubs/al-ahli-sc.png,https://upload.wikimedia.org/wikipedia/fr/7/70/Logo_Al-Ahli_FC_2025.svg,,,,,non-libre (import local fr.wikipedia)
club,Al Jazira,public/images/clubs/al-jazira.png,https://upload.wikimedia.org/wikipedia/fr/7/7c/Logo_Al_Jazira_Club_2021.svg,,,,,non-libre (import local fr.wikipedia)
club,Al Sadd Doha,public/images/clubs/al-sadd-doha.png,https://upload.wikimedia.org/wikipedia/fr/8/85/Logo_Al-Sadd_SC_2020.svg,,,,,non-libre (import local fr.wikipedia)
club,Al Sadd SC,public/images/clubs/al-sadd-sc.png,https://upload.wikimedia.org/wikipedia/fr/8/85/Logo_Al-Sadd_SC_2020.svg,,,,,non-libre (import local fr.wikipedia)
club,Al-Ahli,public/images/clubs/al-ahli.png,https://upload.wikimedia.org/wikipedia/fr/7/70/Logo_Al-Ahli_FC_2025.svg,,,,,non-libre (import local fr.wikipedia)
club,Al-Ain FC,public/images/clubs/al-ain-fc.png,https://upload.wikimedia.org/wikipedia/fr/a/a5/Logo_Al-A%C3%AFn_FC_2024.svg,,,,,non-libre (import local fr.wikipedia)
club,Al-Ettifaq,public/images/clubs/al-ettifaq.png,https://upload.wikimedia.org/wikipedia/fr/7/70/Logo_Al-Ettifaq_FC_2023.svg,,,,,non-libre (import local fr.wikipedia)
club,Al-Fateh,public/images/clubs/al-fateh.png,https://upload.wikimedia.org/wikipedia/fr/a/ae/Logo_Al-Fateh_SC.svg,,,,,non-libre (import local fr.wikipedia)
club,Al-Gharafa,public/images/clubs/al-gharafa.png,https://upload.wikimedia.org/wikipedia/fr/9/91/Logo_Al-Gharafa.svg,,,,,non-libre (import local fr.wikipedia)
club,Al-Hilal,public/images/clubs/al-hilal.png,https://upload.wikimedia.org/wikipedia/commons/5/55/Al_Hilal_SFC_Logo.svg,File:Al_Hilal_SFC_Logo.svg,,,,hors-commons
club,Al-Ittihad,public/images/clubs/al-ittihad.png,https://upload.wikimedia.org/wikipedia/fr/9/97/Logo_Al-Ittihad_Club_2015.svg,,,,,non-libre (import local fr.wikipedia)
club,Al-Nasr,public/images/clubs/al-nasr.png,https://upload.wikimedia.org/wikipedia/fr/d/de/Logo_Al-Nassr_FC_2025.svg,,,,,non-libre (import local fr.wikipedia)
club,Al-Rayyan,public/images/clubs/al-rayyan.png,https://upload.wikimedia.org/wikipedia/fr/d/d4/Logo_Al-Rayyan_SC_2021.svg,,,,,non-libre (import local fr.wikipedia)
club,Al-Sadd,public/images/clubs/al-sadd.png,https://upload.wikimedia.org/wikipedia/fr/8/85/Logo_Al-Sadd_SC_2020.svg,,,,,non-libre (import local fr.wikipedia)
club,Al-Wasl,public/images/clubs/al-wasl.png,https://upload.wikimedia.org/wikipedia/fr/3/31/Al_Wasl_Duba%C3%AF_%28logo%29.svg,,,,,non-libre (import local fr.wikipedia)
club,Alanyaspor,public/images/clubs/alanyaspor.png,https://upload.wikimedia.org/wikipedia/fr/6/6c/Alanyaspor_%28logo%29.svg,,,,,non-libre (import local fr.wikipedia)
club,Amiens,public/images/clubs/amiens.png,https://upload.wikimedia.org/wikipedia/fr/b/bf/Logo_Amiens_SC_-_2022.svg,,,,,non-libre (import local fr.wikipedia)
club,América Mineiro,public/images/clubs/america-mineiro.png,https://upload.wikimedia.org/wikipedia/commons/6/6f/Escudo_oficial_do_Am%C3%A9rica_Futebol_Clube.svg,File:Escudo_oficial_do_América_Futebol_Clube.svg,,,,hors-commons
club,Anderlecht,public/images/clubs/anderlecht.png,https://upload.wikimedia.org/wikipedia/fr/c/cc/Logo_RSC_Anderlecht_2023.svg,,,,,non-libre (import local fr.wikipedia)
club,Angers,public/images/clubs/angers.png,https://upload.wikimedia.org/wikipedia/fr/5/59/Logo_Angers_SCO_2021.svg,,,,,non-libre (import local fr.wikipedia)
club,Apollon Limassol,public/images/clubs/apollon-limassol.png,https://upload.wikimedia.org/wikipedia/fr/7/73/Apollon_Limassol_FC_logo.svg,,,,,non-libre (import local fr.wikipedia)
club,Arsenal,public/images/clubs/arsenal.png,https://upload.wikimedia.org/wikipedia/fr/3/34/Logo_Arsenal_FC_2002.svg,,,,,non-libre (import local fr.wikipedia)
club,Aston Villa,public/images/clubs/aston-villa.png,https://upload.wikimedia.org/wikipedia/fr/1/14/Aston_Villa_FC_2024.svg,,,,,non-libre (import local fr.wikipedia)
club,Athletico Paranaense,public/images/clubs/athletico-paranaense.png,https://upload.wikimedia.org/wikipedia/commons/4/43/Athletico_Paranaense_%28Logo_2019%29.svg,File:Athletico_Paranaense_(Logo_2019).svg,,,,hors-commons
club,Atlanta United,public/images/clubs/atlanta-united.png,https://upload.wikimedia.org/wikipedia/fr/f/f9/Logo_Atlanta_United_2025.svg,,,,,non-libre (import local fr.wikipedia)
club,Atlético Madrid,public/images/clubs/atletico-madrid.png,https://upload.wikimedia.org/wikipedia/fr/f/fc/Logo_ATM_2024.svg,,,,,non-libre (import local fr.wikipedia)
club,Atlético Mineiro,public/images/clubs/atletico-mineiro.png,https://upload.wikimedia.org/wikipedia/fr/3/33/Logo_Clube_Atl%C3%A9tico_Mineiro.svg,,,,,non-libre (import local fr.wikipedia)
club,Atlético de Kolkata,public/images/clubs/atletico-de-kolkata.png,https://upload.wikimedia.org/wikipedia/fr/7/7f/Atl%C3%A9tico_de_Kolkata.png?utm_source=fr.wikipedia.org&utm_campaign=parser&utm_content=thumbnail_unscaled,,,,,non-libre (import local fr.wikipedia)
club,Audax,public/images/clubs/audax.png,https://upload.wikimedia.org/wikipedia/fr/5/51/Logo_Audax_Italiano_2022.svg,,,,,non-libre (import local fr.wikipedia)
club,Auxerre,public/images/clubs/auxerre.png,https://upload.wikimedia.org/wikipedia/fr/e/ed/Logo_AJ_Auxerre_-_1997.svg,,,,,non-libre (import local fr.wikipedia)
club,BK Häcken,public/images/clubs/bk-hacken.png,https://upload.wikimedia.org/wikipedia/fr/7/74/Logo_BK_H%C3%A4cken_2021.svg,,,,,non-libre (import local fr.wikipedia)
club,Banfield,public/images/clubs/banfield.png,https://upload.wikimedia.org/wikipedia/commons/1/16/CA_Banfield_%282014%29.svg,File:CA_Banfield_(2014).svg,,,,hors-commons
club,Baník Ostrava,public/images/clubs/banik-ostrava.png,https://upload.wikimedia.org/wikipedia/fr/5/54/FC_Banik_Ostrava_%28logo%29.svg,,,,,non-libre (import local fr.wikipedia)
club,Barcelona,public/images/clubs/barcelona.png,https://upload.wikimedia.org/wikipedia/fr/1/1b/Logo_Barcelona_SC_2025.svg,,,,,non-libre (import local fr.wikipedia)
club,Basel,public/images/clubs/basel.png,https://upload.wikimedia.org/wikipedia/fr/e/e9/Logo_FC_Basel_2023.svg,,,,,non-libre (import local fr.wikipedia)
club,Bayer Leverkusen,public/images/clubs/bayer-leverkusen.png,https://upload.wikimedia.org/wikipedia/fr/4/4a/Bayer_04_Leverkusen_%28logo%29.svg,,,,,non-libre (import local fr.wikipedia)
club,Bayern Munich,public/images/clubs/bayern-munich.png,https://upload.wikimedia.org/wikipedia/fr/8/8d/FC_Bayern_M%C3%BCnchen_logo_%282024%29.svg,,,,,non-libre (import local fr.wikipedia)
club,Benfica,public/images/clubs/benfica.png,https://upload.wikimedia.org/wikipedia/fr/3/3f/Logo_SL_Benfica_%283_Stars%29.svg,,,,,non-libre (import local fr.wikipedia)
club,Beşiktaş,public/images/clubs/besiktas.png,https://upload.wikimedia.org/wikipedia/fr/1/19/Logo_Be%C5%9Fikta%C5%9F_JK_2024.svg,,,,,non-libre (import local fr.wikipedia)
club,Beşiktaş JK,public/images/clubs/besiktas-jk.png,https://upload.wikimedia.org/wikipedia/fr/1/19/Logo_Be%C5%9Fikta%C5%9F_JK_2024.svg,,,,,non-libre (import local fr.wikipedia)
club,Bologna,public/images/clubs/bologna.png,https://upload.wikimedia.org/wikipedia/fr/f/fb/Logo_Bologna_FC_-_2018.svg,,,,,non-libre (import local fr.wikipedia)
club,Bordeaux,public/images/clubs/bordeaux.png,https://upload.wikimedia.org/wikipedia/fr/8/8f/Logo_FC_Girondins_Bordeaux_-_2021.svg,,,,,non-libre (import local fr.wikipedia)
club,Botafogo,public/images/clubs/botafogo.png,https://upload.wikimedia.org/wikipedia/commons/5/52/Botafogo_de_Futebol_e_Regatas_logo.svg,File:Botafogo_de_Futebol_e_Regatas_logo.svg,,,,hors-commons
club,Botafogo-SP,public/images/clubs/botafogo-sp.png,https://upload.wikimedia.org/wikipedia/fr/6/6a/Botafogo_Futebol_Clube_%28Ribeir%C3%A3o_Preto%29_%28logo%29.svg,,,,,non-libre (import local fr.wikipedia)
club,Braga,public/images/clubs/braga.png,https://upload.wikimedia.org/wikipedia/fr/5/53/Logo_SC_Braga_2018.svg,,,,,non-libre (import local fr.wikipedia)
club,Brentford,public/images/clubs/brentford.png,https://upload.wikimedia.org/wikipedia/fr/3/3d/Logo_Brentford_FC_-_2017.svg,,,,,non-libre (import local fr.wikipedia)
club,Brest,public/images/clubs/brest.png,https://upload.wikimedia.org/wikipedia/fr/4/4c/Logo_SB29_2010.svg,,,,,non-libre (import local fr.wikipedia)
club,Budapest Honved,public/images/clubs/budapest-honved.png,https://upload.wikimedia.org/wikipedia/fr/f/f3/Budapest_Honv%C3%A9d_Football_Club_logo.png?utm_source=fr.wikipedia.org&utm_campaign=parser&utm_content=thumbnail_unscaled,,,,,non-libre (import local fr.wikipedia)
club,Burnley,public/images/clubs/burnley.png,https://upload.wikimedia.org/wikipedia/fr/0/02/Logo_Burnley_FC_2023.svg,,,,,non-libre (import local fr.wikipedia)
club,CA Osasuna,public/images/clubs/ca-osasuna.png,https://upload.wikimedia.org/wikipedia/fr/2/25/Logo_CA_Osasuna_2024.svg,,,,,non-libre (import local fr.wikipedia)
club,CD Feirense,public/images/clubs/cd-feirense.png,https://upload.wikimedia.org/wikipedia/fr/6/6c/Logo_CD_Feirense_2024.png,,,,,non-libre (import local fr.wikipedia)
club,CR Belouizdad,public/images/clubs/cr-belouizdad.png,https://upload.wikimedia.org/wikipedia/commons/4/4f/CRB1.png,File:CRB1.png,Public domain,Yourboogeyman,https://commons.wikimedia.org/wiki/File:CRB1.png,libre
club,CS Sedan,public/images/clubs/cs-sedan.png,https://upload.wikimedia.org/wikipedia/fr/3/3c/Logo_CS_Sedan_Ardennes_-_2022.svg,,,,,non-libre (import local fr.wikipedia)
club,CS Sedan Ardennes,public/images/clubs/cs-sedan-ardennes.png,https://upload.wikimedia.org/wikipedia/fr/3/3c/Logo_CS_Sedan_Ardennes_-_2022.svg,,,,,non-libre (import local fr.wikipedia)
club,Caen,public/images/clubs/caen.png,https://upload.wikimedia.org/wikipedia/fr/7/79/Logo_SM_Caen_2016.svg,,,,,non-libre (import local fr.wikipedia)
club,Celtic,public/images/clubs/celtic.png,https://upload.wikimedia.org/wikipedia/fr/9/98/Logo_Celtic_FC_2025.svg,,,,,non-libre (import local fr.wikipedia)
club,Charleroi,public/images/clubs/charleroi.png,https://upload.wikimedia.org/wikipedia/fr/9/93/Sporting_de_Charleroi_%28logo%29.svg,,,,,non-libre (import local fr.wikipedia)
club,Charleroi SC,public/images/clubs/charleroi-sc.png,https://upload.wikimedia.org/wikipedia/fr/9/93/Sporting_de_Charleroi_%28logo%29.svg,,,,,non-libre (import local fr.wikipedia)
club,Chelsea,public/images/clubs/chelsea.png,https://upload.wikimedia.org/wikipedia/fr/7/71/Logo_Chelsea_FC_2026.svg,,,,,non-libre (import local fr.wikipedia)
club,Chicago Fire,public/images/clubs/chicago-fire.png,https://upload.wikimedia.org/wikipedia/commons/0/03/Chicago_Fire_logo%2C_2021.svg,"File:Chicago_Fire_logo,_2021.svg",,,,hors-commons
club,Chieti,public/images/clubs/chieti.png,https://upload.wikimedia.org/wikipedia/fr/f/ff/Calcio_Chieti_%28logo%29.svg,,,,,non-libre (import local fr.wikipedia)
club,Châteauroux,public/images/clubs/chateauroux.png,https://upload.wikimedia.org/wikipedia/fr/9/95/Logo_Berrichonne_Ch%C3%A2teauroux_2017.svg,,,,,non-libre (import local fr.wikipedia)
club,Club Brugge,public/images/clubs/club-brugge.png,https://upload.wikimedia.org/wikipedia/fr/d/dc/Logo_Club_Brugge_KV_2024.svg,,,,,non-libre (import local fr.wikipedia)
club,Como,public/images/clubs/como.png,https://upload.wikimedia.org/wikipedia/commons/9/99/Calcio_Como_-_logo_%28Italy%2C_2019-%29.svg,"File:Calcio_Como_-_logo_(Italy,_2019-).svg",,,,hors-commons
club,Corinthians,public/images/clubs/corinthians.png,https://upload.wikimedia.org/wikipedia/commons/0/09/Corinthian_fc_logo.png,File:Corinthian_fc_logo.png,,,,hors-commons
club,Coton Sport,public/images/clubs/coton-sport.png,https://upload.wikimedia.org/wikipedia/fr/3/34/Cotonsport_FC_de_Garoua.svg,,,,,non-libre (import local fr.wikipedia)
club,Cruz Azul,public/images/clubs/cruz-azul.png,https://upload.wikimedia.org/wikipedia/fr/1/12/Logo_Cruz_Azul_2023.svg,,,,,non-libre (import local fr.wikipedia)
club,Cruzeiro,public/images/clubs/cruzeiro.png,https://upload.wikimedia.org/wikipedia/fr/4/49/CruzeiroEC.svg,,,,,non-libre (import local fr.wikipedia)
club,Crystal Palace,public/images/clubs/crystal-palace.png,https://upload.wikimedia.org/wikipedia/fr/1/1e/Logo_Crystal_Palace_FC_-_2022.svg,,,,,non-libre (import local fr.wikipedia)
club,Créteil,public/images/clubs/creteil.png,https://upload.wikimedia.org/wikipedia/fr/a/ad/Logo_US_Cr%C3%A9teil_Football_-_2026.svg,,,,,non-libre (import local fr.wikipedia)
club,Delhi Dynamos,public/images/clubs/delhi-dynamos.png,https://upload.wikimedia.org/wikipedia/fr/6/6e/Odisha_FC_%28logo%29.svg,,,,,non-libre (import local fr.wikipedia)
club,Deportivo La Coruña,public/images/clubs/deportivo-la-coruna.png,https://upload.wikimedia.org/wikipedia/fr/d/d3/Logo_RC_Deportivo_2026.svg,,,,,non-libre (import local fr.wikipedia)
club,Dijon,public/images/clubs/dijon.png,https://upload.wikimedia.org/wikipedia/fr/c/c9/LogoDFCO.svg,,,,,non-libre (import local fr.wikipedia)
club,Dinamo Zagreb,public/images/clubs/dinamo-zagreb.png,https://upload.wikimedia.org/wikipedia/fr/d/d9/Logo_GNK_Dinamo_Zagreb_2024.svg,,,,,non-libre (import local fr.wikipedia)
club,Doncaster Rovers,public/images/clubs/doncaster-rovers.png,https://upload.wikimedia.org/wikipedia/fr/9/92/Logo_Doncaster_Rovers_FC_2001.svg,,,,,non-libre (import local fr.wikipedia)
club,Dynamo Kiev,public/images/clubs/dynamo-kiev.png,https://upload.wikimedia.org/wikipedia/commons/8/8b/Dynamo_logo.svg,File:Dynamo_logo.svg,,,,hors-commons
club,Dynamo Moscow,public/images/clubs/dynamo-moscow.png,https://upload.wikimedia.org/wikipedia/fr/e/e7/Dynamo_Moscow_logo.svg,,,,,non-libre (import local fr.wikipedia)
club,ESTAC Troyes,public/images/clubs/estac-troyes.png,https://upload.wikimedia.org/wikipedia/commons/a/a9/ESTAC_Troyes_Logo.svg,File:ESTAC_Troyes_Logo.svg,,,,hors-commons
club,Empoli,public/images/clubs/empoli.png,https://upload.wikimedia.org/wikipedia/fr/5/59/Logo_Empoli_FC_2021.svg,,,,,non-libre (import local fr.wikipedia)
club,Espanyol,public/images/clubs/espanyol.png,https://upload.wikimedia.org/wikipedia/fr/6/62/Logo_RCD_Espanyol_Barcelona_2022.svg,,,,,non-libre (import local fr.wikipedia)
club,Everton,public/images/clubs/everton.png,https://upload.wikimedia.org/wikipedia/fr/8/87/Logo_Everton_FC_2023.svg,,,,,non-libre (import local fr.wikipedia)
club,Eyüpspor,public/images/clubs/eyupspor.png,https://upload.wikimedia.org/wikipedia/commons/6/62/Ey%C3%BCpspor_Logosu.png,File:Eyüpspor_Logosu.png,,,,hors-commons
club,FC Alverca,public/images/clubs/fc-alverca.png,https://upload.wikimedia.org/wikipedia/fr/d/de/Logo_FC_Alverca.svg,,,,,non-libre (import local fr.wikipedia)
club,FC Barcelone,public/images/clubs/fc-barcelone.png,https://upload.wikimedia.org/wikipedia/fr/1/1d/Logo_FC_Barcelone.svg,,,,,non-libre (import local fr.wikipedia)
club,FC Barcelone B,public/images/clubs/fc-barcelone-b.png,https://upload.wikimedia.org/wikipedia/fr/1/1d/Logo_FC_Barcelone.svg,,,,,non-libre (import local fr.wikipedia)
club,FC Dallas,public/images/clubs/fc-dallas.png,https://upload.wikimedia.org/wikipedia/fr/3/38/Logo_FC_Dallas.svg,,,,,non-libre (import local fr.wikipedia)
club,FC Lorient,public/images/clubs/fc-lorient.png,https://upload.wikimedia.org/wikipedia/fr/1/1d/Logo_FC_Lorient_Bretagne-Sud.svg,,,,,non-libre (import local fr.wikipedia)
club,FC Metz,public/images/clubs/fc-metz.png,https://upload.wikimedia.org/wikipedia/commons/4/42/Logo_FC_METZ.png,File:Logo_FC_METZ.png,,,,hors-commons
club,FC Metz rés.,public/images/clubs/fc-metz-res.png,https://upload.wikimedia.org/wikipedia/commons/4/4a/FC_Metz_2021_Logo.svg,File:FC_Metz_2021_Logo.svg,,,,hors-commons
club,FC Nantes,public/images/clubs/fc-nantes.png,https://upload.wikimedia.org/wikipedia/commons/4/45/Logo_FC_Nantes_%28avec_fond%29_-_2019.svg,File:Logo_FC_Nantes_(avec_fond)_-_2019.svg,,,,hors-commons
club,FC Nordsjælland,public/images/clubs/fc-nordsj-lland.png,https://upload.wikimedia.org/wikipedia/fr/3/39/FC_Nordsj%C3%A6lland_%28logo%29.svg,,,,,non-libre (import local fr.wikipedia)
club,FC Sochaux-Montbéliard,public/images/clubs/fc-sochaux-montbeliard.png,https://upload.wikimedia.org/wikipedia/fr/5/5a/Logo_FC_Sochaux_Montb%C3%A9liard_2015.svg,,,,,non-libre (import local fr.wikipedia)
club,FC Vaulx-en-Velin,public/images/clubs/fc-vaulx-en-velin.png,https://upload.wikimedia.org/wikipedia/commons/3/31/Blason_ville_fr_Vaulx-en-Velin_%28Rh%C3%B4ne%29.svg,File:Blason_ville_fr_Vaulx-en-Velin_(Rhône).svg,,,,hors-commons
club,Fenerbahçe,public/images/clubs/fenerbahce.png,https://upload.wikimedia.org/wikipedia/fr/5/53/Logo_Fenerbah%C3%A7e_SK_-_120_Yil_%281907-2027%29.svg,,,,,non-libre (import local fr.wikipedia)
club,Fiorentina,public/images/clubs/fiorentina.png,https://upload.wikimedia.org/wikipedia/fr/a/af/Logo_ACF_Fiorentina_2022.svg,,,,,non-libre (import local fr.wikipedia)
club,Flamengo,public/images/clubs/flamengo.png,https://upload.wikimedia.org/wikipedia/fr/e/ef/Logo_CR_Flamengo.svg,,,,,non-libre (import local fr.wikipedia)
club,Fluminense,public/images/clubs/fluminense.png,https://upload.wikimedia.org/wikipedia/commons/1/12/Fluminense_Football_Club.svg,File:Fluminense_Football_Club.svg,,,,hors-commons
club,Fulham,public/images/clubs/fulham.png,https://upload.wikimedia.org/wikipedia/fr/c/ce/Logo_Fulham.svg,,,,,non-libre (import local fr.wikipedia)
club,Fulham FC,public/images/clubs/fulham-fc.png,https://upload.wikimedia.org/wikipedia/fr/c/ce/Logo_Fulham.svg,,,,,non-libre (import local fr.wikipedia)
club,Galatasaray,public/images/clubs/galatasaray.png,https://upload.wikimedia.org/wikipedia/fr/b/b4/Logo_Galatasay_SK_%285_Stars%29.svg,,,,,non-libre (import local fr.wikipedia)
club,Genoa,public/images/clubs/genoa.png,https://upload.wikimedia.org/wikipedia/fr/4/4c/Logo_Genoa_CFC_-_2022.svg,,,,,non-libre (import local fr.wikipedia)
club,Gent,public/images/clubs/gent.png,https://upload.wikimedia.org/wikipedia/fr/0/01/Logo_KAA_Gent_2024.svg,,,,,non-libre (import local fr.wikipedia)
club,Girondins de Bordeaux,public/images/clubs/girondins-de-bordeaux.png,https://upload.wikimedia.org/wikipedia/fr/8/8f/Logo_FC_Girondins_Bordeaux_-_2021.svg,,,,,non-libre (import local fr.wikipedia)
club,Guarani,public/images/clubs/guarani.png,https://upload.wikimedia.org/wikipedia/fr/4/4c/Club_Guaran%C3%AD_%28logo%29.svg,,,,,non-libre (import local fr.wikipedia)
club,Guingamp,public/images/clubs/guingamp.png,https://upload.wikimedia.org/wikipedia/commons/6/61/Logo-eag-fonds-clairs-rvb-sans-fond-2019.svg,File:Logo-eag-fonds-clairs-rvb-sans-fond-2019.svg,CC BY-SA 4.0,Antoine.mindu,https://commons.wikimedia.org/wiki/File:Logo-eag-fonds-clairs-rvb-sans-fond-2019.svg,libre
club,Hajduk Split,public/images/clubs/hajduk-split.png,https://upload.wikimedia.org/wikipedia/commons/4/4a/HNK_Hajduk_Split_logo.svg,File:HNK_Hajduk_Split_logo.svg,,,,hors-commons
club,Hamburger SV,public/images/clubs/hamburger-sv.png,https://upload.wikimedia.org/wikipedia/fr/1/1a/Logo_Hambourg_SV.svg,,,,,non-libre (import local fr.wikipedia)
club,Hamilton Academical,public/images/clubs/hamilton-academical.png,https://upload.wikimedia.org/wikipedia/fr/3/39/Logo_Hamilton_Academical_FC.svg,,,,,non-libre (import local fr.wikipedia)
club,Hull City,public/images/clubs/hull-city.png,https://upload.wikimedia.org/wikipedia/fr/e/ed/Hull_City_AFC_logo.svg,,,,,non-libre (import local fr.wikipedia)
club,Independiente,public/images/clubs/independiente.png,https://upload.wikimedia.org/wikipedia/fr/0/03/Logo_CA_Independiente_1987.svg,,,,,non-libre (import local fr.wikipedia)
club,Indonesia (Persib Bandung),public/images/clubs/indonesia-persib-bandung.png,https://upload.wikimedia.org/wikipedia/fr/1/15/Persib_%28logo%29.svg,,,,,non-libre (import local fr.wikipedia)
club,Inter Milan,public/images/clubs/inter-milan.png,https://upload.wikimedia.org/wikipedia/commons/0/05/FC_Internazionale_Milano_2021.svg,File:FC_Internazionale_Milano_2021.svg,,,,hors-commons
club,Internacional,public/images/clubs/internacional.png,https://upload.wikimedia.org/wikipedia/fr/e/ec/Logo_SC_Internacional.svg,,,,,non-libre (import local fr.wikipedia)
club,Juventus,public/images/clubs/juventus.png,https://upload.wikimedia.org/wikipedia/fr/c/c5/Logo_Juventus_FC_2020.svg,,,,,non-libre (import local fr.wikipedia)
club,Kawasaki Frontale,public/images/clubs/kawasaki-frontale.png,https://upload.wikimedia.org/wikipedia/fr/4/43/Kawasaki_Frontale_%28logo%29.svg,,,,,non-libre (import local fr.wikipedia)
club,LOSC Lille,public/images/clubs/losc-lille.png,https://upload.wikimedia.org/wikipedia/fr/6/62/Logo_LOSC_Lille_2018.svg,,,,,non-libre (import local fr.wikipedia)
club,Lazio Rome,public/images/clubs/lazio-rome.png,https://upload.wikimedia.org/wikipedia/fr/b/b1/Logo_SS_Lazio.svg,,,,,non-libre (import local fr.wikipedia)
club,Le Havre,public/images/clubs/le-havre.png,https://upload.wikimedia.org/wikipedia/fr/e/e6/Logo_Havre_AC_2012.svg,,,,,non-libre (import local fr.wikipedia)
club,Le Havre AC,public/images/clubs/le-havre-ac.png,https://upload.wikimedia.org/wikipedia/fr/e/e6/Logo_Havre_AC_2012.svg,,,,,non-libre (import local fr.wikipedia)
club,Le Mans,public/images/clubs/le-mans.png,https://upload.wikimedia.org/wikipedia/fr/9/96/Logo_Le_Mans_FC_%282010%29.svg,,,,,non-libre (import local fr.wikipedia)
club,Le Puy,public/images/clubs/le-puy.png,https://upload.wikimedia.org/wikipedia/fr/7/77/Logo_Le_Puy_en_Velay_FC_-_2026.svg,,,,,non-libre (import local fr.wikipedia)
club,Lecce,public/images/clubs/lecce.png,https://upload.wikimedia.org/wikipedia/fr/f/fa/US_Lecce_2023.svg,,,,,non-libre (import local fr.wikipedia)
club,Leeds United,public/images/clubs/leeds-united.png,https://upload.wikimedia.org/wikipedia/fr/7/78/Logo_Leeds_United_FC.svg,,,,,non-libre (import local fr.wikipedia)
club,Leicester City,public/images/clubs/leicester-city.png,https://upload.wikimedia.org/wikipedia/fr/3/3c/Logo_Leicester_City_2021.svg,,,,,non-libre (import local fr.wikipedia)
club,Lens,public/images/clubs/lens.png,https://upload.wikimedia.org/wikipedia/fr/b/b4/Logo_RC_Lens_2024.svg,,,,,non-libre (import local fr.wikipedia)
club,Liberty Professionals,public/images/clubs/liberty-professionals.png,https://upload.wikimedia.org/wikipedia/fr/d/d0/Liberty_Professionals_%28logo%29.svg,,,,,non-libre (import local fr.wikipedia)
club,Libourne,public/images/clubs/libourne.png,https://upload.wikimedia.org/wikipedia/fr/c/ce/Libourne_FA.svg,,,,,non-libre (import local fr.wikipedia)
club,Lille,public/images/clubs/lille.png,https://upload.wikimedia.org/wikipedia/fr/6/62/Logo_LOSC_Lille_2018.svg,,,,,non-libre (import local fr.wikipedia)
club,Lille OSC,public/images/clubs/lille-osc.png,https://upload.wikimedia.org/wikipedia/fr/6/62/Logo_LOSC_Lille_2018.svg,,,,,non-libre (import local fr.wikipedia)
club,Liverpool,public/images/clubs/liverpool.png,https://upload.wikimedia.org/wikipedia/fr/e/ef/Logo_Liverpool_FC_2012.svg,,,,,non-libre (import local fr.wikipedia)
club,Lyon,public/images/clubs/lyon.png,https://upload.wikimedia.org/wikipedia/fr/a/a5/Logo_Olympique_Lyonnais_-_2022.svg,,,,,non-libre (import local fr.wikipedia)
club,Lyon-la-Duchère,public/images/clubs/lyon-la-duchere.png,https://upload.wikimedia.org/wikipedia/fr/2/2f/Logo_Lyon_La_Duch%C3%A8re_-_2021.svg,,,,,non-libre (import local fr.wikipedia)
club,Mainz 05,public/images/clubs/mainz-05.png,https://upload.wikimedia.org/wikipedia/fr/1/11/Logo_1._FSV_Mayence_05_2024.svg,,,,,non-libre (import local fr.wikipedia)
club,Mallorca,public/images/clubs/mallorca.png,https://upload.wikimedia.org/wikipedia/fr/a/af/Logo_RCD_Majorque.svg,,,,,non-libre (import local fr.wikipedia)
club,Manchester City,public/images/clubs/manchester-city.png,https://upload.wikimedia.org/wikipedia/fr/b/ba/Logo_Manchester_City_2016.svg,,,,,non-libre (import local fr.wikipedia)
club,Manchester United,public/images/clubs/manchester-united.png,https://upload.wikimedia.org/wikipedia/fr/5/5b/Logo_Manchester_United_FC.svg,,,,,non-libre (import local fr.wikipedia)
club,Marseille,public/images/clubs/marseille.png,https://upload.wikimedia.org/wikipedia/commons/4/4f/Olympique_de_Marseille_2026_logo.svg,File:Olympique_de_Marseille_2026_logo.svg,,,,hors-commons
club,Metz,public/images/clubs/metz.png,https://upload.wikimedia.org/wikipedia/commons/4/42/Logo_FC_METZ.png,File:Logo_FC_METZ.png,,,,hors-commons
club,Middlesbrough FC,public/images/clubs/middlesbrough-fc.png,https://upload.wikimedia.org/wikipedia/fr/c/cc/Logo_Middlesbrough_FC_2026.svg,,,,,non-libre (import local fr.wikipedia)
club,Molde,public/images/clubs/molde.png,https://upload.wikimedia.org/wikipedia/commons/5/57/Molde_Fotball_Logo.svg,File:Molde_Fotball_Logo.svg,,,,hors-commons
club,Monaco,public/images/clubs/monaco.png,https://upload.wikimedia.org/wikipedia/fr/1/1d/Logo_AS_Monaco_FC_2021.svg,,,,,non-libre (import local fr.wikipedia)
club,Monterrey,public/images/clubs/monterrey.png,https://upload.wikimedia.org/wikipedia/fr/a/a8/Club_de_F%C3%BAtbol_Monterrey.png,,,,,non-libre (import local fr.wikipedia)
club,Montpellier,public/images/clubs/montpellier.png,https://upload.wikimedia.org/wikipedia/fr/8/81/Logo_Montpellier_FC_2026.png,,,,,non-libre (import local fr.wikipedia)
club,Montpellier HSC,public/images/clubs/montpellier-hsc.png,https://upload.wikimedia.org/wikipedia/fr/8/81/Logo_Montpellier_FC_2026.png,,,,,non-libre (import local fr.wikipedia)
club,Málaga,public/images/clubs/malaga.png,https://upload.wikimedia.org/wikipedia/fr/9/93/Logo_M%C3%A1laga_CF.svg,,,,,non-libre (import local fr.wikipedia)
club,Nacional,public/images/clubs/nacional.png,https://upload.wikimedia.org/wikipedia/fr/2/28/Logo_Club_Nacional_de_Football_2019.svg,,,,,non-libre (import local fr.wikipedia)
club,Nantes,public/images/clubs/nantes.png,https://upload.wikimedia.org/wikipedia/commons/4/45/Logo_FC_Nantes_%28avec_fond%29_-_2019.svg,File:Logo_FC_Nantes_(avec_fond)_-_2019.svg,,,,hors-commons
club,Napoli,public/images/clubs/napoli.png,https://upload.wikimedia.org/wikipedia/fr/0/0c/Logo_SSC_Napoli_2024.svg,,,,,non-libre (import local fr.wikipedia)
club,Neom,public/images/clubs/neom.png,https://upload.wikimedia.org/wikipedia/fr/4/4a/Neom_SC_Logo.png,,,,,non-libre (import local fr.wikipedia)
club,New York Red Bulls,public/images/clubs/new-york-red-bulls.png,https://upload.wikimedia.org/wikipedia/fr/a/a4/New_York_Red_Bulls_%28logo%29.svg,,,,,non-libre (import local fr.wikipedia)
club,Newcastle United,public/images/clubs/newcastle-united.png,https://upload.wikimedia.org/wikipedia/fr/a/a4/Logo_Newcastle_United_FC.svg,,,,,non-libre (import local fr.wikipedia)
club,Newell's Old Boys,public/images/clubs/newell-s-old-boys.png,https://upload.wikimedia.org/wikipedia/fr/0/0f/Logo_Newell%27s_Old_Boys_2019.svg,,,,,non-libre (import local fr.wikipedia)
club,Nice,public/images/clubs/nice.png,https://upload.wikimedia.org/wikipedia/fr/7/70/Logo_OGC_Nice_-_2013.svg,,,,,non-libre (import local fr.wikipedia)
club,Nottingham Forest,public/images/clubs/nottingham-forest.png,https://upload.wikimedia.org/wikipedia/fr/3/37/Logo_Nottingham_Forest_FC.svg,,,,,non-libre (import local fr.wikipedia)
club,Novorizontino,public/images/clubs/novorizontino.png,https://upload.wikimedia.org/wikipedia/commons/1/1b/Gr%C3%AAmio_Novorizontino.svg,File:Grêmio_Novorizontino.svg,,,,hors-commons
club,Náutico,public/images/clubs/nautico.png,https://upload.wikimedia.org/wikipedia/fr/3/39/Clube_N%C3%A1utico_Capibaribe_%28logo%29.svg,,,,,non-libre (import local fr.wikipedia)
club,Olympiacos,public/images/clubs/olympiacos.png,https://upload.wikimedia.org/wikipedia/fr/b/ba/Olympiakos-Piraeus.png,,,,,non-libre (import local fr.wikipedia)
club,Olympique de Marseille,public/images/clubs/olympique-de-marseille.png,https://upload.wikimedia.org/wikipedia/commons/4/4f/Olympique_de_Marseille_2026_logo.svg,File:Olympique_de_Marseille_2026_logo.svg,,,,hors-commons
club,Olympique lyonnais,public/images/clubs/olympique-lyonnais.png,https://upload.wikimedia.org/wikipedia/fr/a/a5/Logo_Olympique_Lyonnais_-_2022.svg,,,,,non-libre (import local fr.wikipedia)
club,PAOK,public/images/clubs/paok.png,https://upload.wikimedia.org/wikipedia/fr/9/92/PAOK_FC_logo.svg,,,,,non-libre (import local fr.wikipedia)
club,PSV Eindhoven,public/images/clubs/psv-eindhoven.png,https://upload.wikimedia.org/wikipedia/fr/b/b0/Logo_PSV_Eindhoven_2024.svg,,,,,non-libre (import local fr.wikipedia)
club,Palermo,public/images/clubs/palermo.png,https://upload.wikimedia.org/wikipedia/fr/8/8f/Logo_Palermo_FC_-_2024.svg,,,,,non-libre (import local fr.wikipedia)
club,Palmeiras,public/images/clubs/palmeiras.png,https://upload.wikimedia.org/wikipedia/commons/6/60/SE_Palmeiras_2025_crest.png,File:SE_Palmeiras_2025_crest.png,,,,hors-commons
club,Panathinaikos,public/images/clubs/panathinaikos.png,https://upload.wikimedia.org/wikipedia/commons/f/f7/Panathinaikos.svg,File:Panathinaikos.svg,Public domain,Original: Unknown Vector: Lokomotive74,https://commons.wikimedia.org/wiki/File:Panathinaikos.svg,libre
club,Paris FC,public/images/clubs/paris-fc.png,https://upload.wikimedia.org/wikipedia/fr/e/ef/Logo_Paris_FC_2024.svg,,,,,non-libre (import local fr.wikipedia)
club,Paris Saint-Germain,public/images/clubs/paris-saint-germain.png,https://upload.wikimedia.org/wikipedia/fr/f/ff/Logo_Paris_Saint-Germain_2024.svg,,,,,non-libre (import local fr.wikipedia)
club,Persib Bandung,public/images/clubs/persib-bandung.png,https://upload.wikimedia.org/wikipedia/fr/1/15/Persib_%28logo%29.svg,,,,,non-libre (import local fr.wikipedia)
club,Perugia,public/images/clubs/perugia.png,https://upload.wikimedia.org/wikipedia/fr/0/09/AC_Perugia_%28logo%29.svg,,,,,non-libre (import local fr.wikipedia)
club,Porto,public/images/clubs/porto.png,https://upload.wikimedia.org/wikipedia/fr/8/89/Logo_FC_Porto.svg,,,,,non-libre (import local fr.wikipedia)
club,Portsmouth,public/images/clubs/portsmouth.png,https://upload.wikimedia.org/wikipedia/commons/c/cf/Coat_of_Arms_of_Portsmouth.svg,File:Coat_of_Arms_of_Portsmouth.svg,,,,hors-commons
club,RB Leipzig,public/images/clubs/rb-leipzig.png,https://upload.wikimedia.org/wikipedia/fr/9/94/Logo_RB_Leipzig_2020.svg,,,,,non-libre (import local fr.wikipedia)
club,RC Lens,public/images/clubs/rc-lens.png,https://upload.wikimedia.org/wikipedia/fr/b/b4/Logo_RC_Lens_2024.svg,,,,,non-libre (import local fr.wikipedia)
club,RC Paris,public/images/clubs/rc-paris.png,https://upload.wikimedia.org/wikipedia/commons/8/8e/Racing_Club_de_France-logo.svg,File:Racing_Club_de_France-logo.svg,,,,hors-commons
club,RC Pays de Grasse,public/images/clubs/rc-pays-de-grasse.png,https://upload.wikimedia.org/wikipedia/fr/f/f8/Logo_RC_Pays_Grasse_2022.svg,,,,,non-libre (import local fr.wikipedia)
club,RCD Espanyol,public/images/clubs/rcd-espanyol.png,https://upload.wikimedia.org/wikipedia/fr/6/62/Logo_RCD_Espanyol_Barcelona_2022.svg,,,,,non-libre (import local fr.wikipedia)
club,RWD Molenbeek,public/images/clubs/rwd-molenbeek.png,https://upload.wikimedia.org/wikipedia/fr/0/0b/Logo_RWDM_Brussels_2025.svg,,,,,non-libre (import local fr.wikipedia)
club,Racing Club,public/images/clubs/racing-club.png,https://upload.wikimedia.org/wikipedia/commons/8/8e/Racing_Club_de_France-logo.svg,File:Racing_Club_de_France-logo.svg,,,,hors-commons
club,Racing Santander,public/images/clubs/racing-santander.png,https://upload.wikimedia.org/wikipedia/fr/c/c9/Logo_Real_Racing_Club_%28Santander%29.svg,,,,,non-libre (import local fr.wikipedia)
club,Rangers,public/images/clubs/rangers.png,https://upload.wikimedia.org/wikipedia/fr/c/cc/Logo_Rangers_FC_2023.svg,,,,,non-libre (import local fr.wikipedia)
club,Real Betis,public/images/clubs/real-betis.png,https://upload.wikimedia.org/wikipedia/fr/e/e8/Logo_Real_Betis_Balompi%C3%A9_2022.svg,,,,,non-libre (import local fr.wikipedia)
club,Real Madrid,public/images/clubs/real-madrid.png,https://upload.wikimedia.org/wikipedia/fr/c/c7/Logo_Real_Madrid.svg,,,,,non-libre (import local fr.wikipedia)
club,Real Madrid Castilla,public/images/clubs/real-madrid-castilla.png,https://upload.wikimedia.org/wikipedia/fr/c/c7/Logo_Real_Madrid.svg,,,,,non-libre (import local fr.wikipedia)
club,Real Murcia,public/images/clubs/real-murcia.png,https://upload.wikimedia.org/wikipedia/fr/2/29/Logo_Real_Murcia_CF_2023.svg,,,,,non-libre (import local fr.wikipedia)
club,Real Sociedad,public/images/clubs/real-sociedad.png,https://upload.wikimedia.org/wikipedia/fr/2/26/Logo_Real_Sociedad_2017.svg,,,,,non-libre (import local fr.wikipedia)
club,Real Valladolid,public/images/clubs/real-valladolid.png,https://upload.wikimedia.org/wikipedia/fr/9/9a/Logo_Real_Valladolid_CF_2024.svg,,,,,non-libre (import local fr.wikipedia)
club,Red Bull Salzburg,public/images/clubs/red-bull-salzburg.png,https://upload.wikimedia.org/wikipedia/fr/4/4c/Logo_FC_Red_Bull_Salzburg_2026.svg,,,,,non-libre (import local fr.wikipedia)
club,Rennes,public/images/clubs/rennes.png,https://upload.wikimedia.org/wikipedia/fr/e/e9/Logo_Stade_Rennais_FC.svg,,,,,non-libre (import local fr.wikipedia)
club,Rio Ave,public/images/clubs/rio-ave.png,https://upload.wikimedia.org/wikipedia/fr/6/63/Rio_Ave_FC.svg,,,,,non-libre (import local fr.wikipedia)
club,River Plate,public/images/clubs/river-plate.png,https://upload.wikimedia.org/wikipedia/commons/a/a1/Escudo_River_Plate_Football_Club_Uru.png,File:Escudo_River_Plate_Football_Club_Uru.png,,,,hors-commons
club,Roma,public/images/clubs/roma.png,https://upload.wikimedia.org/wikipedia/fr/2/23/Atletico_Roma_%28logo%29.svg,,,,,non-libre (import local fr.wikipedia)
club,Rosenborg,public/images/clubs/rosenborg.png,https://upload.wikimedia.org/wikipedia/commons/f/f5/Rosenborg_Trondheim_logo.svg,File:Rosenborg_Trondheim_logo.svg,,,,hors-commons
club,Rubin Kazan,public/images/clubs/rubin-kazan.png,https://upload.wikimedia.org/wikipedia/fr/5/58/FC_Rubin_Kazan_%28logo%29.svg,,,,,non-libre (import local fr.wikipedia)
club,SC Braga,public/images/clubs/sc-braga.png,https://upload.wikimedia.org/wikipedia/fr/5/53/Logo_SC_Braga_2018.svg,,,,,non-libre (import local fr.wikipedia)
club,SL Benfica B,public/images/clubs/sl-benfica-b.png,https://upload.wikimedia.org/wikipedia/fr/3/3f/Logo_SL_Benfica_%283_Stars%29.svg,,,,,non-libre (import local fr.wikipedia)
club,SM Caen,public/images/clubs/sm-caen.png,https://upload.wikimedia.org/wikipedia/fr/7/79/Logo_SM_Caen_2016.svg,,,,,non-libre (import local fr.wikipedia)
club,SSC Naples,public/images/clubs/ssc-naples.png,https://upload.wikimedia.org/wikipedia/fr/0/0c/Logo_SSC_Napoli_2024.svg,,,,,non-libre (import local fr.wikipedia)
club,Saint-Étienne,public/images/clubs/saint-etienne.png,https://upload.wikimedia.org/wikipedia/fr/3/3e/AS_Saint-Etienne-logo_2022.svg,,,,,non-libre (import local fr.wikipedia)
club,Salernitana,public/images/clubs/salernitana.png,https://upload.wikimedia.org/wikipedia/fr/a/a4/Unione_Sportiva_Salernitana_1919_%28logo%29.svg,,,,,non-libre (import local fr.wikipedia)
club,Sampdoria,public/images/clubs/sampdoria.png,https://upload.wikimedia.org/wikipedia/fr/e/e3/Logo_UC_Sampdoria_1997.svg,,,,,non-libre (import local fr.wikipedia)
club,Schalke 04,public/images/clubs/schalke-04.png,https://upload.wikimedia.org/wikipedia/commons/6/6d/FC_Schalke_04_Logo.svg,File:FC_Schalke_04_Logo.svg,,,,hors-commons
club,Sedan,public/images/clubs/sedan.png,https://upload.wikimedia.org/wikipedia/fr/3/3c/Logo_CS_Sedan_Ardennes_-_2022.svg,,,,,non-libre (import local fr.wikipedia)
club,Seraing,public/images/clubs/seraing.png,https://upload.wikimedia.org/wikipedia/fr/2/2f/Logo_RFC_Seraing_2015.svg,,,,,non-libre (import local fr.wikipedia)
club,Sevilla,public/images/clubs/sevilla.png,https://upload.wikimedia.org/wikipedia/fr/4/4c/Logo_Sevilla_Atl%C3%A9tico_Club.svg,,,,,non-libre (import local fr.wikipedia)
club,Shakhtar Donetsk,public/images/clubs/shakhtar-donetsk.png,https://upload.wikimedia.org/wikipedia/fr/6/63/Logo_Chakhtar_Donetsk.svg,,,,,non-libre (import local fr.wikipedia)
club,Sharjah,public/images/clubs/sharjah.png,https://upload.wikimedia.org/wikipedia/en/8/8a/Sharjah_FC_New_Logo.svg,,,,,non-libre (import local en.wikipedia)
club,Sion,public/images/clubs/sion.png,https://upload.wikimedia.org/wikipedia/fr/a/a0/Logo_FC_Sion_2022.svg,,,,,non-libre (import local fr.wikipedia)
club,Slovan Bratislava,public/images/clubs/slovan-bratislava.png,https://upload.wikimedia.org/wikipedia/commons/0/01/SK_Slovan_Bratislava_logo.svg,File:SK_Slovan_Bratislava_logo.svg,,,,hors-commons
club,Sochaux,public/images/clubs/sochaux.png,https://upload.wikimedia.org/wikipedia/fr/5/5a/Logo_FC_Sochaux_Montb%C3%A9liard_2015.svg,,,,,non-libre (import local fr.wikipedia)
club,Southampton,public/images/clubs/southampton.png,https://upload.wikimedia.org/wikipedia/fr/9/91/Logo_Southampton_FC_2011.svg,,,,,non-libre (import local fr.wikipedia)
club,Sparta Prague,public/images/clubs/sparta-prague.png,https://upload.wikimedia.org/wikipedia/commons/d/dd/AC-Sparta-LOGO2021.svg,File:AC-Sparta-LOGO2021.svg,Public domain,AC Sparta Praha,https://commons.wikimedia.org/wiki/File:AC-Sparta-LOGO2021.svg,libre
club,Spartak Moscow,public/images/clubs/spartak-moscow.png,https://upload.wikimedia.org/wikipedia/fr/2/27/Logo_Spartak_Moscou_2013.svg,,,,,non-libre (import local fr.wikipedia)
club,Sport Recife,public/images/clubs/sport-recife.png,https://upload.wikimedia.org/wikipedia/fr/b/b4/Logo_Sport_Recife.svg,,,,,non-libre (import local fr.wikipedia)
club,Sporting CP,public/images/clubs/sporting-cp.png,https://upload.wikimedia.org/wikipedia/fr/2/22/Logo_Sporting_CP_2026.svg,,,,,non-libre (import local fr.wikipedia)
club,Stade de Reims,public/images/clubs/stade-de-reims.png,https://upload.wikimedia.org/wikipedia/fr/a/ad/Logo_Stade_de_Reims_2020_%28Alternatif%29.svg,,,,,non-libre (import local fr.wikipedia)
club,Stade rennais,public/images/clubs/stade-rennais.png,https://upload.wikimedia.org/wikipedia/fr/e/e9/Logo_Stade_Rennais_FC.svg,,,,,non-libre (import local fr.wikipedia)
club,Standard Liège,public/images/clubs/standard-liege.png,https://upload.wikimedia.org/wikipedia/fr/3/33/Logo_Standard_de_Li%C3%A8ge_2019.svg,,,,,non-libre (import local fr.wikipedia)
club,Steaua București,public/images/clubs/steaua-bucuresti.png,https://upload.wikimedia.org/wikipedia/commons/7/78/Fcsb-logo.svg,File:Fcsb-logo.svg,Public domain,FCSB,https://commons.wikimedia.org/wiki/File:Fcsb-logo.svg,libre
club,Stoke City,public/images/clubs/stoke-city.png,https://upload.wikimedia.org/wikipedia/fr/5/59/Logo_Stoke_City_FC_-_2026.svg,,,,,non-libre (import local fr.wikipedia)
club,Strasbourg,public/images/clubs/strasbourg.png,https://upload.wikimedia.org/wikipedia/fr/7/70/Racing_Club_de_Strasbourg_Alsace_%28RC_Strasbourg_-_RCS_-_RCSA%29_logo_officiel.svg,,,,,non-libre (import local fr.wikipedia)
club,Sunderland,public/images/clubs/sunderland.png,https://upload.wikimedia.org/wikipedia/fr/b/b5/Logo_Sunderland_AFC_1997.svg,,,,,non-libre (import local fr.wikipedia)
club,Sunderland FC,public/images/clubs/sunderland-fc.png,https://upload.wikimedia.org/wikipedia/fr/b/b5/Logo_Sunderland_AFC_1997.svg,,,,,non-libre (import local fr.wikipedia)
club,Swansea City,public/images/clubs/swansea-city.png,https://upload.wikimedia.org/wikipedia/fr/2/24/Logo_Swansea_City_AFC_-_1998.svg,,,,,non-libre (import local fr.wikipedia)
club,São Caetano,public/images/clubs/sao-caetano.png,https://upload.wikimedia.org/wikipedia/fr/2/21/S%C3%A3o_Caetano_%28logo%29.svg,,,,,non-libre (import local fr.wikipedia)
club,São Paulo,public/images/clubs/sao-paulo.png,https://upload.wikimedia.org/wikipedia/commons/f/f4/S%C3%A3o_Paulo_Futebol_Clube_logo_%282022%29.svg,File:São_Paulo_Futebol_Clube_logo_(2022).svg,,,,hors-commons
club,Terek Grozny,public/images/clubs/terek-grozny.png,https://upload.wikimedia.org/wikipedia/fr/d/db/Akhmat_Grozny_Logo.svg,,,,,non-libre (import local fr.wikipedia)
club,Torino,public/images/clubs/torino.png,https://upload.wikimedia.org/wikipedia/fr/a/a0/Logo_Torino_FC_2024.svg,,,,,non-libre (import local fr.wikipedia)
club,Tottenham Hotspur,public/images/clubs/tottenham-hotspur.png,https://upload.wikimedia.org/wikipedia/fr/7/7b/Logo_Tottenham_Hotspur_Football_Club_2024.svg,,,,,non-libre (import local fr.wikipedia)
club,Toulouse,public/images/clubs/toulouse.png,https://upload.wikimedia.org/wikipedia/fr/5/58/Toulouse_FC_logo_2021.svg,,,,,non-libre (import local fr.wikipedia)
club,Toulouse FC,public/images/clubs/toulouse-fc.png,https://upload.wikimedia.org/wikipedia/fr/5/58/Toulouse_FC_logo_2021.svg,,,,,non-libre (import local fr.wikipedia)
club,Trabzonspor,public/images/clubs/trabzonspor.png,https://upload.wikimedia.org/wikipedia/fr/0/0a/Logo_Trabzonspor_2022.svg,,,,,non-libre (import local fr.wikipedia)
club,Troyes,public/images/clubs/troyes.png,https://upload.wikimedia.org/wikipedia/commons/a/a9/ESTAC_Troyes_Logo.svg,File:ESTAC_Troyes_Logo.svg,,,,hors-commons
club,UC Sampdoria,public/images/clubs/uc-sampdoria.png,https://upload.wikimedia.org/wikipedia/fr/e/e3/Logo_UC_Sampdoria_1997.svg,,,,,non-libre (import local fr.wikipedia)
club,US Quevilly-Rouen,public/images/clubs/us-quevilly-rouen.png,https://upload.wikimedia.org/wikipedia/fr/c/c3/Logo_US_Quevilly_Rouen_2018.svg,,,,,non-libre (import local fr.wikipedia)
club,Universitatea Cluj,public/images/clubs/universitatea-cluj.png,https://upload.wikimedia.org/wikipedia/fr/a/aa/Universitatea_Cluj_%28logo%29.svg,,,,,non-libre (import local fr.wikipedia)
club,Valence CF,public/images/clubs/valence-cf.png,https://upload.wikimedia.org/wikipedia/fr/1/19/Logo_Valencia_CF_2019.svg,,,,,non-libre (import local fr.wikipedia)
club,Valencia,public/images/clubs/valencia.png,https://upload.wikimedia.org/wikipedia/fr/b/ba/Club_Valencia-logo.jpg?utm_source=fr.wikipedia.org&utm_campaign=parser&utm_content=thumbnail_unscaled,,,,,non-libre (import local fr.wikipedia)
club,Valenciennes,public/images/clubs/valenciennes.png,https://upload.wikimedia.org/wikipedia/fr/a/ac/Logo_Valenciennes_FC.svg,,,,,non-libre (import local fr.wikipedia)
club,Valenciennes FC,public/images/clubs/valenciennes-fc.png,https://upload.wikimedia.org/wikipedia/fr/a/ac/Logo_Valenciennes_FC.svg,,,,,non-libre (import local fr.wikipedia)
club,Vasco da Gama,public/images/clubs/vasco-da-gama.png,https://upload.wikimedia.org/wikipedia/fr/f/f5/Logo_Vasco_da_Gama_2024.svg,,,,,non-libre (import local fr.wikipedia)
club,Venezia,public/images/clubs/venezia.png,https://upload.wikimedia.org/wikipedia/fr/c/c0/Logo_Venezia_FC_2026.svg,,,,,non-libre (import local fr.wikipedia)
club,VfB Stuttgart,public/images/clubs/vfb-stuttgart.png,https://upload.wikimedia.org/wikipedia/commons/e/eb/VfB_Stuttgart_1893_Logo.svg,File:VfB_Stuttgart_1893_Logo.svg,,,,hors-commons
club,Viktoria Plzeň,public/images/clubs/viktoria-plzen.png,https://upload.wikimedia.org/wikipedia/fr/1/1c/FCVP_official_logo.svg,,,,,non-libre (import local fr.wikipedia)
club,Villarreal,public/images/clubs/villarreal.png,https://upload.wikimedia.org/wikipedia/fr/5/5d/Logo_Villarreal_CF_2009.svg,,,,,non-libre (import local fr.wikipedia)
club,Vitesse,public/images/clubs/vitesse.png,https://upload.wikimedia.org/wikipedia/fr/9/98/Logo_Vitesse_2023.svg,,,,,non-libre (import local fr.wikipedia)
club,Vålerenga,public/images/clubs/valerenga.png,https://upload.wikimedia.org/wikipedia/commons/7/7d/V%C3%A5lerenga_Oslo_logo.svg,File:Vålerenga_Oslo_logo.svg,,,,hors-commons
club,Vélez Sarsfield,public/images/clubs/velez-sarsfield.png,https://upload.wikimedia.org/wikipedia/fr/4/47/Logo_V%C3%A9lez_Sarsfield.svg,,,,,non-libre (import local fr.wikipedia)
club,West Bromwich Albion,public/images/clubs/west-bromwich-albion.png,https://upload.wikimedia.org/wikipedia/fr/e/e5/Logo_West_Bromwich_Albion.svg,,,,,non-libre (import local fr.wikipedia)
club,West Ham United,public/images/clubs/west-ham-united.png,https://upload.wikimedia.org/wikipedia/fr/6/66/Logo_West_Ham_United_2016.svg,,,,,non-libre (import local fr.wikipedia)
club,Widzew Łódź,public/images/clubs/widzew-odz.png,https://upload.wikimedia.org/wikipedia/fr/d/d1/Widzew_Lodz_%28logo%29.svg,,,,,non-libre (import local fr.wikipedia)
club,Wolverhampton Wanderers,public/images/clubs/wolverhampton-wanderers.png,https://upload.wikimedia.org/wikipedia/fr/f/fc/Wolverhampton_Wanderers.svg,,,,,non-libre (import local fr.wikipedia)
club,Young Africans,public/images/clubs/young-africans.png,https://upload.wikimedia.org/wikipedia/fr/a/ab/Logo_Young_Africans_SC.png,,,,,non-libre (import local fr.wikipedia)
club,Zenit Saint Petersburg,public/images/clubs/zenit-saint-petersburg.png,https://upload.wikimedia.org/wikipedia/fr/4/45/Logo_Z%C3%A9nith_Saint-P%C3%A9tersbourg_2023.svg,,,,,non-libre (import local fr.wikipedia)
club,É.S. Sahel,public/images/clubs/e-s-sahel.png,https://upload.wikimedia.org/wikipedia/commons/2/2b/Logo_historique_de_l%27Etoile_Sportive_du_Sahel_-_1925.jpg,File:Logo_historique_de_l'Etoile_Sportive_du_Sahel_-_1925.jpg,,,,hors-commons
club,Évian,public/images/clubs/evian.png,https://upload.wikimedia.org/wikipedia/fr/6/64/Logo_Thonon_%C3%89vian_Grand_Gen%C3%A8ve_FC_2020.svg,,,,,non-libre (import local fr.wikipedia)
club,İstanbul Başakşehir,public/images/clubs/istanbul-basaksehir.png,https://upload.wikimedia.org/wikipedia/fr/8/87/Logo_%C4%B0stanbul_Ba%C5%9Fak%C5%9Fehir_FK.svg,,,,,non-libre (import local fr.wikipedia)
club,Lyon,public/images/clubs/lyon.png,https://upload.wikimedia.org/wikipedia/fr/a/a5/Logo_Olympique_Lyonnais_-_2022.svg,,,,,non-libre (import local fr.wikipedia)
club,SC Bastia,public/images/clubs/sc-bastia.png,https://upload.wikimedia.org/wikipedia/fr/e/e0/Logo_Sporting_Club_Bastia_2024.svg,,,,,non-libre (import local fr.wikipedia)
club,EA Guingamp,public/images/clubs/ea-guingamp.png,https://upload.wikimedia.org/wikipedia/commons/6/61/Logo-eag-fonds-clairs-rvb-sans-fond-2019.svg,File:Logo-eag-fonds-clairs-rvb-sans-fond-2019.svg,CC BY-SA 4.0,Antoine.mindu,https://commons.wikimedia.org/wiki/File:Logo-eag-fonds-clairs-rvb-sans-fond-2019.svg,libre
club,AS Nancy,public/images/clubs/as-nancy.png,https://upload.wikimedia.org/wikipedia/fr/f/fd/Logo_AS_Nancy_Lorraine_2018.svg,,,,,non-libre (import local fr.wikipedia)
club,Le Mans UC 72,public/images/clubs/le-mans-uc-72.png,https://upload.wikimedia.org/wikipedia/fr/9/96/Logo_Le_Mans_FC_%282010%29.svg,,,,,non-libre (import local fr.wikipedia)
club,Amiens SC,public/images/clubs/amiens-sc.png,https://upload.wikimedia.org/wikipedia/fr/b/bf/Logo_Amiens_SC_-_2022.svg,,,,,non-libre (import local fr.wikipedia)
club,FC Évian,public/images/clubs/fc-evian.png,https://upload.wikimedia.org/wikipedia/fr/6/64/Logo_Thonon_%C3%89vian_Grand_Gen%C3%A8ve_FC_2020.svg,,,,,non-libre (import local fr.wikipedia)
club,Grenoble,public/images/clubs/grenoble.png,https://upload.wikimedia.org/wikipedia/fr/c/c3/Logo_Grenoble_Foot_38_-_2018.svg,,,,,non-libre (import local fr.wikipedia)
